Snipaste_2022-08-19_18-00-29.png,337.70474,196.13832,1.0533417,342.96783,193.17432,24.46903,346.51703,193.71313,24.494974,350.0581,194.42862,24.447107,333.6697,193.96036,25.57311,330.82367,194.82132,25.605022,327.88577,195.88278,25.532564,357.97958,204.82062,124.87226,321.69937,209.35542,129.3113,346.34958,206.34798,36.554466,335.17517,206.49704,37.450626,400.04007,269.15115,151.19351,295.80945,272.91376,145.75647,459.53845,320.02158,26.126728,243.00089,326.7528,10.687042,433.2451,248.56564,-113.61397,271.80957,249.37744,-146.01553,429.43866,231.47194,-139.11691,274.31372,235.43231,-181.24039,422.08112,228.61234,-119.56714,282.19293,234.49771,-152.7205,420.21588,236.33275,-108.8337,284.75705,240.02162,-139.25502,389.6095,435.05487,-6.470873,321.65775,435.47473,6.285838,383.7184,582.67755,-73.594246,319.54434,577.6844,-69.37161,385.67746,755.7679,-84.16401,319.08008,740.4082,-63.65727,378.14606,771.81085,-92.8442,329.45566,758.6471,-69.35611,383.32416,809.21344,-242.39395,312.7667,791.2782,-200.46193
Snipaste_2022-08-19_18-00-46.png,350.67056,283.58032,-148.01744,355.96045,276.6117,-128.41257,359.61377,276.91452,-128.38052,363.3405,277.4146,-128.42102,346.48752,276.85812,-125.1638,343.75293,277.2778,-125.15184,340.62653,277.89212,-125.13095,369.97107,285.4299,-14.43617,333.80878,286.52942,-0.9187156,360.4686,295.33133,-105.60354,347.11716,295.03467,-102.15901,405.9011,348.96826,35.570095,306.75906,343.6786,41.447536,471.19873,386.29114,-107.897255,242.74867,374.91776,-128.12717,442.67413,312.3825,-269.02438,280.38583,307.61078,-334.39633,438.82437,297.34744,-305.53702,283.86157,294.32864,-382.22037,432.06714,295.41547,-284.5753,291.07013,294.4436,-354.4333,430.16602,301.7424,-264.43497,293.23874,301.32437,-330.10837,387.25677,528.51764,-7.709451,320.45987,528.30194,7.4412055,375.7358,672.3006,-48.232994,321.6602,670.1441,-32.215595,370.2184,809.30786,98.55623,318.14334,799.578,106.04184,364.28754,821.0687,106.10247,325.22272,815.52264,113.4097,371.26376,862.1141,-34.423565,308.08197,845.8888,-19.051113
Snipaste_2022-08-19_18-00-57.png,342.9933,309.01443,-87.84741,347.65387,307.12634,-69.529144,351.01633,307.55615,-69.51972,354.75848,308.07773,-69.57081,339.3732,307.6981,-65.63212,336.8789,308.47583,-65.624054,334.41055,309.4099,-65.672806,362.40656,318.76248,27.4877,326.58765,322.32016,44.5175,349.9533,317.69452,-52.047333,340.10132,318.0096,-47.23619,400.0006,383.6495,63.99011,294.0263,379.97403,67.59264,451.04147,439.10568,-65.84071,243.33176,434.12756,-87.22007,426.61285,363.5774,-221.72162,271.3945,361.5415,-294.31647,422.91028,341.80032,-253.08365,271.2371,343.92896,-336.7649,417.35052,338.1398,-237.07085,278.5089,340.88058,-318.24405,414.83057,345.51004,-218.97685,281.94418,346.43295,-292.23883,375.52185,568.3872,-8.334762,307.07513,564.59094,8.090367,349.30133,714.7004,-62.63627,298.34628,707.6161,-41.155674,331.52948,859.0658,65.15437,283.44806,838.5358,97.36036,324.377,871.054,70.614395,290.16327,850.5382,105.72025,319.68417,915.4834,-62.84305,275.12344,894.364,-11.250587
Snipaste_2022-08-19_18-01-20.png,341.6625,298.04135,-126.73421,347.50864,291.06186,-112.194,351.20236,291.21124,-112.18871,355.03998,291.64276,-112.21832,339.22565,291.68765,-104.69153,337.2695,292.05075,-104.697365,335.37946,292.6131,-104.67902,362.79984,297.0816,-29.405773,334.62936,298.6862,5.4227357,350.0251,306.41498,-96.52116,338.2996,306.896,-86.743195,390.7439,341.00958,3.810979,317.24048,344.3664,50.95294,437.59668,370.39288,-116.638725,290.61295,388.04654,-56.476128,412.2268,326.48074,-246.35324,306.1876,334.3952,-224.80229,404.83215,315.48822,-278.172,309.2815,320.76767,-263.09656,400.2385,314.31314,-263.19205,312.37112,318.80093,-248.51831,400.1899,317.57492,-243.28975,313.52332,323.37833,-224.58784,378.01663,465.76746,-22.66443,333.19644,463.6634,22.60896,368.16013,561.1652,-47.61961,322.87585,557.4105,-0.14236495,354.55878,647.0888,99.1922,324.2654,644.4164,133.32654,352.1992,658.41003,108.22962,330.48013,655.04065,141.32454,351.2448,679.502,6.945192,306.8126,669.1344,42.580112
Snipaste_2022-08-19_18-01-36.png,353.38568,294.43735,-48.494843,357.86264,291.68466,-24.801373,360.60742,292.77936,-24.851694,363.4877,293.954,-24.903471,349.38977,290.76157,-25.30589,346.0047,291.27066,-25.282972,342.76395,292.074,-25.308256,366.3826,303.4264,77.119934,335.20874,302.0273,70.16461,358.51672,305.55716,-13.238515,346.40503,304.1341,-15.5630455,388.49786,365.21262,111.44946,305.35684,360.18246,100.51241,426.67328,418.31924,-8.586329,255.96207,412.21304,-17.233536,426.8689,355.75055,-160.26651,269.5896,348.27432,-187.57333,428.46436,341.84854,-184.51184,275.52725,334.41763,-218.52019,424.45255,338.3063,-171.092,280.11807,331.9498,-200.15689,421.78867,342.84393,-158.3116,280.82214,335.8364,-184.49234,372.08603,492.7165,8.51283,318.71652,492.40674,-8.628933,377.75906,580.79834,-238.47327,317.51343,581.5424,-220.23805,392.6165,699.48505,-339.33313,322.92667,707.464,-263.57028,390.78162,725.3791,-354.4427,335.40268,732.54596,-273.78528,420.16898,694.31866,-481.0841,304.70557,700.6471,-396.6052
Snipaste_2022-08-19_18-01-45.png,301.00546,273.88403,-79.22676,304.4066,266.98325,-60.36529,307.18744,267.5591,-60.396496,310.23727,268.3115,-60.47875,295.30807,266.20673,-61.64641,291.1068,266.3056,-61.598473,287.49512,266.5491,-61.580967,313.53033,275.41006,28.112122,280.23468,272.88336,19.725985,306.18436,284.79315,-47.97758,294.17688,283.59332,-50.43779,337.75076,330.3703,64.527054,252.00995,327.6702,48.46882,382.21347,379.3136,-3.262606,198.528,375.0235,-26.862055,387.1911,324.95712,-116.85834,216.18039,311.97122,-135.68939,390.71896,314.08942,-144.1072,217.24236,301.19238,-163.96167,385.61176,309.04227,-134.71812,223.28273,298.80722,-151.3925,382.55685,313.2274,-117.69046,224.87714,302.7358,-134.68567,313.61252,474.36502,-1.224419,265.41693,477.26364,1.2250742,320.62686,584.45245,-29.50756,265.56067,585.1809,-24.641054,320.8801,698.7216,12.351325,274.08057,698.83,15.618082,310.96213,715.64606,11.018055,282.10364,714.8316,15.154011,338.1699,726.5491,-79.50002,259.5939,728.10736,-72.6475
Snipaste_2022-08-19_18-01-51.png,144.4599,139.6462,-78.71638,149.99791,134.5359,-64.89694,153.34181,135.35223,-64.97246,156.4102,136.27657,-65.04777,140.43576,133.7474,-64.05449,137.58752,134.06114,-64.07335,134.72043,134.50394,-64.14585,159.86536,143.9802,6.7393155,128.00578,141.68074,8.776757,150.13707,150.65408,-54.036636,137.59308,148.6688,-53.52213,182.06242,209.61632,36.138264,96.185295,202.42139,38.576534,211.05498,274.82553,-45.485367,56.15395,260.23685,-36.393044,226.35103,213.21877,-165.74165,62.634296,200.58911,-166.50304,230.74628,200.97601,-183.92007,60.337498,185.72101,-192.05096,226.53513,194.44412,-179.0702,66.408875,180.8183,-181.12454,223.14238,198.26295,-166.57811,69.491974,185.72087,-166.22635,157.72412,338.61633,2.737911,105.207214,337.6429,-2.770818,155.39114,423.39072,-91.42747,100.20552,423.40015,-118.481636,159.76062,544.20984,-137.79707,96.350075,538.41754,-157.52148,152.95859,561.00336,-146.3207,105.517624,566.7597,-164.56758,173.9902,569.2162,-233.55751,77.51033,532.426,-252.00635
Snipaste_2022-08-19_18-01-57.png,194.45567,152.59775,-51.086224,199.72598,148.76862,-33.771286,203.03633,149.7631,-33.893925,206.79396,151.22162,-33.983932,192.24014,148.90378,-30.155186,190.09647,149.70256,-30.16426,188.19292,150.66017,-30.222914,211.88666,160.843,48.04668,183.53232,158.82108,61.76277,199.37437,161.49721,-22.505531,189.51193,160.91258,-18.740093,233.07167,213.7919,74.208275,151.22246,209.50415,92.04683,267.87762,273.23874,-40.770237,114.37927,268.71832,-7.051777,279.52014,203.07428,-161.39682,115.439255,202.29721,-169.82167,283.53305,186.2718,-175.62514,114.22261,182.36943,-197.90047,280.31165,180.95312,-166.31055,118.36959,178.6191,-185.7697,276.93536,184.89763,-159.72443,120.98484,183.53731,-169.6078,210.3367,339.0362,-1.2829089,156.99304,336.2001,1.2738703,212.61688,404.15063,-252.45564,162.70271,396.56003,-294.29932,221.1912,513.1605,-468.75385,177.82587,497.6262,-478.83002,213.9607,547.05035,-495.31302,195.7952,518.1993,-500.39404,234.15346,504.47598,-593.0125,183.81451,493.62027,-586.23535
Snipaste_2022-08-19_18-02-05.png,225.10126,251.20534,-49.96737,231.15762,247.8891,-36.699448,234.78877,248.7109,-36.747234,238.36406,249.83026,-36.82605,221.8951,248.11174,-34.34472,218.93582,248.97467,-34.329548,215.92758,250.16043,-34.359165,244.49309,259.91614,36.273567,210.43814,262.15634,46.933098,233.14839,261.30298,-22.695795,218.64877,261.63132,-19.754642,273.37228,319.8055,67.56146,186.28317,315.80722,73.19959,295.3432,380.85855,-15.629217,154.06326,377.80334,0.7021623,310.51163,314.98355,-143.39494,151.91905,309.58893,-139.72548,314.96848,299.50412,-166.97115,150.50357,297.13577,-169.63828,312.91824,295.9039,-164.3825,152.88655,291.73563,-164.93689,310.5778,300.16843,-146.02692,155.3518,295.5132,-142.76814,252.81905,457.65,-2.2564692,198.23238,454.75424,2.178433,255.61913,572.19147,-29.7243,189.57004,570.41565,-52.6887,256.95633,681.67847,31.329039,190.0284,687.75366,6.0835323,248.16632,696.8918,32.458164,194.0503,698.6279,7.861172,259.86395,722.6159,-66.12377,191.5499,733.72626,-87.74808
Snipaste_2022-08-19_18-02-10.png,193.13478,171.04048,-40.1717,198.30136,169.32533,-22.900429,201.95013,170.11343,-22.937433,205.50194,171.13416,-23.007614,189.04305,169.29198,-21.630781,185.97743,169.92662,-21.638042,183.03915,170.69539,-21.671717,211.28026,179.94331,54.952377,179.15582,180.38354,60.245255,201.9984,181.24565,-13.009293,187.02983,180.10782,-11.625594,241.44342,240.40402,85.02587,153.94081,235.87653,79.07024,274.91608,296.33847,-3.447153,111.57501,286.96423,1.2308042,277.7429,236.90079,-128.94058,115.954056,226.55884,-117.1318,277.6142,223.82565,-153.86789,120.04439,215.59653,-146.64911,274.63766,218.4649,-147.16225,124.11714,212.00496,-135.78487,271.95844,224.26897,-130.0207,125.274704,216.19228,-117.43114,221.24278,376.45157,-0.24481815,167.5696,373.37006,0.147278,218.79106,488.44815,-14.098779,157.31891,486.03204,-40.576305,221.70552,602.96826,28.536081,152.45804,606.85376,-0.42037117,212.83073,620.3255,27.161062,158.04614,620.958,-1.6222416,227.4449,639.5817,-74.398346,148.4689,648.71423,-104.18758
Snipaste_2022-08-19_18-02-21.png,162.25854,253.81955,-16.970613,167.36748,251.24507,1.1037912,170.45105,251.96028,1.0459291,173.54962,252.91693,0.9685349,158.61845,251.324,-2.2339606,155.98218,251.78622,-2.212678,153.84697,252.20354,-2.2395928,179.128,261.39862,80.46784,148.8245,261.61536,64.01055,170.51744,263.73016,11.242067,157.67459,263.28378,6.456743,207.3827,319.10156,107.32247,123.31838,322.15936,77.61,236.44583,377.31577,29.100931,95.81031,377.05197,5.655319,249.64297,321.14136,-105.08519,96.83845,315.5512,-121.52412,253.5996,309.4436,-130.3895,94.38454,304.37393,-148.32875,250.1808,303.61285,-127.78557,97.435036,300.37427,-146.10979,248.0381,307.37946,-108.00149,100.010414,304.66882,-124.34584,192.99104,450.41803,2.0071476,142.25589,450.40668,-2.0175226,198.04071,562.4665,-30.621204,138.6041,562.4308,-54.690876,203.29486,683.01196,-22.810638,134.72899,689.8395,-42.671486,195.95,701.13586,-27.2992,140.5187,702.36035,-45.731308,198.53197,719.12836,-125.27797,134.58318,737.06836,-143.0107
Snipaste_2022-08-19_18-02-26.png,153.80339,180.6626,-17.62792,161.37817,176.16693,-2.3577597,164.97437,176.97522,-2.4104328,168.4749,178.05392,-2.4821286,151.82805,176.31998,-1.5985302,149.1398,176.91385,-1.5897217,146.67691,177.60257,-1.6119508,175.14328,185.80983,71.04435,145.19347,187.15263,74.01104,162.37617,189.79848,8.713493,148.36607,189.81346,9.598216,205.94579,242.34315,93.22411,121.82629,247.43672,91.3845,232.8298,302.22363,19.032135,96.57352,301.5711,16.902449,247.7782,251.8439,-106.5057,91.07603,249.02144,-117.307014,251.75722,240.33646,-133.19391,87.38204,237.68716,-148.31763,249.49002,235.16983,-136.72041,91.17137,232.42143,-146.63316,247.2638,238.2616,-111.91957,95.06927,236.39838,-121.49488,199.10164,379.32047,-1.7467355,146.4112,381.94568,1.7609503,203.34148,491.5526,-18.464842,150.40205,494.65823,-35.51666,210.05396,604.49457,29.36925,152.25244,608.6053,13.258851,203.86508,619.334,28.657682,157.76392,619.9149,13.290121,209.13303,639.7512,-68.85088,151.50583,652.9654,-80.56869
Snipaste_2022-08-19_18-02-33.png,170.95647,233.81133,-23.118782,176.37933,232.91566,-8.9864855,179.67854,233.75507,-9.056181,182.87546,234.70845,-9.11849,167.66563,232.4613,-9.493686,165.12077,232.79694,-9.506814,162.61235,233.23558,-9.580169,187.53333,243.1142,58.274635,157.43164,242.51491,55.72746,178.29338,243.14911,1.0094942,164.31236,242.99338,0.23232515,216.85118,295.93637,80.37001,130.04575,295.46423,68.26944,237.48096,360.79388,11.446966,102.10939,354.0799,5.960876,247.63774,296.5587,-104.07418,101.32762,289.4492,-109.40766,249.63718,283.02704,-126.29005,99.80285,276.70935,-134.83374,248.55406,277.27133,-127.681854,102.03998,272.71075,-134.27376,246.07054,282.33817,-108.207794,104.44764,276.82657,-112.982994,198.23979,435.59583,0.3189238,144.67972,433.4095,-0.3379516,194.55852,544.13153,-25.994904,137.13853,543.45386,-43.81549,194.86995,664.4846,-6.480161,123.05777,658.3367,-21.734144,186.00066,680.9102,-10.385439,129.14624,675.5301,-24.507065,193.31041,696.4875,-105.11572,115.459015,697.30347,-116.05963
Snipaste_2022-08-19_18-02-38.png,169.0353,210.50961,-41.507812,174.2932,207.76523,-24.389593,177.79564,208.50407,-24.432112,180.88144,209.5017,-24.50171,164.69237,207.78845,-23.475594,161.48688,208.50278,-23.475142,158.23247,209.5237,-23.496199,186.74277,220.04678,58.396114,153.04535,222.1801,61.88658,177.2994,220.49915,-11.64046,162.78351,220.45781,-10.785953,214.4835,284.73694,83.88601,128.12892,279.90143,80.94962,238.8294,345.80176,-5.7346306,92.7033,331.91263,-16.122385,246.3237,287.38715,-130.39798,97.11356,276.24677,-156.74979,249.60025,273.19244,-157.04225,94.87085,264.18216,-188.93826,247.92177,267.88992,-154.07036,98.32893,260.70587,-180.8994,244.57484,272.3305,-133.28188,101.511925,264.0519,-158.8563,195.44942,422.9297,1.4978001,142.96013,423.37994,-1.5474185,193.18517,536.1092,-29.049053,140.4554,538.78204,-58.724804,192.51704,644.31,58.93157,139.08798,654.3166,18.245285,183.8917,658.4714,62.54445,143.96909,667.5631,21.181107,191.98544,682.6444,-37.554386,141.03824,692.8685,-81.03291
Snipaste_2022-08-19_18-02-43.png,125.8555,161.15376,-55.36167,131.94302,156.23848,-40.423286,135.45137,156.84886,-40.46688,138.85623,157.60405,-40.554787,121.92016,156.14879,-39.676872,118.744705,156.38548,-39.657173,115.66577,156.71193,-39.70602,144.97356,165.57341,34.481792,110.72951,165.20828,38.116882,134.0177,171.17763,-28.024,119.77501,170.58716,-27.113544,174.44464,226.78622,66.19648,85.47291,224.45094,57.793037,198.82613,289.31158,-18.364704,45.0871,274.86597,-18.82303,207.0597,231.77412,-145.0683,51.083492,212.58379,-140.3161,208.57112,216.40636,-167.4799,51.125175,201.53107,-167.07132,206.64595,210.09462,-161.03314,55.727596,198.52261,-159.34515,204.1989,214.77214,-145.92035,57.91216,203.25453,-141.4915,148.11833,365.3321,0.82631093,94.54817,363.05313,-0.9231572,152.25764,474.58313,-43.373444,88.57113,476.0891,-63.171627,152.79079,588.04596,4.708207,84.0812,600.1948,-23.342634,144.52266,603.99756,4.0783343,88.81603,612.7223,-23.940985,151.2223,629.1422,-99.34421,86.947136,645.1881,-124.17934
Snipaste_2022-08-19_18-02-51.png,121.652534,225.9888,-29.681284,127.09492,225.64648,-13.980874,130.44212,226.50034,-14.0204735,133.58904,227.56856,-14.09822,117.78107,225.6527,-13.270028,115.01927,226.32578,-13.260831,112.26989,227.04092,-13.266919,139.66783,236.89711,65.40409,108.35195,236.6501,67.72949,130.0789,235.07735,-0.45775616,115.87753,235.08078,0.047808282,168.66469,292.90765,94.295204,84.80819,290.017,90.77172,195.81415,354.03992,-0.9332286,49.35773,347.01007,7.912241,204.63063,290.5756,-137.76358,51.96148,283.7032,-127.875786,206.8282,276.78183,-164.86267,49.604717,270.73697,-158.4543,204.69699,270.65137,-160.36314,53.343163,267.90192,-150.98134,202.57559,275.61084,-139.84381,56.514286,272.30832,-129.69519,147.11226,431.89584,1.266312,95.93082,429.7497,-1.3401626,149.07216,548.4273,-22.625202,93.78141,549.69244,-43.920635,147.7033,664.0334,52.260696,91.08708,669.1023,22.568155,140.66867,678.50775,54.805447,95.7094,682.6441,24.30766,151.6749,701.0587,-46.47596,94.98993,711.9786,-81.96053
Snipaste_2022-08-19_18-03-15.png,144.35603,134.23436,-24.613382,149.48541,130.1124,-8.479689,152.76807,130.61163,-8.531273,155.78073,131.14073,-8.629434,140.83397,130.25388,-8.110572,137.59053,130.60635,-8.068767,134.70338,130.91603,-8.1112175,160.10976,137.35257,67.67468,128.16524,136.61604,69.47197,149.53256,143.38347,2.689943,137.76796,142.9895,3.0302835,189.72821,195.13824,93.81565,97.98372,192.54251,85.75707,215.6048,253.58862,2.1821656,66.224045,252.74931,7.2296157,201.53903,195.85031,-101.18072,86.92898,192.4795,-106.464905,202.08315,182.86209,-122.366684,85.19245,177.68877,-135.0462,199.24043,177.20193,-108.909195,88.15577,174.33589,-124.96486,196.77823,181.83963,-98.25071,91.20408,178.81532,-106.63821,154.70598,328.5939,-0.17491846,101.12099,321.79782,0.059448715,149.05835,447.12332,-16.418112,84.00015,433.51254,-32.01178,143.41931,563.27704,13.128264,75.51201,550.9933,4.998471,136.63252,576.58765,10.300987,85.11591,563.4549,3.5228078,142.07245,602.166,-96.16214,62.140045,594.9156,-93.4258
Snipaste_2022-08-19_18-03-20.png,183.97844,159.92297,-22.831514,188.99615,157.58809,-4.0570874,191.572,158.06528,-4.107196,194.40036,158.66957,-4.1902394,181.46233,158.38416,-7.0136504,178.80916,159.31534,-6.973855,175.99417,160.3533,-7.0350056,198.41504,166.77402,75.911766,170.5094,168.685,61.837566,189.34517,168.55763,5.1635494,178.2847,169.48378,0.88306814,230.49274,226.76956,97.57478,142.24121,227.2334,74.55878,256.73923,282.95526,2.9490595,114.89499,286.36023,-5.667425,239.74782,223.18036,-111.219826,130.01305,222.24796,-109.23568,243.0273,209.90463,-131.14682,128.65312,207.11171,-133.4872,240.1464,204.30356,-116.83496,131.60356,203.8814,-123.562546,236.84914,208.68085,-108.42036,134.6622,208.86646,-108.96027,210.67455,354.57086,1.9058208,157.01462,353.73248,-2.0453525,215.23026,465.15692,-32.446705,153.62148,464.1377,-59.123535,218.61789,590.6421,-27.43837,159.15771,587.2693,-36.394363,211.23306,604.00885,-32.605423,167.11844,600.45483,-38.585987,222.30519,630.22284,-138.34352,159.45131,628.21906,-135.51474
Snipaste_2022-08-19_18-03-27.png,167.53287,189.82108,-51.31478,173.11566,187.65845,-37.15661,176.08153,188.32343,-37.186417,179.29538,189.16553,-37.258472,165.09052,187.88472,-34.644535,162.36916,188.48137,-34.616253,159.71133,189.06139,-34.655018,186.10056,198.37425,36.280987,156.2022,197.86089,48.85391,173.27177,197.63171,-24.246822,162.41077,198.07924,-20.955006,214.98302,251.97066,62.352818,130.0177,251.30379,72.87839,240.59752,309.0852,-39.392136,95.573975,308.07443,-27.09477,224.53587,249.86533,-142.8928,112.478004,242.59528,-159.29327,225.60089,236.38388,-163.06226,110.12094,228.17415,-190.17891,222.51456,231.55075,-150.0142,113.66775,224.3564,-176.88095,219.80093,235.76134,-140.18733,116.905106,229.76485,-159.12427,187.92131,387.53552,-6.759491,136.24039,385.37405,6.665511,185.58992,496.41074,-22.285913,126.948875,489.1196,-29.973394,189.99626,603.82666,40.971405,122.86432,601.0736,36.683506,182.30453,614.1668,41.827515,130.36145,611.75745,39.14633,192.23856,644.14044,-60.527905,106.18447,642.5345,-53.302322
Snipaste_2022-08-19_18-03-37.png,98.9711,91.3334,-50.539066,102.6763,87.94926,-32.14506,105.40912,88.41284,-32.157932,108.07895,89.07712,-32.21563,94.62432,87.87443,-33.839054,91.806786,88.201584,-33.82052,89.081276,88.59471,-33.856983,112.248344,97.79279,49.505524,80.89719,97.518105,42.707863,104.57866,100.8945,-21.835133,93.57086,100.96927,-24.173914,139.6219,155.2686,69.77581,49.86868,150.45709,58.069813,175.09291,207.94553,-29.511473,10.507296,201.76949,-47.715427,158.49904,148.16478,-128.62732,38.96011,133.588,-152.4657,157.86234,133.23589,-149.76773,39.22764,120.85529,-181.47206,153.0421,127.472244,-135.76346,44.06333,118.78077,-163.77939,150.19473,132.99582,-125.66788,46.667233,123.767685,-150.06114,115.16172,294.37805,-1.7774844,58.931377,293.00235,1.6338876,112.847,406.96042,-25.14509,49.9284,400.06482,-43.638805,111.412285,520.25525,36.756927,44.44221,517.3372,16.335114,102.8602,530.5045,36.933323,52.401287,527.9509,17.45549,116.86469,567.6583,-72.60885,34.308155,563.701,-81.20303
Snipaste_2022-08-19_18-03-56.png,190.83118,20.062456,-112.11867,198.95049,13.395312,-92.66282,203.02637,14.377639,-92.72593,207.13945,15.471528,-92.7629,186.89026,12.183709,-93.46376,182.58725,12.154445,-93.419716,178.43211,12.072823,-93.45638,213.72284,26.244104,4.8598304,171.63518,21.82669,0.6713757,197.95648,34.62338,-77.54299,181.5717,32.550835,-78.9492,239.61298,102.32767,37.519306,128.15254,93.114655,35.24809,265.99118,178.00322,-62.229256,97.779305,171.08281,-74.003204,271.02255,102.05445,-201.08826,104.859955,90.987434,-239.91747,272.99005,87.12517,-226.05652,104.286964,78.3708,-273.73996,270.34875,79.84878,-220.36697,106.931015,72.67535,-265.72302,267.43158,85.238945,-202.99496,109.17358,76.58115,-242.7983,211.77829,269.8691,-3.9356933,141.84709,269.06448,3.867459,229.30577,383.34952,-70.87241,128.14246,385.85345,-29.727255,248.16566,515.26556,-63.48776,132.82567,514.9037,9.781605,242.86057,533.6424,-70.911385,142.18242,532.8785,7.488927,246.52972,557.60626,-192.6182,112.259186,560.0954,-88.45013
Snipaste_2022-08-19_18-04-00.png,186.39055,45.6153,17.70609,191.4373,44.27533,40.82366,195.31898,45.47993,40.70788,199.28017,46.688282,40.592415,180.04742,43.44419,39.090305,176.27374,44.055855,39.10742,172.31425,44.68086,39.02375,204.44138,58.84482,132.60793,163.10774,56.638695,124.67579,194.05273,57.4614,48.671127,178.31711,56.169743,45.997654,234.48973,127.64879,143.91856,123.204636,130.28163,143.3627,264.43915,201.79706,46.985012,90.377365,207.40431,50.79814,264.99692,124.74942,-82.80614,96.44458,126.2502,-126.30621,267.17914,109.908646,-105.13612,98.05719,113.20757,-159.03145,263.11258,102.0786,-98.07397,99.80733,107.81508,-153.57832,259.86337,107.759155,-82.96012,100.548386,112.49117,-129.55183,213.66391,283.17978,-5.688938,140.85051,285.8749,5.607803,237.86304,389.97086,-108.51451,122.82449,390.06973,-135.97215,253.82498,543.0409,-165.6605,149.3472,543.4406,-168.75067,248.50986,566.0303,-177.29286,164.06145,562.5184,-175.4276,265.46536,584.9443,-299.27136,128.33234,591.09375,-285.0201
Snipaste_2022-08-19_18-04-09.png,181.69814,39.284897,-8.774304,188.24252,36.972397,12.158647,192.35492,38.139698,12.087888,196.48059,39.397377,11.983477,177.608,36.206104,9.503413,174.14241,36.819557,9.548963,170.4995,37.6965,9.478907,203.29155,51.59623,102.67098,162.6936,50.403454,91.862335,189.62364,50.9185,22.847847,173.956,50.388294,19.324808,231.4408,120.346405,128.87451,122.804214,119.09166,114.0234,263.8671,192.90318,40.71512,92.19354,193.1653,28.798357,263.9071,112.90614,-84.008514,95.85796,112.31001,-122.13654,264.8309,97.28083,-101.978745,95.90305,99.177986,-150.94553,260.35056,90.74225,-91.92877,98.581116,94.546974,-143.48026,257.2608,97.02359,-82.691055,100.335686,98.961266,-124.293106,210.3435,276.9038,-1.4141403,139.10826,278.60086,1.2804929,227.38779,387.46936,-95.56074,120.22062,396.54382,-68.417915,243.92578,545.4214,-142.59514,134.11472,547.90015,-96.68576,234.42044,568.8371,-153.09761,147.83444,568.0396,-104.066536,249.9512,582.18756,-267.4774,111.43547,590.594,-201.22716
Snipaste_2022-08-19_18-04-15.png,152.94833,56.979004,-48.450523,157.4261,53.77998,-27.921156,160.69958,54.727283,-27.979946,164.3385,55.897007,-28.091702,146.48944,53.713154,-32.489784,142.18794,54.598553,-32.426926,138.17502,55.673927,-32.499264,169.76851,68.35083,65.21486,129.02617,67.37636,45.103336,161.03917,69.88695,-14.667138,145.5692,69.367424,-20.812023,197.59334,134.4563,84.72821,96.13241,124.832565,64.35865,232.34659,203.27623,-13.779944,59.497253,197.25662,-33.651466,230.05217,126.43693,-137.8402,67.72097,120.9676,-166.733,230.71193,108.6339,-157.64343,65.60161,108.210846,-194.47264,227.30844,103.273865,-147.82825,67.52395,104.12115,-188.81552,224.34451,109.62294,-136.86,70.3272,108.39366,-169.20134,178.16965,295.63004,-5.33453,112.08484,298.58536,5.296775,193.42102,397.86,-92.4107,109.12107,415.20584,-66.877525,212.8163,539.7719,-73.39288,132.89557,556.7482,-50.34649,206.03687,556.62885,-77.24143,152.9232,574.8632,-53.57903,211.60207,584.8955,-183.71202,118.13391,602.25665,-148.03893
Snipaste_2022-08-19_18-04-30.png,140.38898,58.731003,-94.27853,146.41214,54.528385,-79.03734,149.68642,55.23982,-79.03121,152.9631,56.06075,-79.0869,136.74756,53.67604,-77.40787,133.15767,53.991367,-77.390274,129.68512,54.69147,-77.426605,158.81227,64.31688,-3.3611,124.637375,65.4686,5.9614453,147.60207,70.33518,-67.26898,132.92737,69.56067,-64.71449,187.32245,122.773346,20.793926,98.57769,121.25829,44.72185,216.28119,178.149,-72.27816,56.770718,177.49103,-26.80241,212.43892,105.3285,-174.99742,63.169968,108.08541,-148.20015,214.21066,87.33201,-191.9052,64.09855,88.8566,-177.07918,210.48007,84.47238,-179.38457,69.07028,86.02286,-165.6049,206.56862,89.35572,-172.80247,71.55902,91.643234,-148.76634,160.86938,260.5208,-20.857513,106.42859,256.83337,20.80095,150.97021,340.79208,-127.71021,59.26459,329.15198,-134.4184,144.82207,462.38593,-119.38887,78.773026,445.9769,-107.13787,142.44441,478.9688,-123.754234,92.24853,465.6062,-107.87574,135.85446,495.97614,-228.87889,57.667484,480.31793,-185.69122
Snipaste_2022-08-19_18-05-17.png,137.08484,134.66713,-43.04008,140.39601,129.55762,-30.867538,143.1951,129.64545,-30.931461,146.15121,129.78984,-31.00632,133.31577,130.38268,-30.824677,130.79918,130.88199,-30.810364,128.1828,131.5842,-30.890299,151.40953,135.37845,26.122818,125.02769,138.28816,27.539232,143.60674,142.86575,-22.554665,132.45316,142.6639,-22.307314,173.59622,183.70386,43.634987,108.26438,186.89618,33.63894,191.14732,235.06876,-35.886024,91.46808,238.10251,-33.919193,178.15099,184.39928,-116.74442,103.77557,183.30463,-120.56659,175.48967,172.10019,-130.91747,104.86617,171.6901,-139.92223,175.0052,168.0854,-118.57204,105.75669,168.1719,-133.62791,174.2328,172.68297,-113.39499,106.6674,172.05864,-120.95656,158.53609,285.60153,-1.2328968,117.50169,285.09384,1.1952618,157.01192,369.00854,-26.986433,112.16085,369.31076,-43.6723,156.03055,459.32596,7.266026,113.31252,462.86887,-14.684384,150.09761,469.24768,6.294398,117.83558,472.2383,-15.624434,144.2455,493.59802,-73.385925,114.59672,497.974,-89.58484
Snipaste_2022-08-19_18-05-23.png,134.10814,147.31668,-43.52824,137.97835,143.24696,-31.155405,140.5079,143.476,-31.207827,143.08395,143.87697,-31.276445,130.94627,144.19978,-30.585026,128.4921,144.86925,-30.555017,126.28087,145.49297,-30.626802,147.70448,148.72061,25.791695,122.791504,151.29889,28.787357,140.69669,154.7297,-23.128483,130.11473,155.15437,-22.38824,169.93744,198.15462,43.80901,107.703964,201.68904,37.024525,188.79614,246.0907,-33.457848,89.296326,250.93607,-30.281311,175.07578,194.54027,-107.49306,102.7719,195.75443,-113.25276,172.79356,182.0884,-120.520355,104.07094,183.06557,-131.23883,171.61157,178.86183,-107.73161,105.67548,180.8366,-123.99954,170.23456,182.94046,-103.81264,106.715164,184.81673,-113.14733,156.94301,298.58548,-0.9672791,117.54567,298.37933,0.9399424,157.85953,378.73517,-29.48365,109.95859,379.82822,-43.634346,155.95091,471.12982,-7.450884,112.25059,471.91354,-23.153559,150.551,481.5294,-9.570924,119.57841,482.0383,-24.907127,154.3872,501.746,-87.85816,111.797134,504.85666,-97.801216
Snipaste_2022-08-19_18-05-42.png,128.19528,126.55597,-36.86348,132.01439,122.05268,-25.084606,135.06808,122.41054,-25.143707,137.80032,122.86476,-25.223444,124.6712,122.86954,-25.164497,122.1099,123.46416,-25.129183,119.67306,124.117165,-25.207712,143.51582,129.09981,28.933762,116.32339,130.9294,30.876095,135.05034,135.708,-17.21207,123.563835,135.29604,-16.863083,165.73952,176.9221,46.894215,100.06047,180.16354,38.70859,181.94705,228.54684,-29.757162,83.39242,231.30939,-22.519629,169.14706,179.56871,-112.15508,94.70242,177.17245,-104.84622,167.72072,166.31497,-124.75264,95.84425,164.54945,-123.35624,167.13077,162.00314,-112.575714,96.94968,161.19565,-118.12658,166.06767,166.90424,-108.90181,97.86828,165.25491,-105.694786,148.61337,277.11588,-2.5177197,107.982635,276.7377,2.5231647,146.6258,355.63818,-33.889034,101.42569,360.26385,-34.402626,145.36987,450.22662,-19.44266,99.73155,454.74307,-22.376995,140.61311,461.2943,-22.61589,104.70147,464.53824,-25.02976,130.86446,482.9116,-105.93224,97.167175,487.00125,-99.087616
Snipaste_2022-08-19_18-05-48.png,123.80682,136.02368,-63.564503,127.048485,131.06659,-52.62243,129.7003,131.01721,-52.645496,132.6199,131.06154,-52.69956,119.78867,132.01822,-49.542446,117.3391,132.50064,-49.51143,114.62089,133.16763,-49.541035,137.26097,134.81354,7.83574,111.45719,138.98825,22.422037,130.51544,143.13365,-40.88413,119.694534,144.10101,-36.806965,160.1141,182.39966,29.228209,96.45354,185.1904,44.290833,178.98094,231.78784,-64.29849,77.41011,234.80605,-43.070988,160.86125,178.73666,-157.13191,90.45216,179.98767,-166.8205,158.7143,166.7305,-176.29091,91.514694,167.4113,-191.97722,158.44211,163.61559,-160.91568,93.16325,164.55794,-182.97551,156.8935,167.50641,-152.76028,94.38679,168.50493,-167.24686,147.26491,285.6138,-6.4941993,106.46982,284.48288,6.442161,147.42714,371.19434,-46.94427,100.05684,369.1353,-54.023285,145.57896,461.0895,31.891405,107.865715,460.128,19.369856,139.23492,469.76218,35.470894,112.598274,468.78888,23.166412,141.04219,491.19226,-52.439316,107.5273,494.53818,-56.024727
Snipaste_2022-08-19_18-05-55.png,94.024055,140.88823,-35.92458,97.570694,136.55481,-24.027475,99.98811,136.56418,-24.06414,102.55887,136.77469,-24.1309,91.37092,137.8,-22.153013,89.60837,138.47144,-22.136583,87.60344,139.23839,-22.199165,108.15498,142.2325,31.00439,85.557144,146.0228,40.77457,100.67912,147.15105,-15.962138,90.91024,147.82805,-13.385089,130.79921,191.32138,47.827877,69.201485,191.32425,50.167553,148.84465,236.66466,-24.202705,47.606472,235.9422,-17.348839,133.82428,182.00705,-92.44431,64.53693,181.60168,-108.44899,132.83139,168.49844,-105.39731,65.55141,168.93083,-129.79587,131.99408,165.63809,-93.148254,66.88058,166.57103,-120.96724,130.12814,171.29329,-88.77349,68.24187,171.07765,-108.21373,116.00431,289.37265,-3.7284877,77.28273,289.4782,3.6967866,119.07881,365.60587,-53.04786,73.86173,371.52597,-59.51886,121.71511,456.7743,-0.43773112,82.06051,463.79004,-20.134264,117.68767,465.27835,0.8390847,85.62807,473.71466,-19.514456,119.1209,488.12436,-83.35,88.766304,495.82495,-97.10913
Snipaste_2022-08-19_18-06-03.png,115.142914,187.25024,-84.996056,120.95286,182.51605,-74.49263,123.84279,183.16533,-74.49587,126.69071,183.89278,-74.54089,112.5385,182.16098,-72.09221,110.065056,182.41481,-72.07385,107.82684,182.83504,-72.05994,132.53139,190.65605,-8.809903,105.19441,189.93207,1.4701381,121.349945,196.32007,-60.283585,109.708046,195.712,-57.458954,155.3487,238.09091,27.030966,84.07337,234.93379,34.893696,179.93016,288.5372,-43.54521,50.43694,281.61237,-44.13671,178.06682,233.47226,-138.65591,56.915184,229.55894,-172.43074,179.46252,221.42131,-157.42657,56.7905,217.90291,-198.70934,176.7646,217.53134,-146.6179,60.74047,213.55913,-187.7578,173.94244,222.11583,-136.59906,62.614372,218.32738,-172.43796,131.97104,357.11896,-1.9624574,89.56847,353.9147,1.8354596,133.33377,452.32898,-42.23328,76.32102,450.38037,-34.800926,126.82735,542.2294,39.928417,72.113945,537.6835,48.055676,118.964615,552.21924,43.767838,76.407715,548.1477,52.72807,129.67589,574.4025,-40.027214,72.3359,570.7557,-26.267107
Snipaste_2022-08-19_18-06-08.png,138.41316,136.7106,-31.904617,143.35182,134.70772,-20.592102,146.33768,135.67775,-20.633362,149.03314,136.67871,-20.697262,135.59102,133.93759,-19.4741,133.21529,134.35437,-19.447706,131.046,134.88959,-19.45704,155.24097,145.8033,38.410656,126.98226,144.94907,42.88322,144.95918,145.25209,-10.58284,133.68759,144.18399,-9.297127,179.06825,195.45639,60.59838,105.92829,193.24596,60.748196,193.3448,253.27667,1.5575963,81.54406,247.32764,-3.330476,197.46309,200.13985,-84.54482,85.08555,194.69698,-109.35432,198.95111,189.60161,-102.040184,84.64255,183.63248,-131.4634,198.16422,184.44125,-98.58038,86.22401,180.26892,-127.436905,196.28429,188.32718,-85.57302,88.28233,184.16211,-111.58277,159.73198,307.68533,0.75797266,115.94727,305.23953,-0.79927284,163.00615,402.2747,-16.076805,109.19168,399.6908,-24.49376,159.37117,492.31808,28.909382,104.5815,489.97382,15.242343,151.60947,502.18472,28.972958,108.188995,498.61804,15.450735,163.65938,519.19775,-48.672577,101.88707,523.26117,-59.29046
Snipaste_2022-08-19_18-06-14.png,128.30907,130.28088,-24.967667,132.18573,129.91368,-10.597757,134.8711,130.89218,-10.645435,137.53322,132.02765,-10.727105,125.303406,129.24516,-11.904814,122.97269,129.71303,-11.879413,120.63988,130.37094,-11.894639,142.15898,140.296,56.20705,115.97252,140.06258,49.378223,134.40846,137.10684,-0.9268939,123.690216,136.09116,-3.0439627,166.9721,186.34035,80.26751,94.917534,183.93686,62.68298,194.39503,235.4397,9.102319,68.82195,230.34444,-8.608903,190.76994,188.34863,-92.1882,70.815994,181.39911,-110.3521,190.19624,180.5735,-112.01018,75.03001,173.61842,-132.90616,188.0318,175.76985,-105.520775,76.86731,170.81725,-126.751434,186.6401,179.14328,-92.412445,76.80675,174.0382,-111.55973,152.63786,294.02295,3.7907615,110.68588,293.2441,-3.8288844,159.5526,389.24738,-10.615999,113.48005,387.17398,-34.186424,161.29048,479.93143,17.31602,114.905716,486.49432,-7.312161,151.63431,493.34644,15.976481,116.50837,498.31207,-8.330984,168.55827,506.75354,-63.615917,116.9709,517.8661,-89.281586
Snipaste_2022-08-19_18-06-20.png,154.08582,169.96898,-21.132677,158.43701,164.75128,-6.0783625,161.66164,165.40631,-6.081268,164.43277,166.13199,-6.1457453,150.33444,164.17702,-4.4190745,147.62228,164.40118,-4.3878465,145.31964,164.8658,-4.4027205,169.36533,172.9124,57.13869,141.94273,172.01239,64.166885,161.30795,179.22815,0.70204115,149.2205,178.16118,2.5368872,192.84361,220.6525,84.23707,122.27977,217.07635,85.45792,236.70209,252.59561,22.501143,78.85777,250.43509,22.773933,219.63785,206.62482,-49.528122,86.6075,201.82153,-80.76096,217.51735,196.616,-63.75111,89.07492,194.61101,-102.66056,212.16185,195.47224,-48.59617,94.86147,192.42781,-87.807884,210.8934,199.11769,-45.198536,95.55924,195.76933,-78.552414,173.1888,319.59528,0.8600522,129.16481,314.3713,-0.91763484,172.5287,410.02914,-59.19307,121.23228,404.41162,-63.454483,169.2106,510.7007,-65.357834,107.74409,504.3768,-69.96819,158.98119,527.58014,-70.45677,114.01918,520.02014,-74.50175,171.91623,532.39404,-158.60701,96.860565,534.9879,-160.99156
Snipaste_2022-08-19_18-06-26.png,106.90037,103.561104,-0.52688324,113.16299,99.88135,12.904641,116.226395,100.60384,12.860418,119.35827,101.542984,12.765557,105.97623,99.62198,14.22874,104.0229,99.99888,14.286058,102.289024,100.47969,14.256001,125.66759,109.89385,73.98236,100.60633,108.55442,79.00545,113.17186,112.14453,21.441769,102.42117,111.71041,22.743479,147.203,165.05882,96.306404,75.66316,157.34874,97.24988,169.9018,218.01193,30.918743,49.335735,205.65071,26.922361,175.67455,166.01012,-67.55184,51.99285,155.75029,-111.03447,176.6129,154.54521,-85.121216,52.071266,145.97792,-135.07402,175.85342,150.40523,-77.91789,54.233593,142.64687,-128.54597,173.66328,153.39574,-66.735115,55.558064,145.8517,-112.30181,120.30477,262.12372,-1.0332401,78.04797,256.8429,1.0048819,113.19222,356.5934,-47.98899,66.33581,354.81436,-43.580868,108.19243,457.02765,-55.716328,51.51493,453.40616,-49.95605,102.028625,470.75684,-60.394684,55.390568,466.0952,-53.775757,101.122955,480.97775,-145.71184,49.942623,483.77078,-133.45401
Snipaste_2022-08-19_18-06-32.png,120.98445,129.12857,-25.146595,126.118614,126.33446,-12.068662,128.96182,127.156715,-12.1019745,131.81485,128.20932,-12.185454,118.43004,125.63798,-10.736036,116.17208,125.97339,-10.704214,113.80796,126.385025,-10.712534,137.10281,135.89832,49.990746,110.83864,133.90154,56.01354,126.945885,137.77138,-2.6790879,115.92112,137.0537,-0.9872342,160.52,185.97032,69.70923,90.103355,180.49118,74.20066,180.02037,239.94087,-8.071391,65.097664,232.24931,3.2423968,187.45203,187.70259,-109.84306,66.84851,178.19252,-113.83731,189.6925,175.1901,-129.46683,64.70433,167.01985,-138.7455,188.66975,169.32695,-123.29692,66.930664,163.55327,-132.89124,186.01637,174.0198,-110.0814,69.12176,167.7208,-115.88726,138.506,298.36658,-0.6586039,95.74926,293.73657,0.60097533,129.58377,394.90897,-39.255386,89.1485,391.1381,-39.718998,118.25661,480.877,52.405632,85.05321,487.79947,29.344765,111.46389,488.42313,57.8208,85.685196,496.4188,32.504185,118.449455,515.49396,-21.340425,89.4321,521.74884,-51.313732
Snipaste_2022-08-19_18-06-50.png,144.28587,163.24194,-52.445267,148.63611,157.55463,-36.494736,151.44273,157.75684,-36.505436,154.11368,158.15924,-36.57194,140.28714,158.03326,-35.45422,137.34753,158.37517,-35.408566,134.7753,158.87196,-35.398075,158.63675,164.50002,39.43875,129.4232,165.41354,44.31215,150.62187,171.97961,-25.35628,139.13254,171.51953,-24.130083,182.95512,220.11017,61.30484,106.48088,220.25368,61.53759,211.27936,264.62064,-36.489307,68.90688,263.23053,-40.143078,195.10725,204.5604,-131.41519,95.24973,199.63745,-152.77711,193.10277,188.07703,-153.00212,97.010895,185.952,-181.99103,190.52101,185.04652,-137.98154,99.86686,185.28355,-166.50772,187.67834,190.94101,-128.00533,102.04223,190.7916,-151.45906,163.24908,349.50388,0.26141798,115.328674,348.11197,-0.36857814,156.15314,458.81042,-38.777287,101.537445,454.48325,-40.807587,154.60692,568.3507,28.454618,95.224594,562.0418,20.810198,142.39043,581.0303,29.530016,101.37442,572.01324,22.035923,157.88167,614.24786,-75.128296,91.43301,609.0264,-76.01508
Snipaste_2022-08-19_18-07-05.png,121.00683,114.06976,-46.064342,125.51923,109.146454,-30.837393,128.63144,109.73603,-30.883186,131.4215,110.583755,-30.957916,116.72395,109.17764,-30.000772,113.63049,109.68005,-29.98667,110.80786,110.404564,-30.036688,137.368,117.9291,41.987045,106.56093,118.38731,44.551136,127.74172,122.16016,-20.940767,115.67358,121.902725,-20.30377,162.98805,178.18945,62.88981,83.63979,179.27585,57.83283,190.73645,232.08347,-28.998898,47.58661,231.42465,-27.960905,170.68524,165.51897,-118.36908,65.7436,161.81837,-122.86908,168.82986,147.96915,-137.5423,66.715,147.14276,-147.41432,168.02821,142.91689,-122.20606,69.937775,145.078,-133.96237,165.7161,149.91428,-114.47268,71.98517,150.39296,-121.505714,142.66908,318.00977,0.8353164,95.15583,315.29208,-0.9819397,136.56046,429.63123,-13.627063,87.29962,426.002,-30.823257,140.83589,541.588,17.963022,77.41818,537.8879,4.5754423,133.26363,555.8435,15.661242,84.26809,549.5763,3.0888658,138.46255,579.15,-80.727356,78.98347,582.2681,-86.82096
Snipaste_2022-08-19_18-07-12.png,113.58976,121.63995,-90.71518,117.69043,119.22879,-71.67874,120.709694,119.5749,-71.721924,123.94212,120.09906,-71.77216,110.10824,119.90916,-70.9889,107.6213,120.60319,-70.974075,105.02749,121.30766,-70.9986,129.41183,128.07942,13.063383,101.1856,131.16338,15.258117,120.737144,130.32951,-61.162926,110.16127,130.36989,-60.779842,159.7483,179.69911,40.634712,83.32295,181.7165,33.92387,192.55675,223.49948,-94.18709,52.23546,226.58861,-88.09721,183.09044,168.20058,-229.1108,71.625046,169.19745,-239.94814,180.60109,155.67401,-253.18466,72.017525,157.94695,-270.16504,177.5396,153.05313,-232.8113,75.95397,155.76877,-255.32465,176.49565,157.06378,-224.34094,77.9228,159.70195,-238.59615,145.4472,300.05698,3.533863,100.94668,297.73984,-3.521951,145.41779,385.8333,-100.647514,92.113266,375.0502,-219.26389,150.33835,485.2251,-114.83026,90.40053,475.44458,-216.81113,142.86084,504.64133,-122.158356,94.23603,491.26013,-220.66321,142.85999,496.71472,-233.43637,85.88585,485.3425,-335.133
Snipaste_2022-08-19_18-07-22.png,113.96817,177.02647,-92.86643,119.60875,172.86482,-78.30962,123.10698,173.04239,-78.327705,126.01935,173.29851,-78.36565,110.84648,173.65059,-76.28318,108.48334,174.28326,-76.280235,105.819756,175.23557,-76.2985,132.69414,181.12592,-5.1741066,103.41923,184.21843,1.6718247,122.186966,186.40031,-66.965576,110.70819,187.48738,-65.17383,161.2946,233.34515,23.697313,87.481415,233.73308,29.97326,195.3412,275.70822,-69.109665,51.593597,278.1497,-66.41994,183.69566,220.31642,-167.42387,67.73799,219.07697,-188.69147,181.35942,207.83223,-185.85396,68.67286,208.77306,-212.7453,178.65607,205.7116,-168.52396,72.785904,207.01399,-196.26572,177.38657,209.70105,-162.73053,74.25309,210.48415,-185.92091,151.46097,359.2257,-5.771068,106.980385,357.95377,5.6529107,151.12328,457.32993,-33.82907,102.979805,453.61752,-42.361282,155.97418,553.2063,0.22004002,95.60163,546.51294,1.0985316,151.6829,568.77246,-1.4283451,99.89441,566.2847,1.1421175,155.53644,580.95435,-89.62302,99.45312,565.5033,-82.597565
Snipaste_2022-08-19_18-07-42.png,217.18472,74.49612,-120.15603,228.81096,68.2537,-97.101616,236.13643,69.2834,-97.249344,243.02419,71.07931,-97.43313,207.4697,69.485504,-91.82457,200.2831,71.1269,-91.787605,193.51695,72.806725,-91.91387,255.97632,92.509575,17.707747,185.65083,93.31855,43.790424,232.61974,94.9562,-81.31261,202.24646,94.735176,-74.10261,319.7705,210.92346,72.86466,134.9605,207.86322,89.027336,376.30338,338.3117,-30.096653,75.23509,331.93906,-50.891388,398.58502,215.12444,-229.06218,52.61381,216.95573,-343.02545,412.14645,184.38255,-259.94568,49.258606,187.67215,-393.3591,403.67078,170.93703,-258.94257,55.241287,173.6636,-380.80994,395.31125,183.78687,-232.3676,60.44928,183.25642,-347.31992,285.47263,488.40445,6.3754864,168.51381,486.11047,-6.2293534,303.0297,710.944,-86.46566,159.32196,709.59674,30.324825,303.44193,908.9182,-0.22000782,168.10802,890.57904,175.41823,298.06796,929.265,-2.183438,181.46127,914.61316,183.39804,306.0855,996.54626,-164.65988,151.6749,967.22534,41.334713
Snipaste_2022-08-19_18-07-48.png,237.41592,81.794754,-130.7584,248.42433,78.78494,-109.023346,255.36067,80.977974,-109.1158,262.65836,83.74224,-109.27767,231.49385,78.42271,-103.18292,226.4567,79.87152,-103.208984,221.50133,81.599625,-103.34533,272.92578,105.09594,0.46279585,209.7749,107.28057,30.631727,249.70375,101.10441,-93.44339,224.77928,98.66232,-85.23718,334.1122,219.8638,59.26753,153.83093,220.68367,79.37217,397.67468,325.79355,-41.437244,84.510574,331.17648,-30.058718,411.3719,203.8452,-205.2568,69.0691,207.9061,-263.22897,418.93613,171.3864,-229.50111,64.07807,182.46222,-305.88492,410.73956,162.53558,-218.3024,71.947266,170.67879,-285.38977,404.19772,173.19257,-203.58104,77.59068,178.50424,-263.22916,293.5576,502.55762,5.400637,174.80112,499.07346,-5.3913455,304.22583,717.5289,-98.24745,155.32104,709.32513,3.206609,299.20868,911.3171,9.219146,156.18733,874.6903,144.41971,290.372,931.3856,10.197372,158.82442,917.414,152.24501,310.3231,996.72766,-142.7864,120.14643,965.2747,10.566509
Snipaste_2022-08-19_18-07-55.png,201.96887,52.426884,-114.12629,212.84494,47.812176,-91.60423,220.03108,48.90171,-91.71606,227.23518,50.569633,-91.894485,193.6991,49.41275,-84.53411,188.10527,51.254475,-84.497185,182.83966,53.1989,-84.622025,241.70403,72.73169,19.336946,176.07898,75.99833,53.191788,217.70091,70.32044,-77.07677,190.49593,71.99739,-67.630615,309.9996,185.08852,76.53549,128.41475,193.01059,102.90844,375.44986,311.41208,-40.212387,67.955894,318.97687,-22.558968,390.72913,185.87714,-228.40341,36.436737,194.87201,-279.4425,393.4475,154.01831,-255.68015,31.01463,165.71754,-323.86948,385.2474,140.97775,-245.80687,37.64913,155.10353,-307.12814,380.24683,153.06235,-227.26315,43.24301,165.1145,-281.5031,278.24835,479.6812,8.46324,160.72197,482.03143,-8.517578,289.30374,704.4844,-90.06071,138.7871,709.0042,6.806279,286.18436,911.7744,15.525602,134.0402,875.2755,147.12961,278.3355,931.2738,16.009777,131.98589,927.2881,153.89752,289.21713,1003.7693,-153.46332,107.983665,984.0431,-3.8172472
Snipaste_2022-08-19_18-08-14.png,192.3328,79.43616,-259.1883,199.81502,74.483086,-231.066,204.98074,75.39664,-231.10187,209.93274,76.11415,-231.17471,183.91655,75.73429,-230.54819,178.73187,77.232544,-230.51427,173.43733,78.881294,-230.44041,217.41154,88.987564,-76.462326,166.8229,93.70664,-72.98657,204.037,94.77467,-203.07526,183.10158,96.27217,-202.39038,264.95978,173.42177,-7.155664,136.55379,186.00002,-3.6643696,318.84695,240.004,-183.1165,89.12794,265.404,-178.05098,307.22144,152.58861,-438.4769,78.22476,163.2282,-486.60287,310.54608,133.58322,-487.97018,74.2764,142.33441,-550.40924,305.12912,129.53914,-474.1211,78.23008,136.03905,-545.12964,300.50122,135.57364,-440.07822,82.73726,142.70435,-494.5169,248.9706,383.5985,-5.217884,167.72203,381.54343,4.9898243,266.14313,549.6807,-89.69329,141.05647,544.66534,-48.45597,270.11414,703.5212,148.04247,138.21245,685.5544,229.91731,258.7691,717.5011,162.59947,149.94194,695.14343,250.89113,284.308,779.8829,-19.477093,136.5641,759.003,97.61473
Snipaste_2022-08-19_18-08-19.png,168.61768,64.017265,-196.62631,175.91635,58.482006,-173.38275,181.3982,59.667767,-173.41058,186.56082,61.273952,-173.48283,161.5209,59.018936,-170.77406,156.40858,60.520737,-170.75282,151.52628,62.301353,-170.70667,195.0774,75.519905,-35.365032,144.48306,78.14869,-22.311335,180.68349,79.54269,-145.34491,160.338,79.73613,-142.05313,240.83627,164.83307,31.90302,110.05215,168.4454,35.143745,283.08054,246.07704,-136.75554,66.66578,260.24207,-136.59648,285.1733,154.87985,-378.0693,50.92704,162.78215,-432.26303,292.87537,136.53789,-420.9344,48.075993,141.43333,-489.53412,288.45798,131.84285,-406.0965,53.015415,134.7827,-481.81512,282.77762,136.68864,-378.46286,57.245686,140.5527,-438.18033,214.80855,372.65875,1.5464803,134.99661,373.3172,-1.8061002,236.76689,542.96643,-97.68723,104.6964,537.8595,-77.6338,241.54195,697.47614,125.58368,102.11266,682.8426,165.1344,230.56378,710.811,139.77492,111.21111,695.2843,183.76765,248.24542,769.12476,-29.794355,102.33855,756.66187,35.85256
Snipaste_2022-08-19_18-08-23.png,183.9716,83.04842,-147.6854,192.90036,77.48701,-123.497406,199.00488,78.622986,-123.52487,204.37143,80.050766,-123.628006,176.5814,77.510635,-121.41731,170.99352,78.548546,-121.38078,166.32419,79.86329,-121.31497,211.99281,94.44713,5.1167493,161.4081,93.31366,15.965789,196.7681,99.262115,-101.16878,173.921,98.15623,-98.33314,254.62451,181.37671,64.84231,127.24983,182.42151,61.84389,309.37494,255.15547,-84.76362,76.97648,265.67227,-92.88729,300.3691,159.70729,-283.86777,67.37379,167.59718,-340.33896,304.80215,141.10414,-320.85526,63.276203,148.35852,-391.98502,299.04056,138.29387,-302.39798,69.768616,142.09995,-377.64285,293.73566,144.18925,-282.39713,74.02815,147.68166,-343.06454,236.41724,390.09256,5.7919326,154.20273,390.99786,-5.9928403,255.98207,557.80853,-100.92271,128.05933,553.39496,-54.48103,259.62637,716.4578,68.47389,120.12169,697.8997,148.91599,247.13744,729.7663,77.54643,129.15627,712.19214,163.28668,270.52377,786.68884,-78.42654,118.62491,775.6404,23.32745
Snipaste_2022-08-19_18-08-35.png,191.30473,81.168564,-21.979803,200.67888,75.12514,3.789829,205.47717,76.023125,3.742768,209.9936,77.26126,3.6264834,187.67963,75.02413,8.421494,182.82271,75.93016,8.484848,178.32153,76.94186,8.521176,219.84161,87.59764,130.43242,172.33968,87.88013,150.94423,201.64046,93.22597,23.944174,183.05658,92.43551,29.504318,261.73386,175.64262,143.45285,131.09476,177.7741,191.93349,301.0222,265.35675,-73.37837,89.00988,270.0388,21.075388,276.04272,161.89134,-316.54385,88.430435,167.04115,-247.2325,276.8321,141.64833,-364.0483,86.771904,145.59216,-305.48517,275.27667,135.40306,-349.30234,89.211105,139.03186,-293.54706,272.27087,141.55223,-317.0073,92.712074,145.81502,-252.78868,231.37334,399.36102,-14.189345,151.10721,395.47806,13.995266,234.01587,599.3028,-54.821915,162.65892,588.95355,-44.764908,228.29584,784.7453,31.289488,177.6924,778.356,44.3004,224.69041,802.66693,31.36993,184.05444,794.6824,45.31027,220.82474,827.6044,-149.68079,176.64351,826.13464,-120.00339
Snipaste_2022-08-19_18-08-40.png,203.88307,148.68858,-6.4522915,210.36111,147.24458,19.347942,215.43619,147.74844,19.380419,220.40466,148.42238,19.2674,197.72559,148.5304,23.652153,193.5643,150.0034,23.725433,189.75423,151.50174,23.765272,231.7656,159.2734,141.83038,182.702,163.89221,161.16586,215.07057,156.05148,37.61953,198.24641,157.40651,42.749794,274.2797,227.83379,161.95618,148.29971,231.86612,195.42392,327.53958,293.963,-23.616909,80.03196,293.33002,14.011608,292.61224,197.30763,-203.37216,102.50728,193.80475,-210.63255,284.75522,182.35414,-243.83835,102.34401,174.93948,-267.1234,280.97186,178.26332,-220.82558,109.79343,172.86765,-237.3305,279.7571,184.64532,-199.34727,113.23676,180.51927,-209.17041,246.7436,448.2774,-11.346075,165.02357,446.91687,11.176974,244.21848,654.11505,-62.542084,180.43054,650.2098,-58.950363,238.94666,837.9802,5.073441,200.22453,829.70844,23.208954,235.73738,851.9122,2.7209651,206.2879,844.01086,23.588814,235.0734,872.3575,-179.68945,202.06773,873.8109,-143.05563
Snipaste_2022-08-19_18-08-49.png,188.56221,57.083714,-262.13873,197.14687,51.008987,-234.80528,202.59393,51.956066,-234.86008,207.4064,53.234795,-234.93405,180.76115,52.563713,-233.21086,175.50842,54.433594,-233.18721,169.85228,56.284695,-233.14822,215.44626,65.54139,-83.60888,165.02158,69.614624,-74.75963,201.44266,72.81861,-207.39226,178.24777,73.63893,-205.15219,264.48257,151.7926,-17.279089,134.30995,163.29312,-11.319204,313.37653,229.21756,-212.09439,91.752686,254.76494,-199.31448,304.71698,136.23357,-486.3309,74.31562,148.76584,-517.7979,308.51953,118.147644,-538.38477,72.16128,128.08104,-582.41284,303.38876,114.14659,-523.61926,76.903435,121.185844,-577.5658,298.35315,119.93506,-487.9565,80.404144,127.156494,-526.16187,246.8554,362.586,-4.794548,165.29523,361.84973,4.596011,265.0338,527.70905,-79.26098,139.88371,521.76495,-57.194286,269.96167,679.71796,158.52191,138.91357,667.9501,203.51498,258.36978,693.63696,172.67291,150.03767,682.78546,222.24918,281.15738,754.2078,-8.6954365,131.46152,738.2365,63.670242
Snipaste_2022-08-19_18-08-53.png,161.37332,59.434513,-257.97687,169.7224,53.90039,-231.89519,175.17622,54.873455,-231.9355,180.48915,55.72183,-232.02821,153.03809,55.331814,-229.40201,147.57773,56.858418,-229.36876,142.24846,58.733955,-229.28978,189.29688,67.475334,-83.33099,137.42857,71.07823,-70.105804,174.5418,75.290764,-203.8561,152.22766,76.79718,-200.34279,239.06346,157.01178,-4.1317654,103.96024,160.84138,-1.9106755,292.26865,238.82195,-173.04727,59.657707,254.3154,-169.60086,286.28427,141.75058,-419.4539,45.12587,149.35486,-474.48273,289.12292,122.002846,-464.19385,44.178875,128.37836,-535.60406,284.16058,116.78642,-448.61066,48.524067,122.8248,-527.8076,279.0891,123.70921,-419.51678,52.037735,129.47276,-481.08282,214.67111,363.87277,0.15307708,130.8878,365.60214,-0.34149432,234.44037,536.24457,-92.71608,104.25285,534.12225,-56.89365,236.6128,686.9084,149.6627,101.14189,669.29205,247.89058,225.88391,699.8765,165.36148,113.16096,681.3177,272.4205,246.81888,757.5238,-3.8912318,94.38227,748.4502,133.66264
Snipaste_2022-08-19_18-08-58.png,191.54727,63.38618,-145.89078,200.03806,57.972954,-122.06625,205.68076,58.980762,-122.10896,211.5571,60.237907,-122.20326,183.70667,58.27723,-120.99391,178.20119,59.528904,-120.96256,173.99493,60.994915,-120.90662,219.12572,74.497,3.3321276,168.26433,74.806625,9.361534,203.93948,79.794205,-100.50309,181.22964,78.75598,-98.97576,261.47754,162.4201,58.75129,131.27866,164.94823,53.82151,309.90277,238.68372,-81.191086,85.934784,252.33598,-93.09683,307.61252,147.96779,-278.53647,71.29337,153.42712,-338.8171,311.68265,130.39224,-313.3143,69.69827,135.77267,-387.07516,305.68597,126.27899,-298.62903,74.88803,129.22821,-376.72363,300.52368,131.5708,-278.06842,78.16981,133.66035,-342.67413,242.42215,374.00824,5.9941916,159.59763,376.7727,-6.1765394,261.3596,538.40137,-104.59754,133.52689,538.8356,-53.64942,263.06357,701.35205,51.02689,125.560295,684.19794,121.04198,250.19266,715.1683,58.45511,136.86559,700.4604,131.99585,274.70657,770.428,-91.31608,121.743866,760.027,-3.9830673
Snipaste_2022-08-19_18-09-08.png,142.65552,88.496605,58.898193,147.13583,84.33534,78.37708,150.6306,84.42934,78.30482,154.25798,84.55564,78.17747,138.79155,86.084114,81.51082,136.24408,87.286156,81.547516,133.65797,88.521065,81.44309,163.38115,91.946396,148.32175,130.39363,97.411,163.61687,150.24828,94.70678,81.52501,138.97232,96.37545,85.68242,198.3598,148.60059,144.95122,106.98706,154.16998,178.09274,218.56007,212.19038,61.792553,79.99614,214.87408,110.02038,209.88681,143.46265,-32.939117,81.49813,143.37843,-40.971874,207.71529,128.71724,-46.545597,81.31115,128.18729,-71.6079,206.64085,123.45313,-41.758873,84.06321,125.28635,-59.83978,205.28906,128.27971,-32.661263,86.54624,129.655,-42.693115,174.91103,261.06744,-20.029324,119.3787,257.5007,19.998232,158.8781,368.66156,-106.86678,104.73636,362.20306,-83.24496,140.53848,496.23935,-170.34628,111.431915,490.6627,-138.12427,135.6186,513.71594,-180.50072,116.35602,508.39316,-146.32565,118.73415,528.2102,-279.2625,90.324165,523.65234,-229.72571
Snipaste_2022-08-19_18-09-15.png,148.73564,102.08236,-14.342077,154.26135,98.58717,0.86331016,157.803,99.44982,0.7787941,161.23561,100.4667,0.67234653,145.11745,98.2844,0.4267842,142.32097,98.83685,0.43170056,139.66273,99.55598,0.32099122,167.88742,111.41524,71.08098,133.15765,110.03117,71.07998,154.85368,112.73315,11.653128,144.05475,112.203384,11.642231,201.68407,168.19395,93.33592,106.70032,168.52882,83.157005,220.33151,242.50606,21.252256,81.44363,241.90498,15.51045,211.87453,173.51453,-78.31279,84.05684,169.78525,-110.10969,208.94081,159.07,-97.18218,82.889175,155.86923,-137.14453,208.09541,152.89616,-93.93694,84.718666,151.50838,-133.79611,206.71356,158.08261,-79.338196,87.253456,155.99323,-112.707054,180.7181,308.5056,-3.8331497,121.07725,306.3115,3.923736,170.99872,434.97095,-29.061293,105.85646,423.1187,-36.182316,156.76527,551.472,-2.7172575,105.28579,554.9318,-11.864241,147.83508,568.4859,-6.0303416,113.68981,573.78314,-14.673332,158.02411,588.02936,-93.92386,70.533936,590.2877,-102.63214
Snipaste_2022-08-19_18-09-22.png,177.10251,101.471756,-19.689754,182.13077,97.79112,-2.1817355,185.73466,97.94214,-2.247802,189.47214,98.16777,-2.3342268,173.30103,99.50676,-0.28413028,170.591,100.784935,-0.24735026,167.88594,102.093216,-0.33927354,197.92093,106.41811,74.563545,164.00777,111.4098,84.069466,184.30199,108.02514,7.9292603,173.03204,110.22742,10.739605,234.54732,162.9422,89.08953,138.47322,166.83424,101.306694,260.73526,229.4592,-8.634904,105.503296,231.76836,28.687439,242.2074,154.99847,-121.99291,111.17667,154.19373,-96.30783,238.393,140.30258,-143.20085,109.78884,139.02399,-123.63408,236.7513,135.78896,-133.65967,112.56126,136.09508,-114.9425,235.81747,140.35606,-120.72723,115.8416,140.25105,-96.97694,209.49675,303.63998,-11.467046,147.99002,296.70767,11.540951,189.43915,428.60077,-45.321754,124.52632,414.05084,-36.041782,164.91418,556.4297,-38.367767,106.653,539.54144,-26.759695,158.71861,571.0605,-42.761616,111.28188,561.99445,-30.417635,145.12602,593.7571,-137.70152,79.799255,582.262,-122.149185
pullUps_up1.jpg,320.59433,100.07852,-71.007225,326.5484,93.74285,-49.49694,330.18378,93.88416,-49.600666,333.95712,94.31708,-49.751915,316.89703,95.573784,-49.637527,313.901,96.67107,-49.632637,311.16754,97.75577,-49.7534,339.0934,100.69847,43.918842,305.79727,104.07612,41.432785,327.58267,109.44923,-38.935013,316.06107,110.16399,-39.51238,378.48648,169.34856,73.5386,266.1184,163.58057,64.4221,446.6271,229.1138,-42.24252,189.8674,212.34938,-26.887724,436.50018,141.58601,-188.48499,185.61798,123.01848,-159.82372,441.4031,120.74873,-215.00247,176.49617,102.3507,-189.49687,431.18878,118.11818,-196.32547,188.35942,98.97377,-175.2301,423.82755,125.414246,-186.35791,193.77522,106.03504,-159.43721,342.7052,352.15076,-0.1421499,282.05106,349.78717,0.11627899,332.35464,493.64203,-26.538906,273.69705,498.38812,-54.414295,305.09567,625.9072,13.992505,269.21167,633.5877,-7.2410393,293.78616,647.57056,12.162464,257.18753,652.6149,-8.176836,304.62292,672.0395,-94.020874,257.0841,683.07874,-119.924934
pullUps_up10.jpg,283.80127,100.52485,-54.13442,291.74698,101.37346,-27.903688,296.5033,103.46911,-27.989063,301.6512,105.78502,-28.104391,279.81113,99.65462,-29.427393,276.36533,100.247635,-29.39063,272.8496,101.088486,-29.456406,308.75113,124.2664,90.5157,264.4423,117.83165,84.21127,290.78168,113.60408,-11.555649,275.8606,111.78019,-13.585859,343.33307,209.66756,131.13426,211.33156,206.87979,118.29409,383.02414,308.34045,2.5400784,162.1142,306.84003,23.695518,386.10394,202.30559,-200.07498,151.0485,199.64783,-195.26135,390.67172,176.86172,-234.18932,149.34503,176.402,-236.96822,386.2919,169.94806,-224.976,154.22153,168.2104,-233.40997,380.71106,177.28143,-201.2052,157.52144,175.30208,-199.93948,300.79037,426.42624,1.4632323,214.0559,417.57773,-1.5931871,287.7393,605.0541,-45.520233,189.75804,590.9768,-83.11739,254.4169,791.33264,-14.55311,183.04123,787.0679,-56.811794,241.22546,809.0046,-19.709776,190.29916,808.821,-60.606697,247.12982,877.22253,-174.6485,188.27908,872.859,-209.90616
pullUps_up11.jpg,248.9551,162.73557,-72.65101,256.61554,151.68909,-52.232788,261.65723,151.98965,-52.279068,266.89136,152.43642,-52.422005,243.05342,153.52701,-49.694756,239.28987,154.6499,-49.664207,235.37128,155.94969,-49.674194,276.71085,163.41977,49.73258,231.95769,167.54842,63.74041,261.4085,175.545,-35.89103,242.82178,176.50832,-32.185837,320.6701,242.91695,96.06386,204.05457,256.358,106.23349,371.76218,318.97635,-6.1241784,148.58728,327.76477,20.575651,359.13565,219.68808,-121.28656,142.33083,226.27774,-137.87376,360.31494,197.53224,-144.64801,140.40427,205.20012,-178.4286,352.5763,193.65063,-129.11562,145.90874,199.34514,-164.67139,348.20142,200.47949,-118.11283,149.31921,206.38713,-140.62386,299.7694,447.12906,-3.6796167,222.35645,447.45248,3.4081469,333.2818,609.0362,-45.132248,186.01541,601.5912,-68.10081,364.13177,759.77637,11.493545,184.84897,765.1432,16.214134,357.5807,780.2848,8.437506,202.66637,784.0789,16.580473,387.97495,820.8477,-132.10556,142.06702,838.99304,-109.52875
pullUps_up13.jpg,232.31128,157.52763,-26.212414,239.04161,149.72362,-5.137607,243.19775,149.85825,-5.178248,247.69008,150.58072,-5.3181915,226.75107,150.9382,-1.2535731,222.39775,152.16513,-1.1783543,218.10439,153.60638,-1.1567311,257.6241,162.24559,105.3836,213.34059,166.30154,124.13088,241.70975,168.19073,14.478763,225.25166,169.2624,19.579782,297.91638,240.45836,134.26746,180.29648,242.93114,166.06071,343.76654,325.3663,-6.955828,130.37149,332.65204,38.70324,329.07358,225.59976,-165.20633,133.25716,234.43779,-161.06224,327.57404,202.87546,-197.79968,130.7812,206.52295,-211.2376,321.4777,197.18388,-187.21112,136.1534,202.112,-195.39427,318.03412,204.68852,-165.09268,140.9173,212.60036,-164.12993,268.56198,461.63266,-7.8215694,192.8693,457.95294,7.6726394,277.19894,656.86816,-34.718403,203.32288,650.3195,-29.58298,263.32996,848.3357,12.995717,225.42917,831.44135,54.026817,262.97015,864.9812,9.970943,233.5888,848.24585,55.742,263.55444,884.42346,-155.66682,217.281,886.0642,-92.73704
pullUps_up2.jpg,660.15564,165.98692,-87.327385,663.9437,161.13342,-66.59163,666.4806,161.58871,-66.57793,669.11633,162.19751,-66.59802,656.612,161.15135,-64.309326,654.374,161.54686,-64.29904,652.0731,161.98598,-64.228714,673.5562,169.17924,33.601517,647.6508,169.49829,41.67053,665.8674,174.55046,-52.208916,656.0395,173.8869,-49.914745,696.6818,216.36292,59.800575,624.3235,215.98824,89.56659,734.2988,251.40942,-62.288345,580.3252,256.11853,-18.540834,722.30225,205.95398,-223.8465,595.9166,206.79681,-197.21861,720.68146,192.10255,-265.15094,598.05347,193.45277,-239.10172,716.9824,190.1714,-253.3396,601.78156,191.43196,-226.47931,714.81396,194.3088,-223.87032,603.27527,195.06427,-198.30048,677.4515,335.58408,-11.620974,634.1927,332.02762,11.643089,668.89294,434.91168,-20.31112,630.26917,430.3311,-1.636921,655.13666,521.05023,131.96504,634.3089,519.47076,139.43666,652.33545,529.9954,142.32933,637.0726,529.1171,148.36673,655.57,553.1817,35.17463,633.9688,552.31946,40.27703
pullUps_up3.jpg,672.8461,86.80132,-48.68761,672.6382,82.31393,-73.86029,671.7814,82.482796,-73.82959,670.79297,82.891975,-73.85421,674.80566,83.62141,-67.60634,675.4341,84.515205,-67.67528,675.9243,85.69653,-67.68133,663.5965,90.157974,-129.35355,675.89795,92.969635,-103.69877,672.0576,94.73189,-62.043835,673.717,95.01041,-54.69315,618.3057,143.09431,-166.62344,697.68915,155.57397,-70.31136,614.9588,148.0223,-245.3324,704.2923,171.3862,-176.53822,593.4787,106.02583,-306.43027,712.05994,103.1027,-337.27237,584.9621,98.32965,-341.15128,720.0668,86.34372,-366.82532,587.93286,90.96455,-330.94867,713.2111,79.96373,-367.87805,593.844,95.567986,-303.7344,710.3106,86.427986,-342.4197,647.6911,295.07712,-24.336786,679.18097,298.55814,24.199545,641.5561,418.77948,-12.97008,657.78,417.69226,20.69497,640.6464,548.6256,64.97788,650.5912,551.904,95.94933,634.7915,565.62585,68.12383,645.66614,567.91675,97.70987,647.3872,588.9543,-13.982815,654.4477,591.14545,4.5608277
pullUps_up4.jpg,592.26276,110.414635,-196.73788,600.00665,107.09096,-181.90063,603.4651,108.104256,-181.92503,601.5003,104.606606,-181.99251,587.9066,105.69569,-182.05258,583.5372,105.93215,-182.05324,579.17883,106.68342,-182.07031,607.5135,114.968605,-95.01054,571.2226,112.730705,-95.11436,596.7629,120.34266,-164.243,586.3923,120.47722,-164.33939,629.60516,160.35828,-41.11413,542.91907,154.04204,-46.21706,680.7593,185.42737,-126.7154,490.33646,189.9952,-114.51234,702.83936,139.86127,-301.28473,467.6261,137.94948,-268.3397,714.845,127.070984,-333.21887,457.11536,127.044136,-302.9039,710.04517,121.17966,-339.46698,464.12726,122.734955,-303.16516,702.63306,125.5281,-310.1089,468.95966,126.62894,-274.15466,610.37573,285.42618,0.99311745,559.0145,286.0096,-1.0228323,619.62115,381.72348,-42.391376,560.723,384.5184,-9.872975,619.8751,473.2384,132.82513,574.1609,474.44186,150.17426,613.57227,482.20282,144.90039,582.20264,481.81616,160.77742,626.2908,515.932,38.739223,574.47345,514.92944,55.325775
pullUps_up5.jpg,356.97723,119.096695,-121.110695,364.82254,117.38164,-97.80084,369.45142,118.631134,-97.813225,374.143,120.145874,-97.85892,352.54755,116.2426,-93.74976,348.9347,116.63396,-93.73742,345.12137,117.2685,-93.73886,382.9911,134.73854,8.466743,338.635,132.2576,28.18981,366.66037,131.13423,-84.27752,348.8517,130.1297,-78.82784,426.63947,214.02328,53.78241,301.8006,220.2187,78.530876,494.79855,299.2751,-66.35877,249.6023,311.03748,-19.758617,498.65732,203.01288,-250.00276,238.58289,207.4051,-228.33057,503.08585,183.87224,-281.17075,233.84009,190.24481,-275.81693,495.45792,178.20705,-271.59512,238.23595,182.42357,-260.99008,490.75125,183.87756,-250.1936,243.12137,187.66847,-230.49147,402.44843,431.65372,-5.233643,326.99826,431.75897,4.9107585,399.55762,604.74817,-49.312717,318.9315,603.1175,-36.354908,397.20013,756.02637,88.94751,327.1079,756.71814,92.84126,395.64673,771.85767,94.33737,332.56387,770.8045,98.73297,379.1889,811.7867,-55.824356,332.52057,813.83704,-39.803154
pullUps_up6.jpg,258.37335,260.0005,-37.028324,263.7408,252.60161,-17.535908,268.03012,252.97166,-17.54778,271.86905,253.52411,-17.677631,252.15279,253.32454,-16.326118,248.08333,254.00626,-16.251026,244.62294,254.79291,-16.228373,278.6682,260.4738,69.513954,241.20319,263.32846,76.98116,267.81293,269.03314,-5.8530097,251.78094,269.6744,-3.9610286,318.24203,319.03082,106.675064,216.85686,325.11206,107.2151,357.55566,376.09732,10.645966,178.32437,376.0749,26.739775,349.89926,302.15796,-112.286385,178.20992,303.31555,-100.69441,351.70407,286.1186,-137.8566,173.25703,286.23553,-135.02858,347.58047,283.37057,-124.36067,178.1139,283.98767,-118.92063,343.7089,288.6631,-110.6011,182.60739,289.50555,-100.597115,298.88965,463.16702,1.0346259,243.23535,466.28552,-1.1967652,325.64398,597.81177,-46.090088,244.50874,599.27966,-30.360256,334.34366,717.61005,27.051758,263.54657,725.97986,55.72032,326.32938,728.3691,28.560047,273.98718,735.6811,59.566902,349.52133,774.45905,-91.662315,261.5668,782.39624,-48.688175
pullUps_up7.jpg,249.02205,185.81374,-130.15317,256.09448,178.72675,-115.35516,260.65945,179.2837,-115.34891,264.98013,180.15846,-115.40029,243.40071,179.30415,-111.7413,239.21799,180.05754,-111.76902,235.36798,181.077,-111.77045,272.16656,190.15929,-36.816895,231.24803,191.78447,-20.950989,259.2625,198.27069,-103.09611,242.20555,199.38547,-98.73887,309.2569,257.6749,-0.20659769,203.24138,260.13904,14.270129,357.5244,323.3037,-78.673805,156.27771,326.71017,-94.29658,342.37878,248.13635,-162.74323,175.03232,247.75943,-240.27908,339.67026,230.03252,-177.75633,181.6529,229.20238,-268.4846,334.82077,225.51115,-156.36716,185.82117,224.78441,-243.29945,332.89355,230.74509,-155.55006,187.02162,230.25365,-235.5656,282.4136,434.15332,-1.4363614,223.08325,431.12534,1.1785665,287.93915,550.75806,-39.784782,212.38924,549.30176,-5.4358068,288.92047,642.241,126.4918,215.2328,640.81085,138.87248,283.96082,650.39496,137.69946,221.46593,645.7499,149.88866,287.12668,691.15485,49.01662,216.13275,691.3417,70.56455
pullUps_up8.jpg,256.18344,223.0225,-111.134735,265.38516,217.58073,-93.39797,269.38834,218.2146,-93.37986,272.7029,219.01912,-93.45899,251.37508,217.2852,-91.786865,246.8457,217.86533,-91.75638,242.52048,218.70937,-91.744545,278.8251,228.14583,-0.60475713,237.62236,228.84958,8.2326145,265.7927,234.595,-77.39814,246.57085,234.18855,-75.15444,312.5138,291.3876,42.5324,212.2541,290.18713,44.40213,358.70187,342.98785,-56.161743,170.35042,350.84958,-50.21232,350.67734,265.09457,-163.8727,166.12334,276.72418,-177.27802,354.2941,248.76207,-184.56708,166.11026,254.8586,-212.17744,349.5557,245.40138,-172.71524,171.36742,251.64394,-194.32623,346.02023,250.45949,-162.78093,174.93814,258.325,-176.89188,301.0596,470.67957,-5.2051277,234.29906,469.96844,5.124772,311.44525,607.3498,-48.59111,216.93184,604.3489,-18.69522,311.64807,735.0468,8.840849,221.95967,729.4368,63.18267,305.35513,753.29,7.675646,235.30515,753.1791,64.84434,315.7158,774.70703,-101.750305,191.81612,775.5363,-33.867382
pullUps_up9.jpg,275.8362,137.0822,-20.796423,284.92944,129.81912,5.274057,289.47903,130.55775,5.1564207,293.4019,131.28821,5.0451136,270.97217,129.07889,3.7577293,265.32764,129.30685,3.7935572,260.5721,129.58461,3.740121,303.26312,140.82854,117.44196,254.51418,138.32858,108.01143,286.26328,152.13875,18.48857,267.90372,151.15671,15.1097975,333.58374,219.10178,153.0979,218.41928,218.40248,142.42984,355.1852,319.37955,69.95561,188.76637,314.19928,63.63627,348.54596,227.47081,-68.144005,202.44133,218.58986,-108.81847,343.6785,209.40616,-95.56803,205.38306,201.86063,-144.79625,343.008,200.6226,-83.0357,208.52574,196.19275,-134.95245,342.32468,206.37563,-65.620445,210.22934,200.60757,-110.3714,314.62177,388.95483,5.2571115,239.6241,387.5402,-5.411621,340.45972,526.2168,-111.21531,235.93425,525.0567,-112.936745,383.88574,706.6041,-165.90062,214.77452,690.94965,-108.95611,372.26633,731.8103,-178.21304,211.10944,718.1879,-111.64592,407.69797,753.2024,-336.02908,223.75674,730.2942,-241.83702
