IMG_001.JPG,2010.5895,795.62695,45.09977,2039.0933,776.66437,60.945694,2037.4429,775.99567,61.280945,2035.8068,775.6551,61.39885,2039.889,770.78503,-18.617424,2039.513,763.65515,-18.58284,2038.8851,756.6224,-18.984308,2001.3906,738.3524,190.28001,2003.4606,715.5156,-144.89685,1959.4464,785.4578,110.537735,1961.5138,770.9872,13.091398,1752.6057,633.8803,376.0926,1792.2585,697.4363,-294.26315,1536.1366,546.6733,820.582,1559.9995,727.8558,-713.96954,1574.0964,685.3788,1215.9631,1682.4122,923.68243,-1225.542,1579.8948,709.232,1260.934,1710.86,950.56573,-1306.6196,1611.4692,722.11115,1203.8989,1739.4325,962.30646,-1278.3987,1603.7561,715.7948,1202.3264,1720.2418,947.4295,-1216.3666,1159.2485,624.8431,253.34758,1170.4636,671.6082,-252.77226,720.8511,594.984,437.45285,678.63245,730.2267,-279.3616,326.93375,538.54517,637.51807,173.59477,644.0241,-489.34702,252.92128,492.9146,648.03546,81.32729,575.7308,-516.851,266.9451,652.0909,578.2302,91.77655,809.0182,-696.0358
IMG_002.JPG,2078.7993,672.3938,-64.0696,2108.3894,652.941,-55.19145,2107.0776,650.7573,-54.846573,2105.6445,648.81604,-54.705765,2108.0664,649.9839,-138.72397,2107.2927,644.09875,-138.68689,2106.138,638.3855,-139.15157,2069.4749,611.1805,73.66658,2069.5215,598.04584,-294.7928,2026.8278,661.4552,0.71324754,2027.4005,650.5483,-103.53198,1821.0299,503.24704,281.33878,1852.1017,587.107,-424.73535,1613.3522,406.26154,754.3559,1627.8995,589.949,-843.40216,1664.136,553.8226,1254.1311,1757.3472,786.76685,-1384.1034,1671.7119,579.44946,1318.3813,1785.4799,815.8386,-1465.9946,1703.5953,590.60187,1265.0071,1814.3431,833.10345,-1441.0961,1693.4741,588.4105,1248.4434,1795.4185,816.82465,-1372.8511,1208.9292,489.8556,262.22147,1209.3207,547.45197,-261.83838,835.8798,475.47852,777.8472,733.95685,600.54034,-339.96054,472.40503,413.49356,1244.7983,237.12958,505.52618,-657.5774,393.0707,369.12912,1285.7637,141.65195,441.02386,-695.49646,427.62372,542.21063,1286.5895,151.21361,663.8804,-878.4783
IMG_003.JPG,311.49747,354.15564,-39.818836,296.04562,324.99646,-89.930855,297.94913,320.57043,-89.842705,299.67938,315.98477,-89.73275,295.60263,326.30222,-23.43275,296.85583,323.5825,-23.557695,298.2678,320.86737,-23.811394,328.97617,284.68692,-205.6116,323.74686,291.66248,91.04438,348.04147,346.94727,-71.9575,347.01685,350.34744,13.845313,498.43204,332.51678,-301.07016,521.0289,256.8725,248.08015,684.4455,419.33047,-244.51555,714.6752,313.1677,450.5059,592.34534,494.373,-33.041496,623.47943,400.34653,649.8208,558.4441,512.5876,-57.620453,585.36346,408.32242,670.45514,532.8963,500.68182,-47.059803,570.3327,423.575,638.9586,550.3664,490.1381,-27.250223,589.04034,421.9104,632.3169,945.3627,349.19467,-181.3873,946.6172,296.42255,181.55385,1265.8043,358.27448,-115.738266,1260.4374,297.70413,171.69534,1585.419,306.06982,-52.808712,1549.8969,254.44275,269.36783,1631.8712,269.28525,-47.900475,1601.7404,218.00804,275.31317,1646.9402,390.60474,-109.808205,1592.4731,346.11926,238.2743
IMG_004.JPG,251.16347,713.7953,-45.59386,226.6533,687.25305,-95.73445,228.15555,682.0006,-95.60528,229.58064,676.5969,-95.56306,223.5934,689.2433,-32.934593,222.62823,686.8028,-33.05699,221.87723,684.31305,-33.321102,253.17424,640.6243,-211.26003,239.60945,648.70355,65.36821,289.71173,697.97437,-75.84796,285.19485,703.95123,4.069565,426.61194,665.0551,-288.072,436.84576,576.4091,215.12009,595.5156,747.5372,-331.5906,640.0368,588.25543,464.1405,499.74982,814.1326,-233.80673,564.39,655.63983,719.0071,464.08002,832.7065,-262.93893,531.51697,659.84705,757.0293,441.9708,820.05676,-240.22636,515.06604,684.02356,728.6978,461.5259,809.36237,-224.3123,533.36914,683.829,707.8977,886.91425,672.7217,-169.60995,876.8574,617.1634,169.88605,1199.6296,667.81866,-111.783195,1179.8301,624.38947,157.88332,1506.6901,622.52295,-40.11845,1465.2131,586.8169,269.5121,1554.4374,585.38275,-37.240444,1516.9906,552.43384,274.66693,1567.3531,709.2643,-108.45765,1509.2285,685.9988,235.00093
IMG_005.JPG,127.748375,314.66254,-52.269817,120.829056,298.91974,-75.38544,122.5004,297.2034,-75.262985,124.07778,295.32797,-75.21051,119.61596,298.0039,-34.739197,120.33333,296.23544,-34.74923,121.22405,294.50763,-34.78013,144.02785,281.9934,-110.11218,139.22466,280.53128,66.3513,149.86595,314.35672,-55.41876,148.00342,315.1541,-5.7709155,244.64186,297.43298,-166.96667,252.785,253.54044,177.60469,336.30478,290.23492,-286.9325,342.02338,241.0304,305.78833,295.03992,370.30838,-439.54565,309.08032,303.19077,424.1708,263.01132,378.98175,-472.08823,283.31567,299.81143,437.55377,258.34137,370.24615,-433.3693,281.7903,307.92328,408.79874,269.92664,368.05533,-427.96274,292.90207,312.45068,414.7401,548.6199,304.45972,-129.93141,544.5785,273.6953,129.6822,787.1794,296.0347,-92.91875,771.7269,279.50327,124.625206,1001.06915,275.6556,-57.37413,970.7767,269.8815,198.58495,1032.713,252.61104,-55.64551,1001.7442,249.27448,200.48218,1035.1598,330.6342,-154.62193,1007.5135,333.1155,116.42727
IMG_006.JPG,254.50008,612.12177,44.833855,241.92943,597.86017,10.860195,242.32883,596.917,11.072788,242.66919,595.73566,11.14431,242.68352,593.724,66.17649,243.73262,590.39325,66.111,244.96417,587.03125,65.94664,257.49908,581.6315,-68.792725,259.70193,570.2655,171.63748,274.19476,613.2417,26.635233,274.66452,609.7717,94.78593,349.1281,603.70306,-220.26561,369.6733,523.0459,300.69635,447.64426,601.7938,-505.38806,478.30228,496.0783,474.15805,420.03696,659.8622,-847.417,459.29358,569.1277,650.0927,389.75723,656.52423,-911.329,435.10358,566.45734,677.8477,387.27872,648.6559,-863.3192,435.13486,574.41766,633.4433,396.19333,649.1574,-835.7756,443.07715,581.071,636.0449,651.8473,611.89044,-173.48196,653.0508,557.97925,172.97533,891.33765,597.6858,-122.377045,890.60895,566.0252,166.69429,1109.9089,593.15436,-84.06738,1102.5635,557.46924,257.46207,1139.869,572.1914,-82.99984,1130.3871,540.569,255.35182,1151.0944,651.8449,-222.85005,1151.4689,603.14105,113.04146
IMG_007.JPG,220.7234,436.7653,-193.47011,188.85974,415.35852,-249.55388,188.53363,407.90524,-249.30737,188.23315,400.33655,-249.3265,189.71936,421.52112,-169.06918,190.27437,420.58432,-168.77573,191.16039,419.66153,-169.0049,205.43034,351.65024,-346.90677,207.12196,376.63885,16.355518,253.64838,407.42313,-211.38226,255.4355,419.3038,-106.570465,388.05432,304.41916,-390.52866,374.17413,275.93988,200.20415,522.25,390.39865,-696.58826,538.1376,322.89258,467.90033,357.37973,484.43774,-907.487,504.73563,435.09338,580.5551,279.684,491.8496,-975.29083,465.57718,443.59256,600.1768,277.53156,469.6979,-913.24133,465.92145,453.14572,548.91766,307.40518,469.2789,-887.9589,485.74066,449.3746,564.201,906.37897,312.25223,-175.05032,885.9439,290.43835,175.39844,1280.1912,339.65082,106.853455,1245.324,308.92773,292.92114,1594.4227,319.84695,304.05853,1565.1343,306.77194,503.0803,1646.5159,297.0972,319.37854,1613.3983,284.80048,515.73157,1634.2223,383.49408,167.57059,1616.8107,383.73428,383.4148
IMG_008.JPG,92.91878,972.50745,-229.50772,89.02054,914.17914,-299.90222,95.863266,906.8201,-299.48077,102.37862,899.11597,-299.24692,87.00455,916.77686,-169.55997,92.032776,913.47656,-169.71695,97.587585,910.4587,-169.66153,171.9188,861.3644,-423.50214,160.2195,876.6681,147.7834,156.61926,981.23816,-251.48665,153.29483,987.0726,-88.80351,428.021,946.5356,-659.0801,464.03214,880.9229,493.70853,682.02954,1060.9777,-1149.5975,773.08154,902.85254,851.43335,505.14655,1359.2437,-1844.5275,694.15985,1088.6622,1312.5775,423.4452,1398.0676,-2006.447,633.4446,1078.3507,1410.1189,392.67523,1368.4762,-1890.7266,623.96686,1103.6434,1303.753,424.32022,1362.9285,-1815.8772,648.10944,1115.025,1280.7405,1158.0273,1012.34644,-366.4043,1146.7185,967.4628,366.60956,1719.9115,1059.2358,-351.09674,1679.6589,1011.9171,370.30942,2257.415,1091.5094,-234.54095,2159.31,991.6663,628.69,2343.2957,1058.2666,-237.05023,2237.5132,952.38763,640.9678,2323.5334,1250.4829,-557.96497,2230.7698,1124.6536,425.13004
IMG_009.JPG,1723.4172,527.01843,-150.95099,1753.39,503.1409,-140.84837,1753.1016,501.43478,-140.6855,1752.8771,500.0633,-140.82405,1749.9498,500.80887,-215.21388,1747.9236,495.06076,-215.35573,1745.8069,489.47855,-215.83319,1726.156,468.30475,-12.624399,1717.1758,454.80292,-335.16122,1681.6787,521.12024,-84.73458,1678.3264,513.1223,-177.8369,1498.9156,401.11734,245.85565,1517.1117,454.05612,-434.4641,1269.5115,409.5616,500.7254,1267.9451,490.2595,-502.1623,1294.5304,575.7559,624.5676,1339.1053,691.3475,-606.6975,1322.2957,602.01434,642.5152,1372.5521,735.6618,-688.62115,1351.5459,626.9636,585.7935,1404.9956,730.06903,-673.21094,1338.217,619.8423,596.21436,1388,710.68665,-600.7872,988.27435,353.2778,246.69264,976.7771,391.07767,-245.29884,633.95886,421.209,446.21002,570.67,461.1468,-228.91342,310.1947,412.70157,737.0816,141.58224,441.7901,-234.61153,246.40782,373.95868,757.5368,64.361336,398.2618,-246.09413,277.35422,567.70197,701.22516,89.52044,605.5348,-402.67197
IMG_010.JPG,1724.1216,517.39795,-43.595554,1756.9576,496.53772,-34.8667,1756.7678,494.80414,-34.67036,1756.6566,493.47226,-34.724724,1754.059,494.1858,-105.72622,1752.6401,488.4583,-105.8305,1751.182,482.82202,-106.12848,1732.4246,462.3779,88.24579,1725.1722,450.29382,-208.1973,1684.3966,510.82962,22.580128,1681.9513,502.5349,-63.53095,1493.0847,376.60522,312.29907,1532.6107,449.9268,-328.89447,1277.5938,368.45703,504.60132,1292.5073,454.87433,-530.6944,1306.6005,548.9781,534.96265,1345.1393,674.04987,-729.63904,1339.3488,572.652,544.028,1379.2584,724.60016,-801.7866,1371.4655,604.6267,487.73837,1410.0895,717.33777,-758.7203,1358.6476,597.188,508.6339,1392.7631,694.73755,-713.8933,988.2815,349.98685,225.77258,990.541,408.45856,-224.66081,574.75916,391.57648,285.53464,544.1387,455.95752,-193.50018,224.89749,385.67502,444.33316,114.19937,417.38104,-146.44693,161.62973,348.93304,453.54678,43.449387,374.47504,-158.82137,183.49944,544.29706,341.23904,59.092964,586.5055,-345.72726
IMG_011.JPG,1729.0841,468.23203,-20.455017,1755.265,441.04465,-1.46029,1754.0793,437.97406,-1.3553243,1753.0194,435.28598,-1.4349563,1754.1106,441.31396,-78.30686,1752.6724,436.46606,-78.31349,1751.2141,431.7853,-78.59873,1724.953,402.3701,139.49684,1722.4418,399.5609,-181.67839,1689.1705,462.0559,50.22884,1688.2467,457.5109,-43.135593,1480.937,340.66153,369.47998,1526.7463,423.76486,-322.9728,1262.9426,402.7448,485.66544,1286.4526,502.4345,-464.35458,1283.407,596.1703,381.72366,1344.998,723.6383,-584.26794,1321.928,617.31055,375.23715,1390.2537,768.7439,-672.6144,1350.944,650.3359,303.49924,1415.5168,752.9603,-625.15424,1337.6187,646.53094,343.26028,1397.4797,733.33075,-569.1732,987.07666,355.44077,231.37595,991.53723,415.68564,-230.01549,590.81964,412.826,275.13928,568.90625,463.69232,-167.38628,241.67574,413.74887,457.87735,147.86841,436.69836,-83.69766,181.50095,383.39087,466.97064,75.41885,397.4746,-92.72455,216.44888,549.8973,343.57858,124.91388,596.6664,-286.70367
IMG_012.JPG,849.6819,205.65,-32.597923,861.8356,195.93309,-12.918295,860.5233,194.69196,-12.847947,859.268,193.51746,-13.057302,863.04553,195.87108,-53.703026,862.9075,193.4393,-53.662033,862.6622,191.08597,-53.84206,840.6607,180.4526,65.51178,846.0727,179.37822,-97.794495,826.10004,205.16426,3.5041554,827.7598,201.50005,-43.530624,712.9364,123.28047,189.9011,746.84283,213.08324,-227.36751,597.66614,136.12364,397.80316,645.07764,273.04794,-433.87442,611.96246,224.63148,623.5714,685.0031,347.36697,-601.43616,624.97766,233.63103,674.26514,706.6301,359.1879,-646.7599,637.29156,241.0294,639.91583,716.0448,351.74747,-614.5779,631.7919,240.14708,616.9448,703.7147,346.04062,-591.56445,437.5965,134.25015,117.12422,446.90384,189.88174,-116.62327,227.4017,158.87067,186.7241,230.55293,212.7959,-10.310661,59.767708,179.08292,282.47418,49.622513,200.46588,90.56537,25.076418,168.57758,288.80292,11.22546,184.54463,96.076225,60.686333,241.86203,262.5373,55.686977,261.1357,63.643
IMG_013.JPG,2032.9125,1465.034,-290.64273,2064.6611,1437.8047,-229.96065,2064.7805,1437.5658,-229.82504,2065.0613,1437.7068,-229.92448,2063.839,1426.1694,-347.56097,2063.7793,1415.3048,-347.77585,2063.3877,1404.4202,-348.2542,2042.5524,1390.909,89.57431,2036.7854,1346.8215,-437.30258,1991.7393,1452.8103,-166.88034,1990.2631,1432.0999,-318.71887,1808.2349,1362.9612,463.55893,1842.9248,1260.4125,-569.9143,1619.873,1301.6199,1049.6045,1774.6895,1221.1537,-1133.3864,1591.7991,1292.353,1401.1204,1811.8793,1477.1732,-1483.2615,1595.1558,1289.1143,1464.8083,1820.6781,1531.8413,-1567.113,1605.0299,1298.789,1420.9114,1836.1348,1525.2411,-1539.1954,1605.3416,1300.1514,1382.4968,1824.2146,1504.1783,-1474.1909,1288.2091,1355.8206,358.13623,1283.9513,1299.0018,-358.13483,915.4271,1357.1475,470.5623,894.66846,1355.6394,-263.98425,549.1735,1302.7626,662.44257,510.0685,1335.3108,-323.16257,488.4342,1252.1226,666.572,446.65778,1282.8488,-340.87622,456.8728,1433.8632,488.56982,415.812,1493.674,-615.7133
IMG_014.JPG,2041.4722,1454.1334,-283.34735,2069.365,1423.3066,-223.19562,2069.1333,1420.9601,-222.97827,2069.07,1419.0183,-222.9576,2068.5815,1417.202,-345.38947,2068.5532,1408.5073,-345.50052,2068.2712,1399.7836,-345.93692,2048.3157,1369.766,90.77233,2043.4658,1345.2278,-454.6996,2003.517,1439.7275,-159.97336,2002.5198,1426.5544,-316.65454,1835.7452,1325.008,483.6908,1860.5505,1270.6769,-615.51154,1658.8711,1270.7931,1097.236,1768.696,1234.2261,-1253.0663,1674.4299,1317.8171,1455.804,1816.51,1469.8376,-1710.5963,1696.8713,1329.328,1529.6106,1828.0365,1516.6476,-1814.649,1703.6273,1345.372,1467.2026,1843.1904,1511.6691,-1778.9148,1695.5658,1343.6963,1431.9055,1830.3448,1491.9807,-1702.9331,1315.0552,1321.4391,370.2779,1303.6647,1293.8651,-370.24048,936.50397,1344.9001,432.0147,917.9827,1364.3054,-270.24695,555.23975,1297.4509,644.0322,505.34088,1355.8904,-215.5002,492.76108,1252.1661,650.6627,435.19403,1303.3127,-220.84914,462.90808,1416.1881,459.52466,413.51395,1519.5734,-484.10098
IMG_015.JPG,403.4818,727.71454,-4.6057134,360.76324,697.09595,-88.32078,359.28757,689.9736,-88.273605,357.6966,682.5209,-88.08791,360.66467,697.61816,10.469524,359.0783,692.15393,10.520992,357.84448,686.8067,10.155712,368.76022,622.9828,-282.0531,364.77432,630.4198,163.68614,443.10303,699.45404,-60.110813,441.9226,702.6601,69.60751,573.2543,595.1766,-484.57333,603.0553,537.6916,440.84213,770.2536,810.6447,-501.2467,799.6758,670.56055,799.93317,643.1933,907.7528,-205.64688,689.8168,796.34015,1097.4994,594.0716,944.4763,-233.80801,643.36237,824.129,1149.3707,574.5727,918.4868,-233.3232,627.1245,826.2339,1121.4769,601.39856,899.2082,-198.35234,647.83276,812.82294,1080.0519,1213.5292,613.196,-301.02344,1200.8629,584.22186,301.3073,1687.5967,675.53845,-168.7384,1642.6943,633.5105,297.26245,2147.6013,642.59094,-94.624954,2070.5117,627.2061,373.997,2223.0146,588.14746,-95.50253,2149.6733,579.4166,374.82132,2227.3884,805.68256,-233.59871,2142.3157,808.743,294.68097
IMG_016.JPG,411.8277,728.5903,-277.37567,370.48584,691.2272,-313.5863,369.36325,676.9593,-313.38828,368.11407,662.4414,-313.2181,370.9256,715.0516,-228.95601,369.9209,719.92535,-228.74881,369.18665,724.9856,-228.84346,381.92358,608.0716,-291.5881,377.9631,685.6926,84.313324,449.52063,691.70197,-253.33832,448.39636,724.4821,-144.61812,566.43665,603.79083,-454.0885,589.24786,582.5852,431.49304,783.60974,744.73126,-714.3721,805.8745,651.7282,766.53613,652.6557,908.4103,-825.8544,681.9856,818.0227,1077.8704,600.1563,943.7415,-886.8484,630.5582,848.2325,1143.5605,577.1411,928.6426,-850.4911,614.55597,860.4517,1101.8073,605.41254,915.0141,-810.4901,638.64276,846.9492,1061.523,1211.7888,639.15326,-284.88678,1195.6849,627.87366,284.99872,1678.6465,684.89417,-265.07843,1646.0344,684.9329,205.14076,2123.8936,672.72314,-241.01814,2067.891,682.29816,253.28653,2197.3967,620.92334,-245.9498,2143.0063,631.2765,245.18839,2209.0793,819.0938,-427.77713,2152.6934,865.71826,100.12027
IMG_017.JPG,363.463,353.13123,-112.631874,346.62994,329.5671,-171.55826,347.7096,325.74765,-171.47491,348.7193,321.7699,-171.79797,346.9217,326.70416,-100.79044,348.30957,322.74893,-100.818275,349.961,318.91846,-100.64622,375.51395,291.3491,-265.77716,374.13528,284.20615,43.44771,396.37054,344.6964,-130.04982,396.94006,344.32895,-40.630367,526.3728,310.00604,-370.1991,547.2377,230.68726,260.22528,602.7412,403.0765,-819.72797,654.55347,266.9587,485.90506,507.58884,493.56525,-1136.7822,602.7287,331.11108,728.05133,469.3229,498.06775,-1224.143,576.458,329.455,770.81604,462.09283,495.38748,-1180.4966,573.6903,345.52448,744.4188,480.67273,491.45023,-1129.6129,585.8876,350.54193,720.4405,961.39905,266.06863,-212.92033,948.3823,230.13098,212.73691,1270.2802,285.72717,-246.74904,1235.3757,284.55746,243.1264,1599.376,287.92203,-152.06628,1513.2068,307.0031,373.84015,1655.2607,267.02594,-154.42314,1564.938,286.79373,380.5749,1622.435,389.4494,-316.16226,1534.3374,414.3293,298.30914
IMG_018.JPG,117.4718,372.98233,-100.04717,107.04771,344.1997,-143.78474,109.94876,339.64972,-143.72774,112.68656,334.96094,-143.73845,104.48434,347.57584,-87.56654,105.17964,346.20636,-87.5241,106.076164,344.91135,-87.51974,143.84267,310.9829,-212.71425,131.79251,321.90262,35.15321,153.7529,368.52582,-113.994316,149.6533,374.05734,-42.85556,291.06628,353.7195,-308.14856,314.77878,302.6076,212.89986,409.9059,515.14026,-347.57715,436.97574,386.7176,363.55203,276.8226,556.48804,-315.05008,357.28488,442.8231,549.8922,237.6561,572.84937,-374.05756,328.3334,449.6895,578.1284,220.26642,546.33795,-370.56726,320.88385,453.13074,564.2699,241.80922,539.6551,-315.32507,334.12454,450.19644,541.53894,717.23627,331.431,-171.15627,716.88513,306.71823,171.98247,1049.5875,370.8833,-117.79982,1018.5983,356.9499,155.69655,1380.8602,343.54437,-88.58124,1302.709,367.3356,249.93321,1438.4329,314.64374,-91.15987,1355.2001,344.73865,256.76437,1412.0176,443.1889,-211.54103,1327.3085,471.52234,192.44252
IMG_019.JPG,622.8864,1177.4608,-24.17198,617.7843,1147.147,-86.63307,620.37836,1143.4176,-86.67542,622.74146,1139.4412,-86.966774,618.3427,1146.0293,18.76669,621.18524,1142.2476,18.916374,624.35895,1138.471,18.963392,656.6576,1111.3163,-233.40094,655.9986,1111.4032,234.49832,655.8737,1178.5287,-71.74658,655.82385,1177.0643,63.07894,802.339,1131.262,-465.504,826.185,1109.8303,529.3478,886.5657,1292.0106,-647.875,891.9385,1190.0568,874.9006,773.8816,1335.5841,-550.7988,805.6749,1251.0063,1131.0299,727.54095,1343.57,-616.777,768.4723,1255.6353,1181.0802,732.35547,1325.367,-594.29517,766.8258,1260.3616,1137.5927,752.3451,1324.3977,-538.4164,783.34845,1261.7909,1109.0708,1220.1578,1115.8176,-309.33063,1216.8064,1103.7183,309.73654,1550.3912,1134.4144,-262.98853,1513.2944,1151.2412,322.12164,1875.0767,1121.4716,-173.19385,1793.6573,1168.8064,463.0791,1925.292,1090.9879,-168.09375,1845.6931,1147.0447,468.96912,1926.0789,1228.2944,-361.10904,1829.3264,1265.7634,320.83255
IMG_020.JPG,1600.1003,447.9496,-160.3731,1628.0636,429.69116,-143.08829,1628.5989,427.59024,-142.92732,1629.1978,425.9101,-143.14265,1625.7152,426.6134,-207.39818,1625.1,420.7718,-207.4466,1624.2745,415.02448,-207.64519,1609.6002,388.13986,-19.795708,1599.6624,376.2897,-284.7673,1561.4417,433.29782,-104.13536,1559.3982,424.93854,-180.01091,1430.6871,296.64218,167.81732,1424.2278,350.37958,-394.0802,1385.7595,313.54315,456.75198,1354.9882,437.98642,-771.15796,1433.8673,445.84985,692.01666,1464.2174,566.9485,-1117.9927,1455.901,471.9915,720.9557,1501.0358,574.9003,-1190.0018,1455.0236,467.86737,667.443,1507.9052,573.9442,-1166.2478,1439.7736,462.77536,672.61316,1487.6676,564.5984,-1115.4022,912.4011,315.8638,190.62651,896.2101,343.18994,-190.6578,547.94324,334.23718,248.77719,508.45724,384.6886,-124.084694,240.43509,342.30896,321.07394,156.68561,352.08566,-143.76773,185.46841,317.3655,320.7734,90.60141,314.9357,-156.37323,182.60184,434.27472,205.9484,108.75263,468.31122,-308.92334
IMG_021.JPG,1599.711,412.4276,-124.69827,1626.401,396.65656,-92.81868,1626.3948,395.6241,-92.62017,1626.5459,394.94693,-92.878914,1625.8385,391.1992,-162.07382,1625.8943,384.79022,-162.1558,1625.7213,378.4875,-162.3418,1607.6992,360.28687,69.26751,1602.7192,341.60687,-222.37352,1562.5012,401.03186,-56.03229,1562.011,390.49738,-139.14627,1435.4272,295.801,292.27072,1433.9667,308.91843,-389.1625,1431.1185,392.33572,641.68164,1370.2704,461.266,-867.9271,1511.562,525.59143,845.5171,1460.6165,578.2032,-1168.9246,1540.5178,556.3734,864.9022,1490.2253,589.9328,-1231.0118,1537.3351,551.50507,810.3858,1493.8425,575.50006,-1222.663,1520.1055,543.7756,822.40845,1477.1915,567.2987,-1170.0774,925.09393,322.56567,223.81065,912.1785,323.62952,-223.96681,551.532,344.94116,206.69936,533.03876,366.62393,-201.136,218.38182,329.56665,260.79184,161.48978,339.6058,-228.19754,164.59547,294.57956,255.57841,96.54618,295.59125,-240.48239,147.25424,421.0659,114.10565,101.48922,466.01303,-408.50534
IMG_022.JPG,1588.7921,522.00366,-67.044395,1616.674,508.27112,-44.160614,1616.4613,507.0697,-44.014996,1616.4056,506.187,-44.178493,1616.5326,503.55566,-111.00633,1616.6917,497.40427,-111.069405,1616.661,491.41724,-111.10406,1597.967,470.85272,94.84148,1595.623,454.86957,-187.83322,1552.2411,508.5309,-4.209131,1552.6638,499.52435,-84.99169,1433.2925,389.5785,290.57465,1434.828,432.02084,-352.19608,1420.3988,497.56308,540.53424,1362.4937,582.8143,-735.96796,1497.0515,657.89044,610.386,1443.3058,713.0919,-943.91614,1529.352,690.44574,611.8203,1471.4845,733.3045,-997.13007,1529.963,693.75275,548.80457,1481.7994,714.2845,-985.31616,1510.6656,685.7678,583.0038,1465.7378,702.12964,-940.3729,933.65735,436.18298,213.4246,917.74835,456.09995,-213.23926,560.8287,468.25528,198.98425,535.1031,499.39334,-179.4467,235.2996,460.50916,254.19939,166.71774,472.57956,-194.0269,181.36685,424.61932,250.85548,102.586784,427.6588,-205.93661,175.52773,563.01794,129.25389,116.9603,602.28815,-365.07977
IMG_023.JPG,126.336655,274.30075,28.370905,113.58349,265.20035,5.384429,113.493835,262.62363,5.344127,113.343925,259.9669,5.2153316,113.741936,267.49103,33.89663,113.67955,266.762,33.92081,113.68898,266.02414,33.84914,120.646736,245.50073,-43.132824,120.03667,253.51791,84.90018,142.03091,267.44257,17.637169,142.01962,270.81897,54.53217,199.11766,251.61661,-106.47007,200.52689,217.07736,161.75752,300.745,264.25186,-96.59893,296.49973,197.1615,195.584,243.64125,326.61963,-15.1174345,243.30199,235.70354,204.51192,229.40245,343.96048,-25.951246,225.63216,239.07945,206.77693,211.69188,341.9605,-23.070976,214.9913,251.24477,197.8989,219.82607,334.81418,-11.8050995,223.56873,250.52335,196.73376,417.95612,263.44165,-89.030624,413.8606,240.47522,89.016975,592.4299,272.17252,-58.12482,581.7,242.80734,93.05166,760.0591,286.4721,-43.308422,739.8856,242.57487,108.47888,784.8894,277.08377,-43.902588,767.59955,231.68321,106.432526,790.6139,335.29004,-75.86375,763.3488,284.9367,77.63272
IMG_024.JPG,230.468,342.28073,-102.824265,215.42209,315.99368,-142.61194,217.56096,312.28485,-142.35213,219.65508,308.346,-142.46867,214.2867,315.701,-91.97814,215.30121,312.2974,-92.130974,216.60316,309.06934,-92.190384,249.49098,279.00385,-217.96736,242.70006,280.55664,11.296327,264.81015,335.9222,-114.877396,263.75027,338.27856,-49.87961,411.0276,297.45105,-274.33752,426.16147,246.80673,174.51564,485.52783,418.30072,-479.1759,540.7224,314.30362,412.22205,394.47897,558.3168,-677.5681,461.90976,414.21533,578.6232,347.50717,568.43713,-723.34393,414.57227,409.52164,580.6003,340.06427,554.16205,-683.934,413.90903,418.50388,547.84406,356.60165,549.2714,-670.0066,434.83337,424.2731,563.324,844.4941,366.5937,-148.22383,838.6026,333.937,147.43922,1152.8628,422.30164,-90.96338,1135.9908,377.4909,167.85756,1472.3224,415.62128,17.075876,1419.8706,369.12875,313.62473,1525.1979,388.09598,22.13871,1467.8802,343.3709,321.29816,1501.5464,492.66312,-108.34283,1452.2867,447.86676,231.71861
IMG_025.JPG,150.77246,327.78094,-70.25022,142.04546,299.43793,-106.7663,144.40553,296.06808,-106.50034,146.63234,292.45554,-106.598434,142.49944,299.87097,-53.318066,144.81836,297.27686,-53.5004,147.39862,294.84106,-53.54695,179.25597,267.88474,-169.6034,177.28986,272.85583,70.84512,182.28822,327.19495,-78.431145,182.81847,329.67175,-10.60482,324.26617,295.1404,-243.14653,351.745,263.09906,237.2334,416.40356,407.4386,-440.84708,470.40546,336.50284,454.76825,327.38248,549.35706,-656.5289,383.91928,432.31366,619.9691,280.98108,556.92755,-706.57587,335.9724,424.60696,629.346,273.4591,543.9043,-659.58887,332.955,435.92886,591.619,289.7523,541.76984,-646.42914,354.1658,442.3207,603.23816,755.84015,360.72153,-167.88045,751.084,329.82626,167.13632,1084.3768,421.60468,-155.58798,1062.7196,362.31082,151.712,1428.7697,398.91013,-84.21965,1364.7015,342.4263,258.613,1481.3035,361.83698,-79.70363,1413.6683,311.32983,264.16446,1468.7659,487.99664,-221.55853,1406.0077,428.03278,170.90286
IMG_026.JPG,2041.1433,494.67053,-100.764725,2077.9124,480.32965,-93.73762,2077.823,480.496,-93.57021,2077.8518,481.1237,-93.78139,2077.085,473.33536,-156.06456,2077.2754,465.9021,-156.40385,2077.3247,458.59393,-156.75677,2055.7532,450.0024,26.950033,2053.1887,423.89087,-228.98978,1995.2166,485.79434,-39.066063,1995.68,472.029,-113.21159,1817.2662,367.74225,230.99738,1841.707,386.6711,-344.6003,1620.4509,329.66052,527.6019,1613.385,392.71976,-606.0713,1654.8016,493.45575,747.54364,1736.7255,599.7303,-892.55963,1676.1688,529.8309,790.9442,1768.4933,652.2123,-964.36066,1693.4502,550.90027,733.0197,1803.894,644.1649,-924.5945,1681.7284,536.5926,726.405,1782.0065,619.90924,-882.55914,1192.5995,390.34445,202.69095,1183.2445,402.94623,-202.22397,742.82294,389.55438,223.45992,703.60846,456.73114,-118.54709,375.68604,404.53067,319.68393,275.77985,454.4499,-64.28118,313.16266,374.68973,323.86313,206.00117,410.81918,-67.085724,309.28275,521.52045,191.82272,203.50087,605.7064,-215.69218
IMG_027.JPG,1997.9828,486.31284,-22.078587,2029.845,463.4813,-5.5912147,2029.1528,462.30222,-5.3939795,2028.5773,461.52368,-5.54661,2030.7732,458.2364,-74.79012,2031.0723,451.0401,-75.031166,2031.3037,444.01022,-75.24223,2003.8497,426.0345,121.764496,2005.762,407.63495,-167.23857,1952.8684,477.9378,42.403706,1954.5502,466.57245,-40.59995,1772.8057,342.01324,338.1044,1809.915,402.51376,-322.2942,1545.894,304.5494,642.9203,1581.5457,401.5005,-618.9259,1586.1077,488.27655,849.2909,1671.0032,610.0386,-906.26154,1613.4111,523.8811,901.1195,1698.444,657.59393,-973.7678,1632.3175,554.53235,832.70355,1726.1405,655.7706,-920.3653,1619.4421,543.44574,826.2777,1706.3308,628.71204,-886.2746,1171.681,402.55878,213.42722,1169.2406,436.61533,-212.80289,693.0706,409.1995,203.39513,678.78705,492.26276,-131.66542,294.44073,425.69485,290.63525,221.99623,459.6968,-97.366844,229.84189,394.1276,289.05466,142.33237,403.51874,-104.4604,230.0214,526.2193,136.52875,164.71445,622.636,-266.50937
IMG_028.JPG,1786.9288,377.79364,30.678778,1827.497,360.4108,34.729713,1828.8435,357.3817,34.668427,1830.3434,354.73807,34.274914,1826.7603,357.66882,-44.10019,1828.5508,350.8446,-43.938923,1830.0865,344.11554,-43.99914,1827.0154,307.29758,143.9939,1824.6763,292.48676,-199.94286,1755.9244,353.54007,91.01022,1756.2358,347.6077,-8.33152,1651.587,210.12471,307.80273,1663.9874,258.71765,-317.038,1553.1597,331.39056,549.91724,1540.9701,441.68933,-335.6242,1626.7184,419.57657,712.548,1661.4406,460.03113,-55.60312,1654.979,448.15112,744.24176,1700.873,470.7979,-64.63983,1660.1199,448.29382,724.4013,1706.0652,439.6028,-90.08161,1645.8073,437.81772,701.5705,1682.7604,430.04495,-57.771717,1068.8302,295.34232,206.99629,1048.8015,316.48373,-206.18968,711.2061,382.73367,316.46146,638.8949,395.61765,-125.48339,369.43375,390.83185,464.29443,232.22324,401.9946,-153.11652,312.9175,357.81055,475.28552,165.59277,359.04047,-160.31972,307.0618,510.25726,409.08176,164.68842,561.62805,-288.22882
IMG_029.JPG,1804.4117,402.79712,-7.9758096,1845.596,388.70743,2.340924,1847.3517,387.02954,2.3040655,1849.3408,385.78894,1.7530154,1844.4259,381.7162,-82.24835,1846.4149,373.3283,-82.127174,1848.09,365.0218,-82.307655,1848.3462,336.64618,131.47762,1844.6266,308.0999,-239.8811,1774.1542,376.33716,56.534985,1774.0713,366.27167,-49.798824,1692.0305,274.98785,283.0352,1682.8425,211.86447,-336.22845,1671.8397,380.152,530.36993,1628.2594,384.21008,-451.31738,1715.611,434.65317,626.64325,1752.0028,455.20193,-271.88467,1731.5883,449.8601,631.591,1789.1743,474.8011,-293.66,1733.2649,444.91077,607.01465,1794.9663,449.7367,-307.94168,1723.5774,437.82278,611.63806,1776.0071,440.995,-272.21347,1096.9653,338.02554,209.02415,1071.4158,290.22144,-208.8682,708.2595,402.01675,237.96843,656.97626,390.9775,-199.0004,350.5301,423.37778,288.05652,248.17996,417.40454,-277.5145,290.45404,392.25702,283.28915,183.002,377.82907,-295.73776,273.7569,551.1667,121.50555,154.91771,578.21155,-491.56152
IMG_030.JPG,1885.2219,383.30948,-96.33093,1930.5244,361.90723,-72.06105,1932.0812,360.86627,-71.91885,1933.8263,360.35855,-72.33282,1929.9022,353.39954,-166.07162,1931.6061,343.4805,-166.30069,1933.1198,333.6149,-166.58096,1927.8323,306.6912,108.67494,1922.3959,272.4068,-294.8516,1848.2079,358.1573,-10.635669,1848.1141,343.16177,-128.03012,1715.9789,240.68138,322.3347,1743.5426,147.70462,-396.036,1489.1167,234.71574,597.4007,1610.9432,112.96015,-740.35065,1387.3707,329.58224,624.3818,1608.8453,381.01218,-880.2651,1364.3376,352.7502,654.5168,1597.9346,446.6446,-939.6621,1371.3909,366.54697,569.73846,1622.1389,444.2293,-885.8699,1377.6406,352.892,585.49084,1615.1968,416.98547,-857.24506,1095.6362,234.11319,237.02443,1067.7532,169.00385,-236.37001,668.704,247.80737,262.33392,607.6716,248.33951,-132.34349,292.1508,248.86868,436.75696,183.44415,276.9609,-14.001974,233.42847,207.23512,441.7334,125.04495,234.74872,-14.265808,190.77185,379.06085,238.2567,64.04557,430.27948,-255.86588
IMG_031.JPG,1955.5251,1042.6398,-58.109764,1996.9131,1009.2563,-12.544281,1999.0908,1004.54034,-12.2357235,2001.546,1000.1258,-12.674259,1992.9882,1007.1596,-143.05563,1993.0786,998.7239,-143.00613,1992.8558,990.21967,-142.97055,1988.7982,942.12933,209.12274,1973.2582,930.87396,-356.68866,1919.1058,1021.4056,38.510242,1914.6292,1013.2205,-124.30194,1747.077,876.004,552.7766,1792.0571,842.99536,-646.06067,1497.7688,888.6777,1075.274,1615.1626,904.6665,-1321.5356,1424.7949,1002.317,1280.737,1663.9764,1042.3525,-1591.9458,1416.6066,1028.3528,1334.0345,1676.8799,1065.3416,-1646.7894,1429.361,1046.9192,1251.0911,1694.5409,1052.3671,-1620.9211,1432.0088,1038.4738,1244.8326,1684.8632,1044.3252,-1578.8535,1148.0117,843.398,381.2386,1149.4407,820.6541,-380.0644,730.0873,892.09546,548.5082,691.597,903.21423,-372.36465,360.8252,925.0436,906.2909,250.00854,936.1744,-330.84653,294.6434,889.4306,926.11884,180.41039,889.0582,-337.25864,273.1812,1085.831,787.6755,133.09097,1115.4893,-581.9471
IMG_032.JPG,2006.8716,829.98016,-16.518345,2034.4154,796.5995,4.1956224,2032.5189,794.6752,4.4468412,2030.7582,793.109,4.3339996,2034.2145,790.98706,-104.39401,2032.3025,782.2146,-104.389175,2030.2113,773.6177,-104.67225,1990.6729,752.5331,172.73802,1987.4462,728.59863,-294.81778,1952.4529,824.37476,64.56906,1952.0056,811.20483,-71.12885,1720.2467,671.8643,421.03027,1775.3253,754.3181,-517.71265,1514.1016,626.4157,819.2896,1551.7242,799.60187,-886.36035,1574.009,763.0519,1224.9253,1566.4386,916.56494,-1237.2993,1606.3744,778.3148,1301.0143,1583.2346,915.8235,-1315.8438,1626.4039,796.869,1241.3478,1593.6095,913.58844,-1293.3188,1612.2024,797.3582,1203.6707,1579.6042,905.54236,-1232.2799,1103.2474,755.7243,310.52988,1121.4598,812.6133,-309.01562,657.1637,790.8312,412.91583,614.0032,861.0262,-254.42094,252.95174,804.68427,578.26874,131.90506,810.5282,-318.67053,178.11012,777.70636,585.28357,41.352615,762.3947,-336.80545,191.50337,936.93445,494.2326,64.764175,965.9054,-520.53033
IMG_033.JPG,2005.2205,342.59152,-22.244993,2030.9229,317.14764,-11.348419,2029.2502,316.55353,-11.239323,2027.7012,316.33374,-11.378284,2031.4615,311.53186,-85.03004,2030.0638,304.60947,-85.11518,2028.5745,297.85233,-85.3425,1990.1414,286.2378,112.4945,1990.2644,264.92252,-196.87697,1953.2345,340.54605,41.69997,1953.6221,328.46497,-47.366344,1735.1625,215.625,295.83035,1781.5658,299.33173,-352.38193,1507.768,174.7125,545.9011,1550.4185,303.51254,-552.72644,1554.7479,327.4737,751.3701,1605.1558,475.06113,-755.3469,1575.0732,351.40897,775.95044,1628.2848,509.85007,-824.22174,1603.8324,372.76813,715.34576,1648.0697,504.92627,-786.91327,1592.1205,368.3567,728.66254,1628.1642,480.39655,-742.5346,1137.702,335.45392,213.54755,1140.1075,385.78732,-212.70514,684.9031,379.2976,239.58836,626.25824,431.30612,-160.06758,265.29254,380.84668,323.7573,136.7228,363.86047,-226.67816,194.18723,345.55917,324.4619,47.911797,306.41177,-244.18974,202.86012,491.33142,221.96124,81.52988,516.2872,-410.2848
IMG_034.JPG,1941.6268,348.41052,77.40476,1971.7805,324.70905,93.74499,1970.7493,323.60815,93.804,1969.8209,322.78885,93.539116,1973.2676,319.85745,14.210359,1973.1724,312.96524,14.187361,1972.9417,306.2254,13.825547,1940.7323,289.291,213.01338,1944.212,270.51453,-123.55065,1895.4313,342.18433,140.5681,1896.7959,330.05396,43.909634,1701.6156,186.00063,396.3162,1768.2068,297.08066,-330.00714,1483.4365,152.70325,701.4455,1547.9814,255.24245,-569.6838,1555.619,327.51263,1001.01953,1570.1025,397.54062,-792.2599,1580.8813,356.87457,1048.2612,1584.7361,419.87112,-855.30664,1613.8231,376.16452,985.00885,1601.1063,430.32834,-809.0026,1601.0201,369.47452,982.39966,1582.5396,410.98065,-771.9358,1105.3502,281.97278,235.44914,1114.9719,351.32254,-234.6762,667.1715,335.72516,305.16077,615.20856,391.6243,-180.4255,257.7271,329.38135,416.83383,144.31538,322.33817,-236.56984,188.62996,292.18884,421.04077,59.031334,261.34976,-251.81609,196.69347,448.7219,346.86917,88.48622,480.6493,-394.792
IMG_035.JPG,1678.7009,335.27026,-57.561653,1715.1555,311.8806,-39.37787,1715.6697,310.07156,-39.104965,1716.3474,308.55872,-39.592113,1713.6267,306.82935,-118.865036,1713.3689,298.9591,-119.11527,1712.9808,291.16348,-119.33598,1698.9708,265.8211,99.15857,1692.5901,245.37967,-237.67155,1641.7318,320.98303,10.512904,1640.044,310.39468,-87.2887,1494.8955,190.56512,287.0313,1532.7566,216.43442,-367.40112,1341.4126,215.83786,597.32294,1388.6646,304.15765,-728.8255,1366.4667,347.84393,820.5108,1469.9196,429.62036,-1023.17816,1383.4733,369.23013,868.3225,1504.261,445.31366,-1094.6941,1402.0287,380.6984,808.4201,1519.9032,439.63614,-1057.8137,1391.4343,374.1306,800.40594,1498.8248,430.60208,-1011.4698,976.7103,215.88187,204.69392,979.2336,232.72676,-204.30008,596.429,267.0286,242.52759,587.0678,312.68835,-124.54926,276.4881,304.69095,329.0947,223.24776,326.63016,-85.45189,216.35004,277.19,329.3759,157.6162,285.0399,-90.210915,233.58475,427.3421,198.68495,177.2909,473.21597,-231.40959
IMG_036.JPG,1678.0255,284.98007,37.750175,1712.1954,267.6781,47.0363,1712.3956,266.11505,47.25595,1712.7106,264.82587,47.20122,1713.0326,264.3671,-21.961182,1714.0327,258.74686,-21.937874,1714.8661,253.23138,-22.273563,1698.9379,229.5734,161.69339,1700.3354,215.8595,-139.71802,1643.78,271.0385,94.47689,1645.1608,262.91068,8.843829,1523.2649,136.89812,341.14957,1544.0306,182.08482,-269.58405,1347.1362,84.72832,583.7937,1372.327,125.30119,-435.50787,1381.2167,200.3221,711.62054,1453.7827,307.12115,-485.13278,1399.4908,222.8852,735.0524,1477.6923,351.99146,-517.5193,1414.8633,251.21242,674.4289,1499.7258,351.03613,-483.5905,1403.8425,244.79263,686.6454,1482.1968,328.2197,-467.04572,1031.9954,191.2777,227.26009,1020.0784,221.17693,-226.93634,647.09326,205.42528,286.4648,613.77313,259.95355,-209.18297,311.53214,194.8312,384.90097,201.27492,233.15031,-292.2506,257.48782,157.82344,387.7752,135.25533,187.66484,-310.76242,244.07713,320.24213,286.55118,124.447945,377.3768,-488.8076
IMG_037.JPG,1653.8301,242.56842,31.10699,1680.7695,217.39006,43.882717,1681.2899,215.05048,43.979343,1681.926,212.94734,43.68534,1677.1257,216.07193,-22.814217,1674.8903,210.76033,-22.887829,1672.5792,205.53864,-23.178377,1661.2458,187.53297,157.80852,1648.1011,179.2101,-121.96149,1620.7651,242.22789,89.917404,1615.6925,236.5386,9.33596,1459.3754,150.72697,370.99283,1498.6925,220.96114,-291.53525,1300.7306,205.95723,651.64044,1323.4767,318.6451,-613.43677,1355.1318,357.45633,889.094,1402.935,484.6512,-895.2524,1384.7534,377.64178,945.6629,1437.3839,511.28766,-955.5531,1405.9261,387.523,891.5136,1458.3477,501.66675,-917.0351,1391.1956,383.65164,871.9417,1436.6896,488.43347,-880.2209,989.5486,278.70407,197.29277,1013.146,318.85922,-196.99397,617.4033,355.0952,195.21954,624.6107,396.58038,-177.08594,255.28452,365.48352,245.7689,230.61398,390.66724,-238.23587,186.96368,341.97867,243.19574,152.656,359.11255,-255.99524,227.37425,473.72485,134.28108,210.80228,524.46893,-404.0073
IMG_038.JPG,1724.6472,710.4556,68.99965,1752.385,683.40857,108.67221,1752.6382,679.79236,109.057686,1753.0869,676.44354,108.61105,1751.5339,683.3456,8.3074465,1751.3447,678.0809,8.197531,1751.0143,672.91876,7.95126,1737.1484,638.6302,272.40472,1731.4746,637.5664,-162.46954,1690.6029,700.77655,142.57831,1689.1182,696.90735,17.353184,1540.9108,588.6324,505.13483,1574.4045,638.797,-442.48694,1380.7856,637.5741,884.20807,1401.3706,753.5406,-794.2038,1448.3145,748.4813,1146.6335,1486.0857,861.8066,-984.2697,1468.1744,773.11316,1197.559,1505.5236,883.65533,-1050.5591,1484.2101,779.3981,1138.6323,1523.7759,873.0692,-1046.35,1474.9257,775.1447,1120.8695,1509.5604,861.8688,-982.9717,1073.1472,673.54706,291.3256,1075.1521,701.88666,-290.25854,717.2866,726.1238,255.02036,721.3629,751.50024,-307.4856,376.783,737.25964,345.9645,359.11566,734.9033,-353.05084,322.28522,708.8916,342.58224,300.924,687.5869,-361.5182,309.0124,837.04297,194.87866,285.66992,891.60596,-550.8802
IMG_039.JPG,1750.6123,708.242,87.38506,1778.6003,691.729,124.11951,1780.1809,689.61743,124.449524,1781.8984,687.7257,124.024445,1775.7505,690.04443,46.46247,1775.6809,685.8834,46.399883,1775.4657,681.8162,45.902664,1773.9934,663.1609,266.14035,1762.5518,658.3693,-63.228054,1724.283,703.5939,150.8452,1720.6516,698.3414,56.428978,1606.6951,598.7088,480.01202,1635.887,676.18744,-363.1207,1465.2198,611.5693,881.5497,1482.4098,750.60004,-905.5948,1522.2119,716.0951,1234.3322,1552.1418,850.2928,-1261.5188,1537.4573,737.8761,1286.8892,1564.4084,861.89197,-1322.3358,1551.1793,746.2542,1232.4263,1577.3231,857.5411,-1312.7753,1544.1643,745.4812,1215.5508,1566.8761,849.2235,-1260.9995,1138.6124,657.13367,260.9251,1135.7274,699.8174,-260.13577,787.82996,686.8919,220.4023,770.5957,722.54144,-289.5266,454.01422,664.25476,308.11758,410.0263,676.8283,-348.88974,407.18176,632.50916,305.1131,358.89038,627.0409,-357.24377,369.60516,743.6535,161.04118,322.2494,812.7881,-538.30023
IMG_040.JPG,1888.0259,787.0833,2.0670288,1923.4004,758.7372,54.222923,1923.4812,756.1612,54.40548,1923.8115,753.80023,54.005657,1925.5093,752.38184,-70.07779,1927.1112,743.2411,-69.9508,1928.3196,734.182,-70.08292,1907.46,703.5225,281.10764,1909.2894,677.1709,-260.756,1848.7128,768.31525,98.96503,1850.5261,756.3712,-56.394844,1700.1016,664.4913,567.028,1743.5317,617.5946,-569.08405,1562.208,683.58435,995.17444,1656.5802,698.2656,-1080.1719,1620.1149,790.0424,1171.2625,1709.6539,844.75476,-1046.2974,1636.2185,813.1582,1192.4106,1721.3115,867.73846,-1065.229,1656.2024,819.38904,1120.2892,1728.6921,859.8695,-1048.1572,1648.7893,809.37445,1135.5067,1721.576,849.4546,-1032.5687,1156.6128,751.3877,354.53345,1148.7893,734.0469,-353.4897,773.77185,737.8137,482.12805,742.0508,763.3302,-276.76093,442.40485,688.80493,743.7082,367.10052,727.17993,-161.62305,387.51837,642.61395,759.47235,306.1587,672.7187,-155.79028,356.96014,807.6613,660.92737,276.89713,892.2346,-345.31265
IMG_041.JPG,1873.1475,770.91473,-136.43446,1907.2552,749.2133,-85.49817,1907.3206,747.4107,-85.38692,1907.6064,745.81055,-85.798836,1907.7249,743.1537,-198.90689,1908.4143,735.3983,-198.81094,1908.6599,727.5411,-199.26073,1884.2871,705.8021,188.5326,1880.5286,678.8362,-321.7765,1831.0437,757.5629,-31.282131,1830.4751,744.48114,-176.17737,1661.1127,686.6582,571.4572,1695.8188,617.8868,-650.92377,1523.3888,738.31976,1135.9882,1673.1287,639.35535,-1384.2543,1557.2302,819.6438,1498.636,1737.3921,830.69336,-1628.9995,1577.0978,836.6393,1577.8912,1760.139,865.7871,-1681.5032,1588.1235,835.4675,1509.7351,1754.5566,856.4188,-1627.7114,1573.6879,831.1289,1475.9744,1736.5933,843.5206,-1607.5763,1140.3679,777.388,413.04843,1124.8486,746.1723,-412.85425,820.31494,756.1082,559.93414,691.5864,893.2592,-626.9105,556.5757,557.6175,754.1824,452.80725,659.4571,-583.817,518.1649,497.58502,764.3265,438.61536,582.87164,-576.9183,444.9317,600.58606,623.9465,290.5453,716.2983,-734.0343
IMG_042.JPG,1777.2356,990.29504,97.609634,1815.9705,957.2452,127.78207,1817.394,950.96185,128.12534,1818.9868,944.99304,127.63144,1814.1567,962.14294,15.319647,1815.1349,957.0754,15.050807,1816.024,952.103,14.949944,1812.5271,892.7765,278.4358,1806.1326,907.41675,-213.75873,1747.1782,969.56274,170.34015,1745.9663,971.1829,28.49945,1618.2463,810.44196,539.71094,1656.1489,867.33685,-457.0583,1416.4734,794.6115,887.3044,1435.5972,902.68097,-876.67065,1519.6362,944.5157,1120.0658,1556.8481,1038.4353,-1183.5521,1563.8853,975.37585,1177.6248,1599.345,1067.2117,-1264.0156,1583.9172,992.2167,1141.6392,1624.2726,1056.9559,-1228.079,1572.0359,983.9241,1102.5442,1603.1263,1043.7317,-1170.3379,1136.5513,780.26764,315.9499,1134.7885,812.4247,-315.1752,749.7534,851.9847,348.29074,735.542,902.0274,-270.34805,397.79852,889.6407,488.19727,331.43182,908.0378,-274.0878,334.8971,859.92786,493.76938,261.6243,858.35516,-280.24146,340.81665,1040.4363,367.65656,260.8908,1102.0846,-445.09946
IMG_043.JPG,1754.5392,981.61,139.17128,1800.7556,958.716,169.3939,1803.9526,952.74677,169.81952,1807.4026,947.001,169.32242,1796.2225,962.8586,51.658073,1797.3352,958.07904,51.42805,1798.2556,953.3076,51.077652,1809.0168,897.9681,310.91037,1794.4434,908.0941,-209.21983,1728.2933,958.2813,208.6963,1724.2504,959.1349,59.739876,1626.0586,802.1284,603.1583,1654.2162,839.06976,-520.1221,1455.1971,806.6127,1088.6313,1447.8079,904.92175,-1076.0935,1516.8008,958.89825,1441.2126,1560.9497,1033.1056,-1398.1086,1549.2279,993.50854,1517.9247,1598.655,1058.6168,-1472.6819,1566.483,1009.03186,1471.4729,1623.9841,1044.9583,-1457.6626,1554.8181,1000.0605,1420.8335,1604.9498,1036.7844,-1389.2274,1147.8318,752.33307,367.045,1138.8209,768.74896,-366.61136,782.1062,847.41046,523.1324,742.21405,866.87604,-404.5898,442.65732,915.2344,784.8657,342.3432,886.04333,-444.88217,379.00116,889.9338,800.82104,276.88684,844.8035,-455.89697,375.3189,1079.9633,672.49316,251.7788,1068.4546,-657.6086
IMG_044.JPG,428.99094,1055.1671,61.414085,388.12347,1030.5028,-27.343502,385.10657,1025.0576,-27.074772,382.02866,1019.19977,-27.108349,392.91083,1027.4377,87.35504,393.386,1021.2022,86.95161,394.17664,1014.9548,86.55527,382.52243,970.5848,-244.91057,396.91116,962.75665,271.5041,453.47595,1034.5516,0.84369653,458.7353,1032.8641,150.84886,512.61084,968.37256,-488.8234,603.52563,841.7264,588.3379,582.2615,1150.3232,-858.6469,740.9852,950.62006,952.6374,523.8068,1255.2843,-865.0949,702.8456,1057.5529,1137.2269,481.2433,1273.3782,-950.7103,669.9098,1073.7666,1198.484,480.64468,1265.7717,-892.7869,663.3556,1079.3729,1140.5792,504.6182,1251.4001,-842.17194,675.15234,1077.674,1112.7618,1098.0718,976.0189,-337.6385,1118.0193,899.3263,336.4135,1533.185,981.575,-264.0854,1519.6008,932.64343,326.04398,1966.1841,959.5023,-157.3336,1909.4653,939.17377,494.964,2031.6534,916.3779,-157.58238,1975.3224,909.7239,499.25818,2032.4482,1076.7866,-366.75754,1963.2025,1059.2567,348.0023
IMG_045.JPG,1952.2489,401.2511,-55.887447,1995.8496,375.21033,-33.794838,1997.6041,369.56232,-33.733723,1999.5222,364.40665,-34.18094,1991.8052,375.33093,-125.90237,1992.1184,368.35062,-125.90046,1992.1111,361.4134,-125.95138,1990.1526,308.08362,120.04038,1979.355,306.70218,-274.70224,1915.2518,376.1313,16.877989,1912.3973,373.49417,-97.513885,1758.8347,211.42966,365.02927,1787.0077,266.57858,-486.0771,1765.3615,415.71524,509.5814,1766.5483,549.2308,-672.8294,1881.7572,539.0148,391.23108,1947.184,637.2719,-583.5208,1923.5836,573.544,376.21844,2000.4229,666.9453,-714.0364,1925.3284,564.58453,312.18216,2002.6956,629.65265,-723.9548,1909.1376,552.89435,352.37918,1974.5939,613.8026,-593.29736,1147.9895,212.93724,254.98326,1142.7966,234.3296,-255.05954,708.2326,271.69635,278.04648,697.9623,294.29086,-135.6743,315.9512,292.0007,443.20184,271.95377,297.56232,46.503304,255.63148,261.78653,453.97238,206.2643,262.2661,45.499256,241.98932,424.10114,296.5333,203.34903,442.0368,-162.63918
IMG_046.JPG,1904.7467,433.0374,15.564975,1949.0665,402.52133,36.332615,1951.3665,395.7014,36.370617,1953.837,389.42352,35.815907,1943.6908,405.3481,-56.004044,1943.6381,399.02426,-56.071957,1943.261,392.72702,-56.090584,1944.7031,331.1221,164.97813,1929.1062,337.68494,-226.50981,1867.9623,407.0773,78.71423,1863.5336,407.40906,-34.47644,1715.7695,232.19154,390.15012,1736.4127,296.73096,-451.86432,1728.6915,416.0571,566.6213,1706.1034,571.90356,-684.897,1845.1439,536.68463,492.2426,1896.799,662.48065,-677.9522,1887.0891,567.1854,489.9702,1952.1296,689.8736,-807.5254,1887.7012,561.4699,426.33987,1958.1956,656.5907,-815.9733,1870.5764,551.7061,455.5086,1928.5228,642.47516,-686.4363,1102.5334,235.56493,255.60889,1092.9403,260.48975,-255.78755,660.7207,295.92566,268.1678,637.60034,330.22906,-130.97144,265.08633,307.50458,443.36377,206.59624,331.89178,41.413555,204.4303,273.8091,456.0759,138.39098,293.13306,41.973106,193.33925,446.98764,305.2731,143.01817,483.28363,-153.61783
IMG_047.JPG,1895.5782,534.1322,23.70184,1941.4557,505.56186,41.871166,1944.0514,498.26782,41.92202,1946.8025,491.52847,41.60993,1936.5786,508.985,-52.74734,1937.5317,503.41754,-52.733585,1938.178,497.8307,-52.814793,1944.4056,431.86057,174.72256,1932.3595,441.3899,-234.62175,1862.402,505.32016,90.21284,1858.7931,508.2884,-28.914122,1715.466,319.01907,426.17728,1752.9792,406.95938,-453.60266,1740.5802,561.0238,569.3559,1743.6713,719.3638,-519.0557,1888.4991,666.3709,513.5327,1934.9296,750.9343,-312.83682,1937.7441,703.34814,511.21027,1991.804,775.85156,-436.96817,1935.5293,689.0707,461.51276,1990.5543,731.762,-474.22775,1918.9701,677.92194,481.56802,1958.8965,716.1147,-329.53915,1108.8115,305.96463,260.8801,1099.5857,340.18677,-260.82175,674.95825,379.81296,321.25134,643.04333,421.88745,-125.43674,281.4824,411.33743,487.8177,202.54254,450.03323,42.566803,213.45953,385.79742,498.84668,128.90042,421.20297,42.58225,229.68654,551.7426,373.34628,155.39085,590.8835,-131.26558
IMG_048.JPG,1501.1508,417.48996,46.380215,1519.986,395.77618,64.21898,1518.6396,393.01715,64.478065,1517.3652,390.4243,64.47298,1519.5985,396.19247,-7.2978163,1518.2998,392.21826,-6.989277,1516.9031,388.45428,-6.960446,1489.2961,362.96768,173.49344,1489.2153,363.04636,-129.641,1464.1869,412.37946,104.346756,1463.9695,409.47958,16.600063,1294.5454,272.28894,357.64066,1339.4934,428.70706,-282.9115,1117.1318,353.35046,616.7195,1171.4548,552.4929,-342.70694,1150.991,511.148,849.74426,1199.7583,680.2582,-323.50427,1178.9882,529.53345,893.7943,1229.0913,704.8316,-369.28857,1201.9037,538.2548,851.76276,1244.1057,687.5213,-326.8408,1191.1735,539.86475,837.9514,1227.1106,673.9584,-302.51312,870.14734,326.3123,198.49367,879.0195,419.20837,-197.96495,572.69025,412.36093,325.4123,557.2929,490.3473,-113.50389,281.0568,419.6798,472.23264,235.58644,472.20425,-65.96887,227.69064,390.53848,483.56305,176.60611,440.92892,-64.11451,251.92052,520.3288,478.17307,205.862,581.324,-109.57643
IMG_049.JPG,1431.0076,298.20377,79.6369,1453.1484,280.854,92.04609,1452.4216,278.4668,92.234856,1451.7926,276.25378,92.13169,1452.7073,281.06128,30.690552,1451.9116,277.35437,30.925848,1451.0178,273.83002,30.805925,1428.6305,250.43251,175.56654,1427.4014,249.84346,-85.22278,1397.1243,292.09,126.92026,1396.8137,288.01495,51.27311,1241.9417,145.55872,331.8557,1283.5414,303.52454,-241.05579,1056.4116,218.29956,542.9426,1123.3579,417.05002,-277.87723,1081.847,381.62247,706.39233,1172.5436,537.4439,-226.98003,1108.0424,401.72125,750.7966,1206.4688,562.1577,-268.48868,1132.6401,417.04547,699.0076,1224.3623,542.8398,-225.84608,1122.4464,416.1477,689.7768,1206.47,529.97485,-205.26103,818.0555,175.85583,184.5005,820.2855,271.36365,-183.77498,502.548,254.61938,273.82355,484.72958,329.76562,-86.454025,207.47333,260.9743,406.65497,163.07523,321.50775,-41.123043,154.80023,232.27228,416.95868,102.83995,290.91943,-42.886154,178.73274,369.169,395.5751,141.7777,438.9994,-114.29839
IMG_050.JPG,2074.1558,1083.8215,29.309925,2121.5227,1058.3182,56.15847,2121.9463,1052.6392,56.3319,2122.5083,1047.3618,55.976845,2119.6047,1059.3835,-51.104355,2119.996,1052.3737,-50.9729,2120.0435,1045.5298,-51.008842,2101.3867,986.61414,210.19731,2097.1597,988.7478,-254.37619,2024.7808,1055.9498,106.03524,2023.5598,1052.8064,-28.166206,1852.5055,804.7675,474.72537,1872.6384,1004.7244,-488.82278,1831.081,1027.283,760.15063,1779.4667,1274.8206,-569.18365,1979.2935,1243.9226,875.1868,1933.6387,1342.7347,-298.28775,2036.6364,1292.5016,905.2292,1993.4075,1369.1257,-376.3584,2043.1342,1293.2612,837.5025,2001.1744,1323.4778,-382.61032,2016.1176,1282.0868,844.04675,1966.61,1304.4004,-296.11737,1154.4175,810.59515,288.1902,1137.3208,918.02795,-287.44366,657.718,911.29834,363.8919,648.6404,1004.629,-142.54282,218.27171,922.07825,503.70782,192.29141,1005.6429,-16.725689,141.81404,885.999,512.5437,102.37465,965.0012,-15.840669,157.52869,1062.5697,422.70035,169.23836,1154.3895,-143.72392
IMG_051.JPG,2086.1162,1111.7239,20.154758,2133.7454,1089.54,53.338333,2135.0808,1084.1385,53.567997,2136.5872,1079.1229,53.13911,2130.879,1089.6322,-56.487526,2131.4548,1082.2716,-56.194405,2131.6353,1075.0477,-56.144527,2121.3723,1016.9077,217.3194,2113.3672,1015.61163,-259.6885,2040.7163,1080.8033,100.38289,2038.225,1076.6512,-37.17239,1888.8477,820.34894,495.38434,1905.1855,1015.74316,-501.23257,1893.078,1063.6176,778.76776,1837.2461,1300.2926,-549.6018,2021.2982,1251.7372,850.87524,1975.7946,1339.7665,-92.87976,2068.8994,1298.3575,881.12476,2029.0884,1356.4209,-124.78088,2070.216,1290.7571,825.5225,2030.2478,1311.6716,-133.46037,2045.3906,1281.1224,825.19415,1997.9128,1293.738,-83.91629,1180.1914,814.0623,303.87497,1168.6965,916.8913,-303.29022,694.16406,916.7136,389.44214,695.3742,1004.68427,-163.74124,260.0437,938.3162,523.922,240.3305,1019.594,-37.913403,185.66833,905.1492,530.8985,149.9083,980.5464,-37.013313,190.22293,1068.968,447.40167,209.61746,1163.0214,-152.22295
IMG_052.JPG,1995.64,435.79382,9.546762,2028.6628,407.5406,22.185326,2028.1461,404.20923,22.42125,2027.738,401.2436,22.068474,2024.7833,405.0603,-68.056244,2022.332,397.8624,-68.10032,2019.7206,390.70895,-68.45378,1992.6433,356.5067,172.0498,1981.4904,347.05502,-212.8563,1945.5928,425.5424,83.24795,1941.8354,416.4516,-27.630028,1713.6866,249.18108,402.80307,1761.1106,375.52435,-399.35294,1529.5538,260.25052,697.35706,1603.2408,506.88483,-768.02167,1629.2506,441.53458,969.68756,1795.0132,661.0765,-1179.1649,1674.5774,469.98773,1022.3004,1866.9917,688.1784,-1307.9078,1700.755,485.39914,954.6993,1888.7634,671.352,-1266.9016,1680.6095,479.62134,943.06274,1853.2764,659.6243,-1175.7434,1137.4657,330.93555,270.6187,1148.8031,414.47244,-270.347,655.4829,383.66412,270.894,634.0693,488.037,-246.52399,209.03993,345.62946,325.4546,156.60664,430.05,-290.15393,122.4055,306.06638,328.99756,60.791138,388.92282,-310.61725,179.77457,516.1026,225.58907,143.82764,596.88257,-502.9444
IMG_053.JPG,2037.4695,477.7646,-138.85281,2068.6433,450.7311,-104.85158,2067.6553,447.17627,-104.66634,2066.8254,443.9091,-105.16313,2066.4197,447.55515,-205.76192,2064.531,440.33096,-205.82626,2062.4294,433.07816,-206.30064,2029.3368,398.35828,88.8356,2021.3954,387.58118,-351.5421,1983.5881,466.6078,-54.910957,1981.4576,456.66086,-179.87044,1750.0613,297.30118,395.76114,1782.4016,369.1158,-592.5502,1571.3004,304.7099,836.60254,1607.4647,488.1523,-1119.8696,1678.5461,479.94827,1166.7335,1823.7374,660.31537,-1604.9609,1726.9062,508.42703,1229.8745,1896.8618,690.5564,-1741.9686,1746.6581,524.21313,1148.779,1917.7229,671.72723,-1710.4213,1725.4365,519.4435,1135.0619,1882.533,660.4733,-1600.9412,1130.672,342.47818,331.9421,1132.7498,389.52124,-331.8739,664.837,385.148,380.38153,626.02313,464.8215,-272.564,228.58606,348.60223,494.96808,151.38422,423.53677,-245.09727,140.15956,302.95184,495.78036,52.25366,381.8222,-265.884,189.72972,524.84894,331.48526,129.51251,582.85986,-520.5094
IMG_054.JPG,2047.1862,883.53296,-102.486786,2088.4023,851.48364,-77.40605,2091.1013,845.0823,-77.248314,2093.845,839.0837,-77.87752,2081.3599,855.62946,-177.90947,2079.8008,849.9148,-177.62747,2077.7668,844.3906,-177.74092,2071.57,781.396,55.29052,2047.7885,794.7442,-359.4141,2003.0131,861.2415,-37.189995,1996.0653,861.64404,-154.95438,1850.5382,662.3122,269.68024,1858.9877,788.526,-617.0827,1833.649,786.17645,633.46704,1867.1953,1001.7493,-1126.1713,1950.4714,1022.40375,892.3874,2059.7068,1210.5295,-1414.6971,1991.0305,1060.7618,937.8615,2105.8752,1259.4608,-1552.2773,1994.1981,1077.7905,836.7801,2120.3652,1229.7671,-1511.7631,1974.1982,1069.8171,856.3876,2096.3738,1206.6671,-1409.0094,1104.0836,746.65076,255.15085,1084.1785,804.74335,-254.81099,622.4898,768.26044,447.57172,600.0619,858.62476,45.627216,226.07677,763.3558,732.2821,200.12704,835.206,279.51364,164.29478,735.8774,752.6298,126.51783,792.2905,289.60303,120.92944,847.0124,597.5411,121.269844,949.8188,109.53084
IMG_055.JPG,1104.6353,290.47296,-53.67061,1126.1945,281.52167,-44.243237,1126.6909,280.1162,-44.16204,1127.2551,278.9123,-44.40795,1124.5911,279.75122,-87.06367,1124.4208,275.9753,-87.26397,1124.1273,272.2319,-87.35636,1115.4061,255.635,30.254389,1110.2047,248.05643,-150.01498,1079.629,280.35522,-18.46493,1078.8662,275.7973,-70.05586,996.0098,187.22577,144.29012,991.81793,217.70856,-230.4773,955.75494,175.3886,314.88364,904.4393,269.33633,-387.5705,1008.94666,264.92538,463.00818,984.8637,346.2177,-547.904,1033.4957,282.33627,477.7573,1013.60657,359.0083,-599.04803,1035.5417,291.04816,448.46432,1022.3898,350.8794,-591.7206,1023.85785,285.33627,448.364,1007.84454,343.83627,-548.3842,639.2297,207.3125,132.96793,630.66284,220.63306,-133.01938,390.2387,225.65602,146.30688,367.59082,254.86118,-67.404305,171.77092,213.07187,215.5994,140.17165,245.70596,2.7756977,138.24513,187.09448,220.08072,105.266396,223.2654,2.8757281,121.64948,298.64172,137.94359,93.1996,321.4679,-98.03057
IMG_056.JPG,1131.7819,267.5548,-27.923056,1149.3508,256.18988,-19.466173,1149.0559,254.30705,-19.285555,1148.8506,252.63394,-19.50061,1148.8959,256.10217,-59.630283,1148.654,253.15663,-59.75542,1148.2764,250.21336,-59.832993,1132.1611,231.13245,47.321716,1130.372,228.97606,-122.4729,1104.7988,259.45175,3.6768327,1104.9564,256.50897,-44.780834,1010.85,177.00374,151.30672,1013.19635,207.50642,-199.30736,974.5136,170.21156,321.24445,943.32367,248.61942,-363.68216,1007.1667,261.3916,473.07816,1016.1434,319.34793,-530.9573,1022.0296,281.5913,495.37555,1040.179,331.07278,-581.26355,1022.7585,288.77264,459.56464,1047.4113,326.6286,-571.54706,1013.4468,282.636,458.69778,1032.8778,319.66302,-530.4898,672.536,203.275,121.37669,666.75385,215.84616,-121.520386,426.79947,223.71446,137.83531,408.01727,257.6036,-73.09549,203.52669,220.54475,194.29958,173.46967,261.08057,-31.523859,169.80159,197.97427,196.90286,138.01598,241.95119,-33.73472,150.17197,296.49744,111.24387,121.879196,330.99042,-135.96848
IMG_057.JPG,1090.6448,236.96854,-53.261387,1109.7971,232.34378,-46.82671,1109.4878,231.77718,-46.75012,1109.2772,231.41884,-46.94776,1110.5674,229.4435,-85.16469,1111.3292,225.7753,-85.33734,1111.9503,222.12657,-85.41949,1097.9982,212.0469,23.674456,1100.6082,200.39792,-140.84338,1066.3013,227.47997,-19.655294,1068.5989,221.91534,-66.39646,995.9829,154.67567,133.02876,990.409,161.43266,-209.49477,978.9103,146.20155,298.0649,912.85846,197.93327,-364.1113,1026.2262,235.34872,436.09872,986.6628,282.47748,-513.2628,1046.2643,253.55283,447.58316,1009.6049,299.3187,-559.4862,1047.2133,263.68607,416.12234,1020.24335,292.41956,-551.62714,1036.7495,257.3898,420.7458,1007.5773,284.486,-512.44794,647.3319,189.59222,125.93954,637.1596,189.78468,-126.01506,399.15677,194.60797,130.9037,384.28708,221.57199,-73.452286,183.5733,179.95096,186.02545,162.41176,215.54018,-13.210153,151.78143,154.18866,188.50928,129.72977,192.88737,-13.62564,126.9334,256.64713,94.7045,108.06185,287.698,-119.42743
IMG_058.JPG,1100.8,258.40317,-10.581103,1125.4713,249.7715,-4.3815365,1126.5476,246.07677,-4.2816358,1127.718,242.60507,-4.523585,1124.7279,252.33835,-53.60083,1126.4482,249.81743,-53.581818,1128.0262,247.2536,-53.661526,1130.3376,211.39456,68.344765,1130.5243,218.57375,-150.12747,1086.0992,239.18588,26.920635,1086.9751,241.89047,-36.43427,1026.9893,134.68645,195.59494,1045.542,182.1621,-243.21701,1013.0731,229.60915,311.90204,1034.7047,340.41504,-263.9545,1083.2043,278.15396,347.3963,1144.7263,348.20435,-141.7856,1105.6633,296.77722,357.17136,1174.2346,363.60013,-201.4316,1105.7269,295.2083,337.46573,1176.8695,338.1626,-220.7625,1098.2885,288.20645,335.2053,1160.6249,328.98303,-149.40198,704.8808,145.8757,124.990814,697.12524,162.22858,-124.78165,473.6817,188.71451,142.23793,461.67868,208.43895,-50.811363,258.89633,196.17738,219.9721,230.84074,228.29428,49.009712,223.78137,178.7144,224.24626,194.53673,214.07935,49.6187,223.09488,269.79263,142.2826,196.91235,303.27707,-42.80475
IMG_059.JPG,1002.5005,381.516,5.54001,1028.4161,375.60266,5.1349406,1029.5518,372.9746,5.128429,1030.7637,370.52643,5.015635,1027.8842,376.58105,-41.10873,1029.3896,373.79367,-41.204018,1030.7545,371.05292,-41.382504,1032.1895,342.2366,50.215668,1031.5756,343.5758,-150.62769,985.99084,363.15448,33.999737,986.6872,363.3606,-24.024084,936.6088,250.18474,144.88362,942.952,317.4407,-215.50461,888.06024,309.98257,292.32532,881.43494,417.8112,-231.09996,937.6951,371.39172,377.2237,965.124,424.34937,-69.03039,956.4094,386.41904,388.89465,993.4104,429.22546,-89.71494,960.0267,389.5959,369.73148,997.4011,407.90192,-96.61689,951.29004,386.02527,367.88797,983.0058,402.49155,-67.95426,599.32794,267.1195,110.249306,588.6147,300.4751,-109.92561,351.42584,298.63535,125.139244,346.63312,340.03616,-34.345356,132.9788,309.80682,198.22633,121.57498,350.75552,50.0978,96.717285,290.64893,201.84895,81.08713,333.49738,53.239304,102.76982,378.40088,134.40668,101.56313,414.2846,-12.980464
IMG_060.JPG,752.63666,235.57642,61.41032,767.20654,230.14935,73.34532,767.314,228.49634,73.446655,767.49506,226.92212,73.244064,768.81024,230.07588,32.997246,770.3766,227.87285,32.948547,771.92267,225.69621,32.834427,768.09985,208.3324,134.78348,773.84674,207.45242,-41.806828,742.23334,225.03233,91.851135,744.9199,224.0377,41.22627,707.63086,157.04802,228.69656,727.03625,183.69243,-139.24748,620.3272,143.04924,404.39343,634.77136,194.89815,-322.4798,624.0718,202.45308,523.79364,673.7967,279.22925,-446.11807,626.5995,213.73973,551.56775,684.9435,297.02914,-474.6514,635.63367,221.59683,524.931,695.0321,297.37973,-452.36392,634.6333,219.30774,515.7125,688.3153,289.80783,-435.82993,507.7608,188.09666,120.77551,508.15164,203.72224,-120.38408,346.06137,202.18614,108.768105,335.4588,222.87892,-111.40651,195.69255,182.38374,154.36519,177.83202,214.48749,-109.05975,171.80806,162.65936,154.52371,152.89594,194.56313,-111.9892,165.23383,233.0794,99.53642,148.16917,273.74625,-182.73828
IMG_061.JPG,690.80725,191.5922,-5.524026,706.7325,185.65814,0.6303033,707.12177,184.22989,0.6995908,707.5704,182.90886,0.49421778,707.3308,185.37874,-36.299847,708.3575,183.05017,-36.34177,709.355,180.75354,-36.461273,706.8351,164.11494,55.539623,708.5566,161.97151,-104.302605,679.2808,181.39679,22.357521,680.507,179.793,-23.52799,641.0952,118.303345,152.57724,653.7295,137.62685,-178.80463,556.80383,118.653175,296.34415,579.9013,176.56041,-344.64993,552.11285,168.50209,374.69165,627.0142,249.71988,-458.26056,551.9414,178.4329,392.41928,640.25385,264.13715,-495.87967,559.4111,183.77731,364.69534,648.2065,261.24985,-476.10504,558.89465,181.17781,364.53488,640.5265,254.51106,-451.2684,433.21674,140.77338,109.733765,429.07123,152.0598,-109.52469,275.49075,158.5471,104.06612,272.61267,177.38718,-74.68944,133.23198,149.93327,144.48566,118.92149,173.42064,-38.672794,110.46329,130.81819,145.48311,92.531906,153.63464,-39.180862,103.58552,204.39308,93.6059,93.69577,236.32257,-104.00442
IMG_062.JPG,680.0288,193.0332,-2.0819182,690.50964,182.07434,4.572072,690.3251,181.15175,4.6461587,690.15906,180.3357,4.5489535,689.4223,181.34256,-27.266691,688.43604,179.02353,-27.288057,687.4063,176.76378,-27.289988,677.3437,167.99171,53.084785,673.6962,165.10707,-81.46373,662.97327,192.30098,22.047945,661.6947,189.33646,-16.44618,586.05896,141.29408,135.14426,597.39996,174.91643,-154.674,502.65024,132.81807,256.9379,505.71155,203.33514,-261.84088,537.3393,190.31898,337.97675,584.16595,279.54333,-368.27,550.745,199.7971,352.26157,606.7132,298.53314,-401.0266,560.83295,207.40091,331.40866,619.96625,292.07532,-384.96844,555.4092,205.24028,329.4551,608.454,283.74072,-363.17902,389.97528,165.59889,96.410065,395.52292,186.8668,-96.23312,233.86276,168.02281,114.73615,233.10738,202.27254,-55.877502,98.14368,168.3449,148.07602,82.16011,186.4887,-38.352448,71.38082,154.33197,149.1849,54.68168,168.18987,-39.36498,85.727974,221.26634,112.39371,64.055855,246.509,-93.91335
IMG_063.JPG,700.0814,222.10341,21.307331,714.98364,215.67775,28.17624,715.2147,214.06363,28.271255,715.4867,212.54588,28.085009,715.2405,215.96883,-6.2917223,715.9197,213.74492,-6.321717,716.5526,211.57695,-6.3769193,711.8105,193.09383,75.104385,712.6185,193.52992,-73.39222,686.4967,211.9127,45.988323,687.3409,210.86848,3.1019804,643.3373,131.5757,145.89938,653.4061,179.80756,-149.17033,578.39386,130.62134,266.23926,589.8232,219.19548,-289.7088,597.82935,185.89839,357.9169,630.4566,276.45438,-389.33646,605.4403,196.1978,376.13727,644.7664,286.5809,-421.8718,614.42444,199.35796,353.37067,651.507,283.7577,-407.4206,610.5684,197.47662,350.3552,642.7411,277.8509,-383.91785,440.7503,142.3707,93.686066,437.15936,168.56767,-93.657104,279.0428,151.44762,98.84784,269.73633,193.62079,-65.89216,136.44,146.00455,118.71567,122.43557,185.74968,-52.70526,112.8853,130.81982,118.9147,96.10981,170.74666,-54.775486,109.6798,196.41968,73.03424,101.97138,237.33638,-110.94719
IMG_064.JPG,702.10803,209.7862,44.227287,716.1131,204.41658,53.427303,716.25995,203.10696,53.536663,716.44403,201.8732,53.374,716.7936,203.98442,15.788132,717.6272,201.83147,15.796148,718.40955,199.72011,15.663632,713.9282,184.23347,110.02135,716.12885,182.75128,-53.01162,690.4627,200.86775,72.89981,691.7858,199.21237,26.09057,649.5309,126.6612,187.73036,665.09485,170.84569,-145.87843,570.2949,117.572235,362.35367,588.92303,204.12096,-346.573,586.2502,175.23079,509.14142,626.156,260.25165,-493.95486,589.7566,185.4323,531.3609,635.8924,269.05835,-524.71954,601.398,189.15312,506.56702,643.79565,268.51965,-510.2237,599.28516,187.38028,503.21542,637.3074,263.9499,-487.6984,450.01303,150.63065,111.10913,448.66537,176.86534,-110.900444,290.81787,158.95885,112.16668,282.27188,193.9343,-91.878716,145.98729,140.3957,142.35872,132.41109,175.14456,-90.28869,120.56814,120.74282,142.3249,107.13698,154.32437,-93.24695,121.15331,194.38416,97.30783,106.56368,234.84889,-157.77094
IMG_065.JPG,695.4126,212.2969,15.014807,708.749,203.87286,17.354654,708.91376,202.64815,17.452456,709.1287,201.51332,17.326878,708.7584,203.94164,-10.1921625,708.88477,202.05789,-10.157312,708.9604,200.22794,-10.224153,703.7872,187.49898,50.62674,703.5563,187.5854,-68.966034,682.2589,208.30672,33.838062,682.3351,207.12366,-0.007391519,627.64386,151.88937,126.002106,650.5248,198.76508,-150.44882,573.317,187.23611,201.7508,631.6736,269.7398,-217.85701,604.4324,237.58437,237.33466,687.2875,312.64795,-197.39183,617.22156,247.4125,244.46103,702.74243,323.3752,-222.05287,621.21655,249.37961,222.44711,707.583,317.10983,-212.91823,615.13074,247.45883,227.84259,698.475,311.57047,-192.94762,424.16885,202.00381,86.33356,429.05786,229.85194,-86.06551,265.5123,218.51959,98.164955,260.95578,244.44914,-67.44452,126.732025,218.21445,136.6186,100.87098,233.16287,-63.33874,103.89345,206.30351,138.49951,72.24961,218.91447,-67.53579,106.22126,254.58617,97.28125,83.332146,280.12292,-132.58923
IMG_066.JPG,680.11804,184.61401,-0.28333583,693.7122,178.19635,0.27744722,693.52997,176.09659,0.41251495,693.4087,174.09648,0.30339998,695.3822,180.59119,-30.083797,696.59375,179.75395,-30.129267,697.72534,178.93071,-30.341621,690.6491,159.50058,33.290936,696.29877,167.5198,-97.7529,668.01843,177.3896,19.183445,670.495,179.48398,-17.960392,622.9182,110.85672,120.75956,647.51965,170.08778,-176.38013,558.30334,108.79333,261.1801,632.8235,238.72101,-341.8733,555.55316,136.60692,370.9895,695.2841,272.4687,-411.33264,554.8117,142.68106,387.2241,711.80896,281.08716,-446.71954,556.6097,144.35547,364.31537,713.7988,271.81906,-436.2099,555.76514,144.60605,363.3793,703.97095,266.4303,-408.23572,419.16028,150.7144,92.70644,420.50632,180.65053,-92.48962,256.36182,162.56969,109.22146,256.02612,192.69357,-58.941833,116.16435,170.22742,164.30728,103.8971,182.56732,-17.642569,93.603455,159.78543,166.50919,78.128845,170.50526,-18.887981,93.09174,208.96228,111.293045,84.75106,223.3704,-89.50529
IMG_067.JPG,120.42168,199.69644,-15.307908,106.47428,196.38136,-47.024582,105.438385,194.50876,-46.99492,104.41383,192.49156,-46.98143,107.09129,195.62663,-7.773369,106.53155,193.21112,-7.7607374,106.10699,190.78851,-7.921919,102.91221,172.18245,-133.94666,103.433586,168.96602,44.750465,129.48685,186.27698,-40.550117,130.6228,185.05736,11.667903,149.40973,141.9168,-212.78755,167.39209,105.75006,123.10282,167.78133,218.67946,-329.69257,234.86324,115.97555,220.87193,126.53905,291.88693,-347.29398,249.75871,140.60951,255.876,118.54912,311.33215,-379.63687,251.98247,141.24107,263.34924,111.98149,306.75476,-367.5606,247.32965,145.87021,235.30858,118.754,297.32477,-340.95825,247.77194,147.07326,243.70578,378.0939,142.45947,-100.87707,375.82272,129.64731,100.80627,535.49255,164.43678,-39.4953,521.9972,152.12576,125.477585,696.32355,170.5653,37.591965,666.1487,162.49841,191.31891,723.2322,157.46774,41.158157,694.01117,149.64569,192.77908,720.077,217.64313,-33.75948,683.3924,214.00626,135.12794
IMG_068.JPG,745.04156,230.41425,54.850033,762.00977,223.7964,52.597183,762.7505,220.51741,52.680645,763.5416,217.34755,52.47796,761.6374,228.04498,16.63266,762.5311,227.46716,16.640879,763.3652,226.91919,16.526857,763.90393,197.47733,71.0588,763.9101,211.3796,-85.52438,733.82324,217.98909,70.771255,734.405,222.81111,26.077032,701.2615,124.88856,147.88333,708.55743,210.49449,-166.48282,653.3858,125.89461,320.10703,685.7513,288.84503,-304.0815,671.5701,184.44919,478.55414,745.6902,333.06308,-383.29468,679.5039,196.94421,500.48804,763.13306,343.10144,-426.18777,682.22736,199.7374,478.883,766.4173,337.71387,-418.95053,677.7589,198.22876,472.45157,755.9251,329.94577,-380.83337,458.21277,171.27762,104.89044,450.15445,215.69246,-104.635,272.4941,196.56006,123.392944,261.14792,255.26558,-58.71869,108.92668,199.6876,176.85925,81.14842,249.5333,-30.695877,79.3815,184.06795,179.1354,47.63193,230.24895,-33.92514,93.93812,260.67654,124.22737,69.90125,316.67416,-99.61337
IMG_069.JPG,695.30005,197.5889,87.461914,709.9644,195.04109,79.277084,709.80597,193.38771,79.357796,709.66656,191.78616,79.24305,711.26196,197.54637,55.67951,712.3741,196.98729,55.683216,713.44604,196.45454,55.695137,706.8962,180.34755,76.48048,712.88965,188.57777,-28.473305,682.3131,191.44801,93.207565,684.9336,193.03325,63.64488,641.9225,116.958824,118.530205,652.5282,189.19237,-104.72211,561.04767,85.278885,226.10315,573.98627,211.61214,-194.44617,572.30774,148.82494,338.5712,632.2127,262.41586,-277.86313,579.5679,158.3075,353.05365,651.83984,274.40698,-304.5349,587.47473,168.99846,340.04987,662.3006,269.8861,-294.54654,584.4316,166.83772,334.92014,652.40045,263.53677,-275.18723,425.94818,152.98338,96.594475,425.84033,192.53047,-95.95529,261.5441,171.64247,105.19554,251.24422,208.47267,-49.2606,115.73418,167.46567,156.18892,90.28033,192.78984,-20.478338,89.30551,151.0753,159.15488,62.68702,173.79414,-22.702023,99.36534,223.60516,121.266975,70.6594,253.95439,-71.27977
IMG_070.JPG,673.581,214.08295,56.994923,688.96246,208.54675,56.630142,689.3003,206.53621,56.688515,689.6796,204.59721,56.52736,689.31287,210.2975,23.729498,690.1617,208.7774,23.653152,690.977,207.27795,23.561537,688.6301,186.87302,77.38092,690.746,192.29323,-66.579025,661.60284,204.2933,71.80629,662.9811,205.43376,30.909595,624.0702,123.56785,130.4392,633.16095,178.40042,-132.19507,547.97925,106.52583,258.6156,557.60596,213.14333,-220.99103,572.90704,160.04333,375.50378,623.2671,263.65607,-292.3747,582.0067,168.22931,392.4589,644.3254,274.92108,-321.29214,590.10394,175.38498,375.7294,654.68994,269.80338,-308.67072,585.8773,173.43497,369.8918,644.37177,264.92386,-288.5088,409.62332,161.43193,100.149055,407.7902,190.22691,-99.64998,251.84236,179.70345,109.6792,238.79657,206.58575,-56.762947,111.53626,171.87088,166.11311,84.52208,190.63641,-20.35522,86.10184,154.9468,169.35736,56.07941,171.53705,-21.228687,96.017624,224.21777,129.34583,70.19289,248.87505,-72.369354
IMG_071.JPG,142.67816,177.96231,31.336136,128.71898,171.4002,-3.8192892,128.41295,171.03058,-3.7244122,128.09555,170.60106,-3.6630363,129.51958,167.34467,22.654963,129.6348,164.39484,22.65787,129.8928,161.39125,22.47498,136.03612,157.45776,-87.83443,137.8729,144.36557,30.769825,156.83536,172.96312,9.370344,157.3849,170.03003,43.98954,208.55344,176.0811,-123.5765,213.91772,95.58696,100.82032,224.6326,257.3004,-123.58087,251.90717,131.20909,215.20381,190.27,280.03232,-61.221397,221.76453,177.07104,291.93576,175.37682,286.60583,-77.36236,209.75401,183.99539,303.02957,176.46175,275.02414,-77.31918,208.57008,189.14226,288.60275,185.5637,267.25195,-62.49207,215.97585,189.22739,286.44766,435.0139,140.31369,-74.7388,429.33313,99.4264,74.91576,573.31506,159.32364,-27.67779,567.70026,125.23217,105.74942,716.752,155.43674,26.075281,703.2314,128.66203,155.50723,745.3211,140.6351,27.319937,730.83923,115.479416,157.07028,719.8482,207.73042,-7.718803,711.06934,187.5558,141.88065
IMG_072.JPG,174.53581,182.35449,34.54944,161.37636,175.52898,-3.0887563,161.3973,175.3752,-2.977812,161.40643,175.1186,-2.8676758,161.42839,170.77094,24.842884,161.37047,167.47273,24.81837,161.49118,164.11029,24.6145,170.61644,162.81966,-98.777794,169.99226,147.19385,26.132973,190.1703,178.67549,8.967023,189.79013,174.48402,45.358612,244.85236,186.91364,-137.09793,246.34123,98.18767,101.86292,258.35883,262.00836,-119.829926,276.1808,129.86868,242.73499,222.22957,284.77808,-25.533117,239.63872,181.66566,376.0689,208.1274,292.81863,-39.654423,224.6424,189.29814,400.6176,206.4023,283.6218,-35.71815,222.89664,195.6948,384.18634,215.98659,275.25342,-24.30316,231.85144,195.64684,371.78094,476.0866,154.76675,-75.623856,469.7434,108.64281,75.81884,613.66327,175.74709,-16.230127,606.5444,134.77379,123.06625,755.9168,175.2421,43.878284,739.6603,147.42796,174.95724,786.4874,161.84483,45.946587,769.1044,138.68507,178.38234,754.1346,224.8865,24.122322,741.961,198.72296,176.89651
IMG_073.JPG,757.5613,228.58806,-56.184917,769.69147,217.31725,-46.253506,769.54663,215.72073,-46.183357,769.4469,214.25148,-46.29571,769.0614,216.56209,-89.146324,768.643,213.82147,-89.09875,768.1295,211.08961,-89.22702,758.6483,194.2154,28.471848,755.9392,191.44801,-156.45435,740.1433,221.96883,-22.955694,739.4965,218.89131,-75.77612,669.8203,148.18292,142.59325,676.8215,180.42075,-226.46498,592.0407,102.08099,369.52686,603.6209,190.65442,-473.65622,589.9015,141.381,561.8449,664.43524,267.1633,-681.1636,590.55963,149.75761,594.30676,679.1073,281.92078,-718.0428,597.2563,155.17007,565.3417,688.95856,280.12833,-701.3877,593.6488,154.9879,554.7391,679.9335,273.79337,-675.2246,455.89734,172.1028,123.21446,455.50443,189.12617,-123.40053,296.3903,169.46631,145.87286,288.40652,193.17395,-78.656296,147.89804,153.08754,200.25946,135.02733,172.81168,-44.422337,119.02275,135.49821,201.3865,106.66995,155.12337,-45.53235,120.62107,209.2651,148.074,106.02197,219.88362,-124.05279
IMG_074.JPG,833.12,276.19885,-31.725368,846.01697,266.23312,-23.456442,845.6781,265.93622,-23.309256,845.39594,265.72852,-23.442783,844.6006,263.27347,-56.869648,843.2847,259.91653,-56.905544,841.9012,256.6362,-56.92824,829.11536,254.86324,39.266365,824.57416,244.70525,-100.69201,811.59454,278.0642,-1.6112301,809.76135,272.39243,-41.447956,713.45905,223.4415,146.6228,736.06995,274.51816,-191.61823,627.5672,238.34914,289.48587,668.62335,351.9996,-346.8233,670.0665,300.16443,424.0693,733.027,407.48444,-478.61465,689.50104,306.1365,452.3066,758.7059,413.44217,-520.6258,698.00397,311.09933,419.7389,765.64307,404.65112,-499.97772,689.0841,311.37134,412.9826,752.4771,401.44766,-473.32523,470.28812,269.4201,102.41201,479.42606,301.9101,-102.19322,284.259,287.6364,118.5571,279.40506,326.8838,-58.767365,117.19349,280.66382,157.31966,95.2145,308.7045,-33.572277,83.58243,264.38306,158.92352,56.909855,295.08502,-37.538074,107.934235,334.21487,116.07644,93.88067,363.31668,-102.77476
IMG_075.JPG,998.4458,1075.6305,62.618294,984.7423,1081.8739,47.88964,984.863,1084.2886,47.91352,984.90063,1086.5929,47.70839,984.9643,1076.1654,40.9431,984.68945,1075.5874,41.078445,984.53094,1074.9346,41.167107,997.65717,1095.6707,2.8002553,996.304,1080.0068,-23.079378,1015.58716,1080.4916,51.2866,1015.06384,1077.8103,43.544983,1082.3217,1111.6261,-34.707745,1080.788,1059.3036,-59.104076,1112.9728,1029.4358,-54.361286,1114.5786,972.18207,-81.32326,1094.9768,922.3777,-67.59174,1107.1124,911.1723,-116.487564,1080.5544,895.41425,-78.6713,1108.4083,888.0788,-157.2335,1079.7655,885.9209,-103.49982,1098.93,895.22455,-164.63316,1085.919,895.96063,-81.05612,1100.7903,904.7565,-122.095375,1359.4359,1094.2107,-29.390276,1361.7007,1072.9531,29.942543,1548.5168,1055.4011,18.713406,1515.2521,1062.4323,121.15678,1717.1335,997.379,68.40006,1660.5972,1087.4827,296.20703,1735.2258,983.87415,72.16153,1675.2307,1086.9498,308.3338,1786.6987,1005.52704,-21.57676,1724.8662,1111.5773,232.20207
IMG_076.JPG,1586.0593,1086.7421,37.56934,1604.2565,1072.1884,53.09176,1605.1455,1069.1058,53.22737,1606.1365,1066.1313,52.95059,1601.7192,1072.6674,-6.624336,1601.1772,1069.3662,-6.45658,1600.5015,1066.116,-6.3809595,1601.3702,1040.7711,137.37318,1593.8184,1042.023,-130.02478,1570.591,1077.3987,78.39215,1567.8021,1077.2457,1.4980341,1506.463,986.97174,281.14175,1521.2173,1051.2582,-271.60773,1441.5952,1054.0052,496.1692,1487.29,1171.0735,-322.46677,1481.8071,1110.7528,597.29913,1545.3846,1209.5974,-138.45126,1498.2034,1124.8003,644.97736,1563.2126,1217.907,-166.14677,1502.4958,1126.6421,612.9372,1563.0768,1205.1172,-156.83524,1495.2081,1124.1604,585.95544,1552.848,1198.2836,-127.735435,1264.218,1010.54614,170.83679,1264.0857,1042.9591,-170.71835,1070.9753,1048.5715,169.85333,1074.1971,1089.2218,-167.92342,890.417,1069.8256,205.55193,872.4328,1097.098,-177.11748,856.7874,1053.392,205.62523,838.5973,1072.4552,-183.45671,869.5102,1152.1285,147.55972,842.1527,1189.6631,-269.90118
IMG_077.JPG,1605.9813,1070.8604,17.743658,1622.1062,1057.5773,32.03712,1622.4714,1056.208,32.228485,1622.8827,1054.9285,32.049755,1620.7026,1055.1321,-20.003273,1620.2382,1051.3605,-19.912882,1619.6716,1047.668,-19.95834,1614.9197,1032.5223,121.87408,1610.0964,1025.756,-106.622765,1588.5822,1065.5674,59.894123,1586.786,1061.4513,-5.616208,1516.7944,974.4754,241.55525,1536.1174,1043.7383,-240.11331,1424.9924,971.3208,475.09464,1480.6511,1129.5221,-475.1715,1451.603,1029.8754,690.6145,1523.8494,1191.7767,-604.69006,1458.6184,1041.9427,734.56573,1533.5911,1204.2592,-649.7059,1469.0181,1045.8359,701.8561,1538.8024,1196.3634,-634.9938,1464.9155,1046.0181,682.67554,1530.8359,1188.6027,-598.39185,1274.5688,1019.7532,152.36371,1272.147,1055.9247,-152.18675,1074.648,1043.0085,156.32013,1070.8207,1094.772,-159.2426,888.0856,1055.5813,191.33636,875.1483,1086.8806,-187.67326,852.5398,1039.6034,189.91302,841.9874,1061.3984,-194.74464,864.9811,1124.314,136.15726,844.1706,1174.7174,-280.3218
IMG_078.JPG,1138.9617,331.63467,-35.24825,1150.2961,317.59723,-22.618729,1148.6693,316.5998,-22.482311,1147.0653,315.79523,-22.536184,1151.6571,315.02725,-71.7936,1151.1649,311.13806,-71.747,1150.5908,307.35095,-71.79403,1124.6886,293.79163,69.07875,1128.5782,285.03677,-136.69388,1109.8379,326.1582,6.471724,1111.5835,320.38318,-53.057487,982.23267,237.83904,178.36562,1011.9493,289.77994,-217.07349,861.39246,201.0522,341.41187,889.215,315.2544,-447.44708,882.73535,271.83704,481.78387,957.82025,400.82303,-687.0954,893.74005,281.89166,501.17105,981.8177,411.03986,-741.0512,906.1695,289.28622,466.03345,993.10065,409.01797,-713.8256,900.1163,288.32318,469.6304,978.5707,401.05508,-680.14795,665.53864,257.77066,127.99254,675.2056,290.47083,-127.73486,413.72357,277.03986,124.544014,412.22858,333.04807,-118.10845,178.05827,261.065,128.184,153.05582,296.7023,-191.0647,135.38794,241.15366,123.41513,101.06148,264.70648,-203.63197,147.9542,316.92096,59.075428,132.09619,385.61237,-304.82193
IMG_079.JPG,1672.6663,1211.3271,183.82805,1682.3508,1187.7036,212.43481,1682.1178,1184.2723,212.66992,1682.0005,1180.9844,212.46133,1679.7424,1188.6198,135.85754,1677.8674,1185.2955,135.92253,1675.9142,1181.8859,135.70346,1663.4064,1152.7798,339.69135,1653.9392,1155.9983,3.71281,1649.3434,1206.2614,239.11407,1646.0968,1205.0372,143.18568,1530.3455,1107.729,488.37012,1553.1805,1156.9491,-195.62488,1414.867,1073.8832,768.01953,1434.5796,1184.5631,-510.20383,1447.8777,1146.5974,1002.56274,1498.3982,1268.4321,-812.19995,1463.8052,1159.5271,1060.2144,1518.5573,1281.9043,-878.2093,1473.6958,1167.5802,1017.2438,1528.9128,1278.305,-852.48175,1468.1627,1170.5308,988.5837,1517.3936,1272.3177,-804.589,1217.0116,1145.2112,240.3244,1224.7823,1171.0923,-240.28055,970.5252,1165.8676,186.72578,973.9076,1191.8296,-347.26648,714.97437,1144.9127,171.59875,699.0355,1153.0393,-539.82715,666.9697,1123.0183,160.56415,646.61163,1116.7867,-562.0177,679.7641,1219.6505,57.953053,654.7826,1244.9735,-715.37463
IMG_080.JPG,646.98615,247.20566,-6.4700627,659.71765,240.12776,-3.8191166,659.20636,239.42706,-3.709205,658.71277,238.79091,-3.7879062,660.5505,239.00795,-32.745262,660.7438,236.65958,-32.659798,660.8691,234.41118,-32.67903,649.29663,222.49715,34.373123,651.80646,218.65327,-87.017525,630.1296,240.73302,14.687586,631.2218,237.30325,-20.357601,567.17975,163.49811,95.74605,579.95703,226.08295,-143.85875,488.42657,137.18217,185.9535,502.4177,242.7878,-172.84906,496.79974,191.05966,271.73557,533.083,286.6987,-184.73587,503.14444,198.6429,282.12073,547.192,294.45087,-204.25023,511.60593,207.70078,263.4288,553.84247,291.3372,-195.45702,506.73566,206.51387,263.88583,545.59845,285.07953,-180.92717,368.34818,187.97585,81.19228,366.5324,226.12439,-80.782104,230.73032,208.76842,110.66779,214.21259,241.21094,-57.06714,105.69571,200.78883,154.68375,72.26657,217.90692,-66.5944,82.14284,186.67601,157.90074,44.26324,198.92816,-70.682144,92.13473,249.10492,152.2635,61.670456,273.85843,-107.30848
IMG_081.JPG,694.659,241.23117,31.808815,708.7929,235.44754,39.314182,708.90564,234.21956,39.431496,709.07135,233.08972,39.264374,709.75714,234.8711,6.313955,710.7655,232.47905,6.3057537,711.75775,230.14894,6.2506447,707.16516,215.03381,90.68349,710.51483,212.42677,-51.847355,682.7631,231.72227,58.34165,684.6029,229.81697,17.357073,643.9886,161.15718,165.81314,656.6574,192.98207,-117.46234,558.8878,147.784,301.7344,566.6,203.19403,-248.81097,568.45294,201.1412,384.83923,611.2488,281.31503,-344.75208,573.8016,210.10529,401.7912,626.45483,297.84457,-372.79462,583.436,216.96718,379.3071,636.46094,296.8142,-349.7773,580.9457,215.22163,377.6704,628.14465,289.08588,-335.26016,445.81918,190.8145,98.7958,445.12537,210.18039,-98.51843,284.00784,200.2467,90.46484,275.31198,230.49686,-69.70338,135.09125,180.09087,125.289444,112.92289,219.09085,-61.01938,111.07877,159.48724,126.46852,85.163055,198.82593,-63.893913,109.154106,233.5774,85.497765,89.45729,281.02658,-119.00361
IMG_082.JPG,671.05493,232.90782,2.5017998,686.66064,228.53131,9.294631,686.8477,227.36726,9.41396,687.09357,226.30142,9.216558,687.8164,227.67552,-25.631802,689.1165,225.1141,-25.692577,690.37836,222.5928,-25.79307,686.75555,207.8064,65.206245,690.7231,203.57787,-87.11295,659.4904,222.20856,30.836554,661.70996,220.17937,-12.837977,623.8625,157.59888,153.5323,637.97296,172.36351,-154.8974,547.5872,161.66103,301.94244,563.235,210.17932,-305.12054,559.6508,211.74582,395.7578,612.43097,276.2956,-401.3936,565.12177,221.59349,414.18643,627.2576,289.21555,-432.50354,572.3666,226.03009,392.60587,635.29456,285.9019,-416.67264,570.05963,222.92033,388.02835,627.3358,280.26266,-395.23352,418.2338,176.04904,102.21057,416.41824,184.18143,-101.92266,259.88367,192.35335,98.90738,251.19334,210.8558,-73.536095,115.3227,176.54779,145.59969,93.79507,207.53511,-45.673363,92.33424,156.10347,147.15672,67.77109,188.61838,-47.34062,87.82767,230.6909,94.93557,68.61862,271.19672,-112.77211
IMG_083.JPG,749.15436,165.84846,107.4467,764.4521,155.22987,92.8315,765.225,150.40451,92.91354,765.9774,145.66763,92.60884,762.9681,164.26312,58.811012,763.0857,165.44208,59.0022,763.0543,166.56662,58.988926,761.4533,128.20016,59.75316,758.21924,156.90489,-91.5269,736.72516,156.5757,104.717285,735.62683,165.71268,62.108086,682.25415,66.45488,141.817,691.48944,173.93034,-207.24794,616.7337,90.70199,366.5453,670.0764,260.21262,-249.17717,637.8603,158.97386,581.8749,749.49506,280.79684,-212.93416,646.4627,174.28535,623.7578,769.3294,293.11032,-251.81216,649.88715,177.80049,599.31726,775.6527,282.1008,-246.19724,645.9002,174.85919,577.7783,765.34814,275.1092,-209.49438,440.35858,119.619026,116.41308,442.6152,174.5009,-116.22242,291.95825,145.61563,269.92856,288.8874,186.52678,60.294067,146.50542,155.60971,416.60822,132.78943,172.10535,175.3063,118.48406,143.82085,430.64105,103.547455,155.9384,181.71269,137.64839,211.88374,416.12152,119.36584,232.30713,146.22554
IMG_084.JPG,684.1935,261.04428,115.09024,700.8219,252.32431,106.35556,701.9068,248.67468,106.49804,703.02795,245.10854,106.26043,699.09235,257.94333,75.4689,699.25714,257.8244,75.5923,699.32245,257.70334,75.49862,701.9296,227.0824,93.67449,697.7848,244.82504,-44.231052,673.3084,251.07413,118.32439,672.06256,256.88763,79.24207,633.2267,159.37407,140.44403,642.15485,256.55518,-117.78322,567.8131,169.80515,294.91064,619.1718,341.1114,-126.63633,578.28314,234.21442,441.7892,687.4283,388.81863,-61.02511,584.4218,245.58626,472.46387,706.6696,401.81192,-84.50653,589.0383,250.72945,452.5345,715.2334,393.52542,-71.910126,585.6398,249.44547,438.10693,704.98303,386.8405,-54.86197,396.92075,216.25208,94.381874,395.6961,265.07288,-94.134636,236.48721,256.6179,140.27542,237.0051,286.42435,-17.861532,85.057846,275.84036,223.11179,73.25419,280.51575,27.684038,56.829624,264.42447,229.36401,41.3969,262.02344,28.163076,75.38344,330.17743,192.47244,63.427555,342.80563,-10.153512
IMG_085.JPG,704.9106,227.8572,27.674656,721.5524,220.94957,26.332657,722.19446,217.94984,26.357773,722.8401,214.96732,26.170315,720.53186,224.82971,-8.461146,720.94995,224.03795,-8.392969,721.2938,223.25293,-8.398616,720.1714,196.1872,45.43546,718.76666,208.70476,-105.09124,692.0392,217.72638,43.682037,691.87427,221.2085,0.6247278,647.2345,122.50931,123.33871,653.24615,212.47293,-183.52867,570.6176,128.32903,298.37027,597.46356,282.16544,-305.94687,592.191,204.65067,487.11267,660.739,312.1359,-398.32712,603.3743,221.17754,522.0788,680.0936,321.8817,-440.67737,607.0328,229.27126,504.9935,684.8411,312.69028,-434.0636,601.7398,225.53651,483.566,674.7921,306.94473,-397.8929,413.80612,158.17786,99.97327,412.1678,203.61714,-99.65867,255.97575,168.08548,154.03583,243.90019,200.68153,-27.092312,113.18518,167.49622,231.55615,91.1244,173.19032,44.791958,88.48057,154.25104,237.29678,64.5561,156.79854,47.18951,95.36667,212.9457,206.48636,73.125885,219.81137,7.6730175
IMG_086.JPG,685.10034,197.83078,-23.455313,699.11914,190.19092,-16.056162,699.01495,188.84163,-15.907929,698.91156,187.5576,-15.975536,699.99677,190.55757,-51.629726,700.66254,188.72563,-51.615765,701.24994,186.98398,-51.697304,693.40027,170.22829,35.284832,695.99255,171.57414,-118.17201,670.4318,190.02638,2.0964203,671.5874,188.38072,-41.991627,619.1903,115.994064,126.69363,627.9474,170.79079,-191.42061,540.65955,83.10016,261.18927,544.13513,163.33359,-259.9576,549.4888,142.71957,362.71967,577.3311,221.72926,-285.08926,552.1588,155.0478,371.992,587.15094,234.9762,-305.96912,561.7214,162.10088,353.03882,596.11694,234.55362,-297.94943,559.63574,159.40004,353.5681,589.89996,225.89572,-280.04025,418.17725,133.35196,106.28598,413.94138,165.19252,-105.92241,280.6957,144.9948,160.29605,263.13547,175.57614,-86.07062,149.27939,122.91092,244.05934,119.081085,149.18198,-83.34053,126.4139,105.78779,249.7783,94.13819,126.617195,-84.103264,120.951836,166.86926,238.29576,89.88147,204.64674,-131.08192
IMG_087.JPG,650.07806,192.0182,-1.3060616,661.66956,183.36942,6.6343627,661.5063,182.0974,6.7704625,661.3647,180.88179,6.69519,661.8015,183.20845,-27.6934,661.80566,181.13022,-27.729338,661.7564,179.1145,-27.809801,652.8101,164.27234,54.21282,652.9188,163.7627,-93.470695,634.48914,185.7249,22.319628,634.64,183.76654,-20.022484,577.58936,115.56226,133.28807,586.0389,166.61981,-167.45758,506.79633,95.20224,274.3645,511.77817,186.46274,-261.9048,522.00574,155.74727,404.19672,549.37976,233.47493,-338.07394,527.2104,168.1439,423.61862,561.5527,243.213,-364.66495,534.8729,172.20775,403.96942,568.92975,239.9407,-355.9822,530.85974,169.69649,397.74023,561.02356,233.58319,-334.29993,387.64886,140.74867,99.890495,386.7424,169.42433,-99.65523,253.43741,150.49759,137.22807,239.2588,179.7156,-82.03165,128.49846,136.579,190.11438,103.14015,156.78253,-90.215225,105.87073,121.87291,192.88303,77.81934,138.06648,-92.93859,107.500824,179.37836,169.45831,81.432594,205.05557,-140.86238
IMG_088.JPG,647.9413,273.6762,22.092155,660.9186,265.36182,29.851006,660.8867,263.96863,29.97458,660.8881,262.6742,29.87975,661.46136,265.44775,-3.281425,661.8989,263.50433,-3.2956471,662.267,261.6064,-3.3351583,655.7994,246.10756,75.36089,656.8942,247.06985,-65.67997,634.1936,266.6864,44.661438,634.91815,265.39874,4.0047255,581.5921,201.2381,144.95122,591.15454,243.83206,-148.84003,506.83017,186.5131,236.1768,509.31488,264.45993,-159.7725,525.4113,230.76266,258.90112,544.5895,302.22534,-93.64385,530.54315,239.78575,258.3027,554.76263,310.86606,-106.04397,539.22253,245.58463,236.58803,563.07104,306.7156,-103.41885,536.46466,243.07779,247.04622,556.8023,300.24966,-90.63761,391.1152,220.81255,91.29262,389.01184,243.6755,-90.9378,253.02301,228.8513,82.559364,238.66692,247.22324,-65.26141,121.322464,208.0484,117.709724,103.3188,223.4689,-51.771084,100.23718,191.26587,119.38698,80.4308,202.86754,-52.72848,96.044685,248.24881,95.75887,79.90223,278.7423,-105.30588
IMG_089.JPG,1573.0166,1046.7749,137.71152,1588.1084,1039.8262,155.5203,1588.3789,1038.54,155.73245,1588.7312,1037.3163,155.56291,1589.0509,1038.5134,108.10988,1590.3157,1035.8595,108.21479,1591.5171,1033.2404,108.099976,1589.5745,1017.27924,231.3192,1592.55,1014.395,23.720713,1562.6512,1038.5171,173.72008,1564.1365,1035.8088,114.17502,1525.9492,956.19,343.18524,1543.7737,1004.10004,-121.47263,1442.449,948.2151,572.46014,1458.9419,1040.5853,-360.82648,1453.029,1014.65063,744.1887,1501.2078,1106.4147,-535.0699,1458.0735,1026.4692,789.1186,1514.0974,1120.6489,-570.66724,1467.3871,1035.5283,759.78326,1522.7155,1115.8389,-549.085,1464.1763,1034.4696,737.3248,1514.8806,1110.8239,-524.9328,1327.9661,973.94116,152.35281,1326.8186,1002.13727,-152.37576,1148.7788,981.8349,117.37435,1155.9764,1046.3534,-204.72212,983.07916,974.8555,128.37436,984.1345,1032.6266,-268.0593,955.4144,960.94244,124.448326,955.75195,1009.6142,-276.094,954.0107,1021.2314,62.458733,949.21844,1096.4514,-346.79468
IMG_090.JPG,1544.6417,1078.9572,117.60907,1559.5668,1075.1058,133.69414,1560.199,1073.5823,133.86893,1560.9065,1072.1245,133.73198,1559.7876,1073.9539,86.56755,1561.0383,1071.2201,86.66968,1562.2125,1068.5548,86.65928,1563.7019,1054.0223,209.28326,1565.3499,1050.2174,1.0474627,1535.9642,1069.2529,153.34364,1537.397,1067.3528,93.48347,1509.1719,993.7529,321.5958,1519.1469,1027.6643,-126.25751,1423.2648,986.1332,544.19794,1428.0873,1050.2039,-342.3447,1437.0289,1049.4138,673.3452,1480.2861,1135.8684,-482.49313,1445.6455,1061.7938,712.75116,1493.1826,1153.8071,-512.5499,1453.8147,1070.1989,682.4889,1505.8062,1149.8812,-488.2387,1450.2976,1068.483,663.02234,1499.4133,1143.5093,-469.35016,1307.8257,1023.84375,149.76324,1308.1577,1045.1534,-149.65976,1120.3661,1019.24713,135.19513,1125.1163,1064.2217,-185.87126,954.46814,1008.38245,164.30818,946.3876,1039.5679,-236.81311,928.06573,990.773,163.46173,919.07227,1016.27386,-243.86768,921.17365,1064.566,104.10882,904.09705,1102.5809,-323.80505
IMG_091.JPG,673.3006,220.28267,36.945168,688.48303,215.64551,44.56473,688.5992,214.58713,44.650013,688.76733,213.62575,44.4978,689.78577,214.66264,9.999629,691.068,212.22588,9.919366,692.3399,209.83513,9.773188,688.6254,196.76433,98.88791,693.0989,192.3329,-51.04564,662.1914,211.08421,64.74424,664.3929,208.87433,21.63409,627.2241,148.36255,183.23994,642.5826,167.70024,-122.84357,544.8612,133.6791,339.23093,551.3774,179.24402,-286.70752,558.81476,192.98857,440.06638,590.57434,265.36035,-417.0049,565.3116,204.1119,458.96594,603.40497,281.62024,-446.52863,575.45935,211.4236,436.00345,613.30414,283.84662,-425.23373,572.5447,208.30798,432.69775,605.78033,276.16556,-408.1185,426.75815,173.76933,105.12587,427.4036,186.10828,-104.81546,265.50586,188.71204,87.91949,258.21088,210.39052,-91.51919,114.41266,165.87462,118.50773,93.96716,195.9952,-99.93443,89.813095,144.50621,118.7677,65.54816,173.53749,-104.45984,87.21374,219.42422,69.812164,70.1347,262.2629,-168.47363
IMG_092.JPG,679.5074,250.91301,5.3672557,694.5515,244.01534,12.088888,694.7565,242.51775,12.166084,695.02606,241.1498,11.979936,695.212,243.8076,-22.552984,696.19086,241.42949,-22.652943,697.1398,239.07076,-22.757935,693.14764,221.12178,65.90801,695.41693,219.36012,-81.93712,666.99774,240.2402,32.297962,668.4447,238.74718,-10.168909,623.7539,172.3171,154.41225,636.52856,195.20961,-149.81424,553.8877,171.23564,298.49628,560.8068,241.4478,-291.9411,568.27374,218.92282,405.75046,617.0631,300.69183,-403.01993,573.25433,230.18198,427.25787,632.9919,313.97522,-441.09955,579.21277,233.39774,406.9109,641.0423,309.79633,-429.58438,576.51263,229.51517,398.20914,631.97534,304.0426,-400.98706,422.43182,191.14294,101.03478,420.07254,204.63037,-100.8909,257.7407,207.53935,85.67739,255.75491,234.76726,-75.29469,113.357765,197.69191,123.490524,99.30183,229.80533,-47.848877,90.22978,180.45486,126.101006,71.84439,211.95973,-48.10396,89.865364,250.16966,78.8495,81.738045,293.28186,-107.8208
IMG_093.JPG,556.7416,654.2025,26.719341,539.31586,634.12,2.9735973,540.1475,630.74994,2.7132647,540.7982,627.2028,2.4563885,540.042,635.1098,64.83254,541.5432,632.40765,64.98368,543.2149,629.68115,65.276024,560.54376,604.27454,-54.361397,563.0434,610.5716,217.32321,584.2477,650.6841,18.03801,584.5875,652.31036,93.25841,676.42365,584.99774,-212.48865,699.67786,550.4855,382.56342,841.54877,508.6029,-358.64938,860.5926,491.6489,556.50775,832.75256,714.2772,-740.97156,854.5371,670.26447,664.17786,779.4335,745.9721,-792.4759,810.5484,686.9016,673.856,771.2056,726.8909,-719.60114,812.9717,688.18994,603.53467,786.4943,724.915,-716.3188,826.7285,684.864,638.0375,1028.3872,587.9827,-207.79228,1028.4153,565.48865,207.76201,1339.0637,594.6488,-194.55495,1318.9595,576.07764,130.56932,1604.2319,536.78766,-181.72429,1578.8838,524.11334,275.78897,1645.869,497.7015,-187.87883,1619.5331,485.25632,271.244,1640.9758,626.5603,-400.17267,1627.2917,622.9295,78.234344
IMG_094.JPG,552.0129,624.20764,57.87891,535.0406,604.1044,29.217287,535.61444,600.28876,29.119505,536.0299,596.3693,28.980562,535.5311,606.2334,87.099236,536.3369,603.58014,87.101425,537.2536,601.00934,87.158775,554.6801,570.77295,-44.890804,554.9547,580.5932,212.53418,579.319,617.0859,39.725025,579.42285,620.4281,112.40164,675.29285,555.5408,-207.73048,696.0572,543.84924,373.22992,841.5851,517.45074,-321.38666,860.22375,509.17728,509.68515,820.6719,691.6008,-499.834,845.2893,641.94696,528.8162,793.8387,722.33875,-547.2396,820.72925,656.1847,534.7198,777.24866,714.9603,-508.8057,815.14,663.3792,478.30072,785.4131,708.53107,-488.05936,821.2922,658.87427,503.22546,1013.1493,557.1037,-197.70233,1013.0963,548.31525,197.54951,1317.9995,593.1173,-190.53719,1304.915,553.6308,119.6291,1593.0297,527.0277,-179.19604,1571.8281,507.99094,214.97166,1630.0751,488.06454,-185.94336,1613.5374,472.73233,210.05731,1647.3347,613.2549,-359.29376,1622.7814,605.99634,58.723618
IMG_095.JPG,172.1313,511.4894,25.63344,154.93687,498.3952,-17.959717,154.48257,495.65536,-17.891962,153.91006,492.7216,-17.914513,155.08327,496.6199,49.729485,154.75342,493.4552,49.503193,154.52574,490.28387,49.37352,158.8111,466.5777,-133.32404,158.7787,463.63727,172.39165,189.09872,500.77463,-8.280974,189.15842,499.80304,79.39792,240.47328,433.3733,-302.36926,257.49857,416.05768,347.3927,365.74222,403.32056,-484.13754,388.62686,387.24094,416.4184,346.2382,520.9475,-561.5003,379.66177,463.56918,315.84595,337.31223,541.8494,-608.55414,370.89288,473.8168,314.20285,321.4457,543.23834,-580.2919,359.61328,485.92346,273.46057,326.48462,532.3618,-549.97095,361.60657,484.67856,292.24243,517.9737,447.77228,-200.3621,514.5045,434.71274,200.3946,735.1056,459.78598,-193.9602,714.8041,445.24518,148.11446,943.64075,430.08176,-172.2806,910.591,415.9433,216.5638,974.3161,399.9467,-175.25,946.70404,386.7179,214.38423,992.81726,507.59177,-305.25534,946.5547,503.9973,110.37861
IMG_096.JPG,177.7336,517.1383,-61.288532,159.77136,506.7433,-108.50351,159.65443,504.0941,-108.46441,159.4266,501.2592,-108.50269,157.90009,504.80856,-42.055214,156.4036,501.74356,-42.198257,155.01826,498.68127,-42.3704,162.67326,475.17136,-228.60916,155.40231,471.49512,73.701996,195.27011,504.38037,-97.40964,193.08179,503.49878,-10.166809,248.85793,439.83908,-369.98953,250.63338,410.33997,265.4179,378.12653,410.1841,-451.3519,383.97076,373.42883,282.30606,347.13776,516.87744,-362.52173,368.0799,451.0401,116.508064,343.31387,542.3674,-393.78574,360.22147,467.4357,102.54575,320.45676,544.3441,-384.6026,345.51395,481.19333,72.17502,324.97513,531.36835,-353.7788,349.20557,476.94174,93.241646,541.4875,445.7824,-202.93481,532.4588,427.19247,203.17175,746.4272,451.96378,-116.13221,723.72894,438.044,261.46667,948.4167,428.5421,-13.435735,906.45886,416.41296,391.61185,979.7339,399.0742,-8.309689,942.957,386.3813,397.30865,992.7682,510.63074,-100.15642,935.9803,519.17645,327.9002
IMG_097.JPG,894.38855,984.91925,52.39162,875.7345,967.29517,12.978777,874.7724,964.3257,13.046248,873.656,961.1074,13.212184,879.71045,966.23,100.36835,881.8928,963.11365,100.16981,884.31415,959.89954,100.098236,882.67725,936.0634,-92.602585,896.76996,933.9525,301.60757,913.02545,979.1428,24.990536,917.30054,977.6593,136.38228,962.0417,908.26306,-300.183,1007.94336,869.7615,488.19638,1087.3702,867.2373,-605.4038,1148.8315,823.2766,717.72174,1080.3962,1021.8604,-1061.0546,1138.6179,959.9592,786.5566,1036.5209,1037.8218,-1142.818,1106.8656,964.6026,800.3771,1037.7999,1020.63617,-1075.4692,1104.5759,971.3057,720.62134,1050.2332,1020.1126,-1040.612,1111.3542,972.6777,756.0272,1270.2709,925.5039,-260.2402,1277.4904,892.1117,259.84125,1536.0867,987.21344,-318.2279,1528.0626,937.8895,216.63191,1783.9252,945.0813,-343.1339,1755.9747,901.9128,373.5298,1819.7373,909.50446,-347.66736,1790.2732,866.2609,374.01413,1840.8875,1027.4744,-544.9802,1817.4241,990.9438,192.64789
IMG_098.JPG,908.2282,982.8597,52.122047,886.8057,967.06726,12.264856,885.1707,963.9552,12.329709,883.3975,960.5811,12.424183,890.7616,965.8263,90.34773,892.3109,962.2735,90.20584,894.1048,958.6667,90.16777,885.79834,932.5911,-90.996666,899.87213,930.2341,261.20428,923.70355,973.78424,26.155945,928.08264,971.4347,125.722664,961.12726,898.447,-273.6515,1007.0031,862.807,427.44284,1072.5662,870.89685,-571.26904,1151.9482,823.6228,616.8534,1072.5217,1023.14844,-952.84143,1173.187,941.3982,687.0421,1031.362,1042.1517,-1024.7906,1146.9524,944.58405,707.2233,1031.7179,1028.5211,-957.2079,1145.4629,951.68256,635.753,1045.564,1025.5286,-929.6912,1151.4999,952.72644,660.9286,1279.4963,914.34015,-226.61003,1283.4739,886.9763,226.36198,1534.5724,970.71246,-234.45654,1525.647,934.29004,187.28398,1780.1912,941.842,-222.93329,1752.9507,907.71356,301.08618,1816.9473,910.516,-224.19432,1788.2555,874.1969,299.26404,1830.1969,1020.9958,-377.62955,1809.2498,988.9401,158.65741
IMG_099.JPG,715.7097,779.29877,-429.23856,698.2376,770.25665,-486.2647,698.6198,767.4129,-485.99918,698.92096,764.4272,-486.0936,696.4838,767.56024,-423.03107,695.9974,764.0214,-422.73514,695.7008,760.5647,-423.00647,707.65906,730.6744,-616.16077,703.7616,728.03033,-326.02676,739.0988,760.0205,-464.34045,738.8642,759.41534,-378.55453,857.8381,663.3596,-650.85486,752.54297,647.88635,-99.32058,1017.7358,687.89655,-580.53516,843.4357,644.4762,299.9428,970.83954,822.70325,-447.17935,832.7632,728.7056,541.1315,958.96735,853.41766,-511.78186,818.6846,740.57825,572.59247,931.83057,847.3813,-493.5264,813.825,749.3288,516.97894,930.3112,834.1237,-440.59326,823.9805,744.96094,522.4467,1129.2217,643.3385,-190.59946,1071.5863,637.1117,190.50174,1304.3805,636.95654,244.56682,1267.6324,632.57825,555.73566,1472.0327,621.3229,701.43964,1423.74,614.89594,990.6255,1494.6824,597.9397,743.5202,1449.442,595.51355,1037.5612,1529.1832,698.9876,681.4827,1477.5464,682.0194,1017.4039
IMG_100.JPG,720.5315,791.69836,-315.5066,697.9343,785.48364,-374.68488,697.3606,782.7717,-374.65152,696.734,779.8458,-374.70328,696.7509,781.3323,-313.77686,695.8023,777.5014,-313.66565,695.0398,773.7727,-313.96692,701.81854,745.81287,-515.1367,698.84875,739.69,-235.46147,740.9753,771.2335,-351.8698,741.4845,770.511,-269.74393,842.56116,683.7702,-577.5251,763.4834,642.6813,-36.447384,1010.92993,701.4303,-537.1764,890.8742,639.66223,267.1181,973.5121,826.8885,-412.02884,893.2442,739.3007,457.39743,967.4749,858.7617,-466.65408,883.4082,755.30865,488.5483,936.17847,854.12836,-448.9183,876.7492,770.1486,435.2175,934.34595,839.6643,-404.4184,885.22046,763.5606,438.4035,1133.4092,658.90436,-180.56006,1089.2639,637.13855,180.46758,1305.7266,656.5803,251.05057,1273.7834,636.6651,561.7541,1475.1038,642.6485,715.20624,1423.3083,617.8546,989.70795,1496.192,617.91156,760.4029,1448.3192,597.1655,1035.4358,1529.7908,721.1149,704.1818,1469.0166,685.87366,1002.44604
