Snipaste_2022-09-08_15-40-43.png,221.544,209.51686,-227.32967,225.83609,198.57571,-202.41669,229.28331,199.00066,-202.35957,232.79004,199.59985,-202.43802,213.05481,197.34796,-205.44672,207.45363,196.94795,-205.47847,202.5337,196.82794,-205.45607,233.46771,203.9431,-97.46179,191.21802,201.24939,-108.57597,225.77957,220.89621,-190.16315,210.48636,218.92021,-193.70418,260.1198,254.04721,-114.524345,161.25789,248.68312,-98.31591,285.12418,174.5271,-186.46405,141.24052,161.53374,-161.37125,294.20078,84.99194,-235.86719,140.77951,70.30895,-183.95369,295.97635,65.46594,-272.7051,138.6314,56.540802,-224.3118,287.17636,65.24344,-276.74435,145.05782,53.306572,-217.45772,283.20276,71.61909,-244.60979,147.70912,57.90249,-191.475,244.56606,445.14322,-8.806478,173.87334,446.88058,8.694106,260.04794,546.2937,23.972843,159.04558,558.46045,84.649826,282.421,641.36304,204.92711,166.43832,621.4555,345.1787,277.23856,646.1778,217.56186,176.1328,628.6457,365.9252,277.2714,681.9623,94.979355,169.01854,668.6206,281.33902
Snipaste_2022-09-08_15-40-54.png,271.15912,205.94005,-172.64526,279.8042,196.39766,-147.91252,284.9811,196.442,-147.91066,290.05502,196.44125,-147.9971,265.24655,196.3883,-142.45172,260.9901,196.40883,-142.52516,257.15262,196.4737,-142.56485,299.7535,202.01974,-49.278103,255.11382,202.6285,-22.18098,281.2818,218.14038,-139.23463,264.07907,217.3668,-131.7017,328.31598,252.46704,-73.38663,232.02141,251.18808,-26.791323,349.1282,167.2114,-166.54689,208.7102,171.63794,-93.6235,354.2586,79.3517,-215.0783,200.36298,80.29747,-141.1909,357.32184,60.061222,-257.25073,195.28702,62.94175,-188.39609,349.49503,58.555363,-260.5311,201.31154,60.16631,-186.62102,345.88098,65.63222,-223.42488,205.51448,65.6418,-152.02795,316.97488,451.0579,-6.9610395,249.82437,451.46094,7.0491233,345.13513,554.20386,-19.482351,238.45323,580.87976,17.865503,371.4753,633.76196,215.82721,237.37183,645.62146,216.97716,370.362,636.9878,233.35182,228.80147,693.88934,229.62479,377.44373,714.59247,103.97166,227.37424,732.825,91.136314
Snipaste_2022-09-08_15-41-00.png,219.79918,227.36443,-102.44961,226.30933,216.92198,-74.26047,230.67435,217.24725,-74.27282,235.24176,217.46364,-74.425545,213.55574,216.99126,-69.011475,209.47925,217.2684,-69.07521,205.68861,217.6039,-69.12148,244.63504,224.64903,24.346489,200.99574,224.77336,50.41741,228.6113,240.70848,-70.60858,213.14102,239.57368,-63.414673,274.3276,275.06567,-18.637669,177.81693,279.19138,52.696526,294.3881,191.30673,-111.3472,156.41177,191.42099,12.994716,301.03836,102.28507,-132.06068,150.18568,103.12461,-4.2895937,304.5457,85.53685,-170.72665,147.92796,90.014755,-47.64787,297.27762,84.8549,-174.11485,155.65057,86.538506,-41.280533,293.51962,90.35179,-139.95831,158.60779,90.6061,-13.791853,273.23325,478.94852,-20.646654,207.59683,485.9577,20.907967,299.2949,606.7304,-89.59999,207.22847,615.69293,33.492302,329.11218,715.2351,79.97557,201.77596,707.26624,309.48297,332.12155,726.7742,90.986145,207.6349,716.7391,332.2304,325.69824,764.57794,-30.469364,189.39107,750.3814,239.3274
Snipaste_2022-09-08_15-41-05.png,176.88916,213.05074,-114.752335,184.35332,201.84293,-85.80261,189.28342,202.14777,-85.81002,194.00021,202.7244,-85.982574,170.82928,201.97269,-82.21117,166.60529,202.14964,-82.26924,162.72815,202.63963,-82.2924,203.01689,209.54352,21.684881,158.40025,210.27902,42.59508,186.0202,226.11823,-78.582664,170.33698,224.97475,-72.99525,229.94954,264.45636,-7.2531157,134.33824,263.79434,58.337143,254.17255,185.32487,-95.63161,114.09022,182.61954,29.344072,259.64056,94.08293,-115.74119,110.02105,96.34774,3.1804113,264.28085,73.01809,-151.12883,109.52561,80.498055,-40.443207,257.44888,71.0365,-153.71939,117.101616,78.71472,-37.39753,253.22426,78.58257,-123.06685,119.46832,83.834694,-7.669559,218.58,461.7191,-25.260555,153.50635,463.48303,25.507933,249.95679,587.67114,-85.99728,156.7567,598.0818,52.87267,286.27106,702.17584,49.66386,166.66373,652.3582,343.3147,291.04565,714.61096,56.266224,164.50172,694.73157,366.8756,278.2822,751.4842,-78.03069,139.54074,724.0704,279.2904
Snipaste_2022-09-08_15-41-15.png,150.30597,218.24055,-276.73782,157.61575,206.60483,-257.4756,161.80455,206.54774,-257.44818,165.79915,206.70523,-257.51086,144.0517,207.17845,-258.15833,139.34822,207.43776,-258.2306,134.93044,207.71518,-258.23404,170.4628,210.67868,-161.62157,128.27164,211.67639,-163.36623,158.31738,230.66557,-240.94566,142.8394,230.36592,-241.52164,193.69502,247.66167,-158.47658,104.902084,252.89781,-152.77872,216.62851,174.8807,-240.55725,85.52808,175.05455,-228.16583,220.35075,87.85402,-299.11014,81.82631,83.84299,-258.82913,223.79073,71.10051,-335.53854,77.83427,71.04681,-291.7967,216.13713,71.56271,-334.8123,83.30246,68.42306,-287.82318,211.92104,76.70171,-305.49472,86.07456,72.83084,-265.19183,180.4308,424.4165,0.76126647,125.62642,425.49683,-0.7235928,171.78452,534.5061,35.24213,120.25817,543.7446,38.91225,154.306,607.1954,285.70416,123.01641,609.882,258.95752,148.69867,608.97345,305.90918,124.026596,612.60077,275.1006,149.24582,649.61536,207.21861,127.89355,650.4314,167.6361
Snipaste_2022-09-08_15-41-21.png,150.30238,230.0965,-294.22968,156.97235,215.68138,-274.38376,161.03297,215.18199,-274.3306,165.12277,214.70668,-274.42172,144.68681,216.17218,-274.91443,140.51286,215.90051,-274.97815,136.63823,215.68266,-274.97424,172.15596,217.85924,-176.34938,133.70543,219.18576,-178.13104,159.26521,240.01962,-257.5168,144.84348,239.5583,-258.03885,196.19229,254.49155,-171.0056,107.4895,256.9444,-166.15039,214.43501,182.6212,-248.21368,88.65021,182.40468,-244.8345,227.66112,94.47758,-298.18793,87.3541,92.8702,-276.39267,231.03362,78.76442,-332.8371,84.95673,82.89241,-310.65646,223.17764,77.36535,-333.72928,91.72134,78.46645,-304.83923,219.4985,82.65273,-305.10678,94.64167,81.4043,-282.0229,186.68759,427.24423,-2.098585,129.83417,427.242,2.0486326,177.24715,538.50085,28.420525,126.936325,544.465,29.499203,159.89856,611.2513,282.97562,137.4305,604.47455,266.30698,156.6319,612.60846,303.80414,139.43193,606.8018,284.7167,156.68307,646.047,207.04733,136.8792,653.9094,187.44894
Snipaste_2022-09-08_15-41-30.png,147.8531,237.25224,-297.78082,153.50067,224.62346,-277.52115,157.10449,224.26476,-277.47403,161.3226,223.90959,-277.54834,141.57845,225.50932,-278.13916,136.96245,225.72112,-278.21497,132.53358,226.01637,-278.23233,167.13533,227.93901,-185.31935,126.45548,229.96967,-186.89293,154.93872,249.10765,-264.60718,141.914,250.0697,-265.0864,186.74384,266.53635,-180.61435,101.64379,268.57904,-175.40483,207.73111,200.59686,-252.19936,82.07855,198.41228,-246.50446,212.74377,116.417885,-301.1448,78.57222,113.74876,-272.09174,218.12347,97.09914,-333.94858,73.54991,98.074394,-304.6047,208.85722,95.3476,-335.1989,80.95844,95.39701,-300.6794,204.20766,101.74653,-307.99692,85.37706,100.263725,-278.28696,176.99007,428.96188,-2.0052047,122.326584,430.95224,1.9259269,170.54282,526.2974,22.29045,122.87967,540.5385,32.109,156.92558,597.29114,257.31635,131.7621,582.2084,279.03146,154.35376,598.2252,276.11658,135.87823,583.9291,299.30154,154.95699,641.18536,181.85925,131.1656,614.1669,214.90204
Snipaste_2022-09-08_15-41-42.png,149.03717,250.10252,-205.96063,154.39035,242.9214,-179.96788,157.85066,243.3354,-179.94408,161.33255,244.00555,-179.97131,144.52267,243.00896,-181.87201,141.45003,243.17859,-181.87814,138.57498,243.48581,-181.86736,166.22238,251.20215,-57.66526,134.15456,250.50523,-66.493324,157.00912,260.62735,-161.8666,143.43648,259.0592,-164.49931,189.27594,292.97214,-37.307304,114.619316,295.56204,-65.5062,216.74359,217.00627,-107.76957,94.75546,213.00067,-160.61986,223.01521,139.35959,-185.65797,92.17831,132.11247,-218.63092,228.47453,124.78634,-227.76709,87.89058,117.792854,-260.00784,223.97592,122.60916,-235.76228,95.27302,116.35051,-262.44812,221.25069,127.63105,-196.91147,98.5615,121.29714,-227.08263,182.73387,466.18903,5.0586,124.38946,465.1306,-4.9913077,197.68877,606.6037,-29.158781,107.387794,604.129,-38.895584,198.12198,746.5822,67.0895,92.2767,741.92126,58.718777,187.73325,762.3836,67.637245,91.6914,753.68854,58.6656,213.83955,794.919,-83.80496,98.79822,794.6415,-92.41218
Snipaste_2022-09-08_15-41-49.png,111.13466,218.93523,-282.02066,116.59505,210.63069,-258.06168,120.07949,210.77832,-258.0265,123.48686,211.10178,-258.05725,106.848946,210.72426,-257.99805,103.38955,210.68483,-258.05396,100.04163,210.76231,-258.07648,129.74953,216.65182,-133.60188,97.22053,216.17377,-132.89488,118.27307,229.95454,-235.90593,105.664024,228.32164,-235.89749,153.81415,256.51074,-98.634865,76.78238,257.91714,-104.58573,177.711,179.47652,-165.14417,50.482872,177.73473,-177.4953,185.95999,100.599884,-245.29657,53.563194,97.890884,-249.64847,193.5859,85.65052,-287.42603,49.878086,81.63847,-294.55615,188.58794,84.363525,-298.8673,57.698746,81.44523,-295.685,184.8142,89.771965,-257.24792,61.04198,86.887,-257.5819,136.90512,425.63754,-2.0327706,84.77328,427.95813,2.1174066,150.55803,558.995,4.030545,65.594925,560.39996,-16.057985,162.5868,683.1927,136.03722,51.722656,694.8962,95.12457,155.8631,702.0639,140.1078,53.084293,709.21564,96.13655,170.95389,721.90735,-11.656127,58.134907,750.40875,-59.072163
Snipaste_2022-09-08_15-42-01.png,131.61081,200.88272,-206.85463,135.7113,196.80884,-190.58485,138.72948,196.87483,-190.55965,141.70819,197.16502,-190.6094,127.513855,197.59753,-186.9597,124.85751,197.96326,-186.98508,122.380615,198.44502,-186.98389,145.84079,204.44962,-118.82797,118.510605,205.65082,-100.811165,137.5478,207.258,-181.14305,126.8667,207.64766,-176.31358,166.58383,235.61948,-130.16176,103.93025,235.9631,-86.828865,174.78706,178.47365,-200.63382,94.97735,180.41708,-129.46017,169.46681,115.723656,-225.02983,102.30696,120.5905,-151.41664,170.56639,104.91743,-252.951,101.68105,111.518364,-181.50865,166.18982,104.71565,-250.5975,108.24451,110.5794,-176.7793,163.44131,108.31878,-228.22131,109.72439,113.61158,-156.28702,157.20296,368.66583,-10.719858,112.50478,370.04376,10.557535,167.15575,445.83994,45.31872,111.25113,450.11078,87.61327,169.32114,511.57315,229.21541,125.96142,506.65662,281.18802,166.66168,517.43713,242.91467,132.80028,510.7957,295.8578,167.78914,550.8589,144.8891,125.923645,547.5229,212.04446
Snipaste_2022-09-08_15-42-07.png,144.63405,213.19019,-241.41827,147.18071,206.26218,-225.81775,149.62653,206.25304,-225.76517,152.05458,206.33861,-225.7858,139.83986,206.62936,-227.37164,137.13434,206.82074,-227.40726,134.63058,207.01501,-227.42699,155.73979,211.30455,-150.02107,129.77762,212.42662,-156.34363,149.69406,220.19547,-213.16139,140.16591,220.14287,-215.18921,176.18855,239.68712,-142.13554,115.03779,241.34372,-156.03069,184.29405,183.15553,-196.41798,107.185486,183.82939,-230.37268,175.906,120.01103,-221.49168,113.35072,126.47665,-242.47324,175.85632,108.345695,-246.07195,111.131805,114.74757,-268.38025,170.79709,108.94715,-244.52174,115.99442,113.552925,-263.426,168.34915,112.854065,-225.3795,118.16651,117.37872,-245.27724,172.56529,371.3065,2.615302,128.44746,373.9477,-2.7947912,179.43379,448.5754,56.7141,126.387314,454.48425,50.63247,179.19957,518.0538,203.73857,134.14752,518.2338,201.15016,175.11824,526.77686,213.48895,137.22337,523.8517,211.01028,178.836,556.66626,122.75203,135.79979,557.9,123.52617
Snipaste_2022-09-08_15-42-14.png,147.5076,236.0781,-252.23865,150.28261,229.51465,-237.04578,152.9012,229.47577,-236.98515,155.45865,229.52838,-237.00809,142.61101,230.06784,-237.68948,139.618,230.28738,-237.72269,136.82669,230.59387,-237.72548,158.80396,234.53178,-160.50322,131.5217,235.36963,-162.44806,152.43867,243.42448,-223.5076,142.05925,243.34605,-224.2514,177.44788,263.90274,-151.87383,118.225815,265.93002,-156.09958,188.17342,209.39268,-210.41057,112.91374,206.92416,-223.40215,186.13345,149.41942,-240.65039,120.85474,150.73782,-239.32773,187.173,138.25792,-266.39447,118.939804,140.12164,-265.57623,182.84042,137.40302,-264.68118,124.16531,138.82703,-262.19577,180.4669,141.25764,-244.63354,126.20747,142.31506,-242.99034,170.7865,393.7493,-0.67892647,127.348045,395.24203,0.48527467,170.40915,474.21335,46.48538,119.07701,475.97015,56.537983,163.84764,549.39655,193.55246,124.60667,540.13336,221.33699,160.10457,556.1796,203.22002,128.14053,544.75195,232.3748,163.7152,584.6438,105.59652,125.15822,580.851,143.40253
Snipaste_2022-09-08_15-42-30.png,170.22632,264.9859,-262.74646,173.98961,256.98788,-246.80728,176.8056,256.59143,-246.74763,179.67274,256.4279,-246.78973,166.31125,257.87982,-247.07462,163.30554,258.061,-247.11418,160.58353,258.3317,-247.11534,184.51654,260.70502,-162.59567,156.49654,262.51843,-161.73906,175.71169,273.2162,-230.70354,165.94518,273.15787,-230.73264,207.35027,289.3479,-141.41374,141.34679,289.72037,-146.06952,223.03632,230.83168,-187.58765,125.48017,228.36061,-200.49916,232.61575,168.71436,-227.51126,121.92086,166.1179,-236.69545,237.58377,156.00572,-254.73363,121.72623,155.61443,-269.87527,232.85184,154.97098,-259.15167,127.45795,153.736,-268.45276,230.22482,159.1881,-234.48909,129.40173,157.17142,-242.58792,192.42653,424.97574,-0.35386714,146.71225,422.61688,0.19838443,199.27077,513.9891,55.806,133.94983,511.88303,64.73687,198.89522,589.88446,241.5893,139.38782,582.0043,254.39598,192.42937,595.83234,254.76634,143.956,588.49774,267.77304,199.85704,626.5245,148.43816,134.56607,624.1819,171.13557
Snipaste_2022-09-08_15-42-38.png,175.72699,272.05182,-264.49536,180.57361,264.12833,-249.00148,183.75514,263.9774,-248.97302,186.65388,263.87216,-248.9981,171.80925,264.87106,-249.35497,168.57838,265.04352,-249.3819,165.87523,265.2932,-249.35732,192.43488,269.28052,-164.13359,162.437,269.99982,-164.71007,181.17274,280.25082,-232.28397,170.89983,280.1443,-232.62154,213.20537,302.61096,-149.01605,145.09431,300.82135,-150.62291,226.24199,243.7817,-215.69238,134.15306,238.94286,-216.4199,235.76665,182.07814,-276.28308,131.16635,177.76262,-259.78925,238.66776,169.49907,-308.41934,128.70345,165.79568,-289.44073,235.4657,167.45172,-312.92206,133.80376,164.06523,-292.7946,233.53403,171.08058,-283.60214,136.48723,167.8038,-266.08878,196.48474,434.34454,-1.4779799,150.23875,431.81616,1.3860048,204.57384,529.5859,3.2537556,136.13922,527.55035,8.573867,209.08406,627.37164,104.06677,125.52737,622.21106,114.37965,203.55743,641.8818,107.50936,128.21898,637.0976,117.75618,219.94136,658.7476,-2.8238528,115.81294,649.24194,11.587189
Snipaste_2022-09-08_15-42-45.png,139.37932,227.30464,-269.80035,143.14029,219.13,-257.02902,145.59166,218.88206,-256.99274,148.28004,218.63292,-257.03595,135.91156,219.50935,-257.75223,133.18675,219.46846,-257.79083,130.73758,219.50975,-257.78497,151.653,221.75087,-181.99812,127.88005,222.68272,-183.13313,143.96696,235.29927,-240.174,135.09065,235.15489,-240.70392,170.68642,248.39769,-163.15077,113.533554,245.80386,-166.4366,191.42455,191.92998,-218.74193,99.461266,188.43683,-225.89856,204.77641,131.20403,-271.7005,91.239586,124.78588,-264.59668,211.94168,119.29014,-298.50516,88.18215,113.02627,-290.4484,207.56018,118.185295,-304.97595,94.63562,111.22892,-293.78775,204.13605,122.134575,-279.52438,97.97223,115.086296,-270.57938,156.2619,370.73843,-5.261691,116.861015,369.8478,5.236629,160.86916,455.6633,-23.528399,105.4571,456.52588,-2.5086892,167.54774,547.9753,58.862167,97.386284,542.8035,75.34468,162.73114,561.5268,60.65525,99.523926,554.86285,76.4995,163.80746,572.77026,-45.032776,94.20985,568.8842,-18.816225
Snipaste_2022-09-08_15-42-52.png,175.18973,244.39268,-314.77014,179.17949,236.46107,-301.0168,181.75049,236.2315,-300.95242,184.34576,236.09114,-300.97983,171.53047,237.44017,-302.61377,168.6339,237.75555,-302.6582,166.02429,238.08102,-302.66022,187.14821,240.545,-219.60504,162.9957,241.80838,-225.98044,180.13147,251.9181,-283.12933,170.8503,252.34375,-285.06708,207.38075,267.06567,-193.85025,146.4603,265.34897,-219.86789,226.66608,209.30109,-252.21996,133.3893,205.31303,-303.13678,242.93599,146.16682,-303.28806,125.4388,138.40215,-337.39972,250.47142,133.0957,-331.59393,122.947845,126.9814,-364.64276,246.22844,131.49052,-336.09247,128.78018,125.03404,-365.40875,242.58038,135.47636,-311.14682,131.42787,128.8258,-342.5766,189.75783,400.0212,8.104337,146.99506,397.48892,-8.242892,193.3468,483.14914,46.611137,135.83855,482.598,15.476093,191.67375,567.42004,172.26462,129.37885,568.07935,147.80478,183.82872,579.3213,179.10727,131.76523,577.06274,155.16335,193.05194,593.4036,74.85813,130.50223,595.9974,50.92335
Snipaste_2022-09-08_15-43-01.png,143.98564,268.68176,-196.43187,147.95934,257.664,-176.88028,151.42615,256.8647,-176.84369,154.78398,256.2133,-176.93323,137.90442,258.60593,-172.53302,134.3736,258.4869,-172.57588,131.1053,258.30676,-172.60233,160.57329,258.54248,-95.50528,126.754524,261.00436,-73.88441,150.77026,276.4837,-167.85083,139.12474,277.09448,-161.92343,188.40825,297.7077,-109.22186,114.09562,300.87204,-58.38726,210.80013,235.4058,-179.37177,96.113014,234.92278,-87.869286,206.99794,159.54953,-195.55951,105.9039,163.75215,-92.214836,209.38148,142.45197,-222.32864,103.17487,149.40271,-123.07872,202.58539,141.63347,-218.64261,110.57242,147.6878,-111.049644,200.26102,146.84404,-198.62563,113.24067,152.91754,-95.97684,182.49663,453.18958,-10.237711,130.39119,455.29614,10.061646,192.4029,538.8788,17.993078,117.841866,532.3834,61.06573,198.41109,587.1365,281.15607,113.11723,579.13556,320.53854,196.51045,587.2208,304.89728,116.0204,579.6008,343.19812,197.34059,632.07166,223.78207,114.739815,626.36896,272.79086
Snipaste_2022-09-08_15-43-09.png,170.32892,276.7319,-170.56271,173.98581,269.24005,-147.42569,176.76569,269.5175,-147.41573,179.39989,269.92496,-147.43265,165.56554,269.0982,-149.67581,162.21664,269.0535,-149.74025,159.06479,269.11588,-149.71944,182.6385,275.27893,-58.784725,153.95898,274.64615,-66.72038,174.83875,285.55792,-140.30241,164.22023,284.32315,-142.9266,206.02255,316.74094,-68.84242,136.97873,314.821,-77.13375,224.08565,254.68196,-139.8754,123.85606,252.59909,-163.86908,224.49663,188.03522,-181.45273,128.16023,184.93587,-190.2678,223.57176,175.50801,-207.61752,125.17412,172.74675,-220.56541,219.43263,173.28731,-204.21992,132.09018,170.54474,-210.33171,217.93472,176.67322,-185.88406,134.7992,174.35295,-193.06256,194.37468,454.18774,-3.9865148,144.0789,452.89313,4.0852184,210.57436,514.1436,-274.74493,119.91279,506.41718,-265.5794,199.68777,623.8273,-218.7505,123.57014,614.4995,-196.6485,190.99925,641.81006,-218.62672,128.29413,627.492,-195.91045,206.09769,653.80054,-348.28143,121.67438,656.52185,-304.51065
Snipaste_2022-09-08_15-43-14.png,157.3189,271.1804,-248.07811,161.38542,262.436,-229.65181,164.44847,262.43036,-229.58774,167.50969,262.47708,-229.62862,151.06279,262.6053,-229.5847,147.20511,262.59317,-229.62907,143.79308,262.7633,-229.61568,171.50552,267.4958,-145.02571,137.65182,267.901,-144.08623,162.99364,279.7246,-217.69586,150.80789,279.79706,-217.55133,196.08684,307.3051,-143.19695,122.16458,309.86417,-139.56076,209.84502,242.82509,-204.19846,112.42639,239.78862,-208.70604,211.15677,172.35484,-233.87108,114.599236,172.39003,-227.2287,211.11057,159.44736,-264.03006,111.4405,161.47902,-258.28625,206.34615,157.95988,-265.23508,118.97738,159.10315,-252.37906,204.12958,161.70438,-239.66885,122.028404,162.53008,-232.09822,187.55565,456.97934,2.0156474,137.26839,458.7555,-2.1383028,189.54887,536.6404,63.567085,131.6781,544.47687,58.567753,192.33621,606.08954,256.25604,125.71648,611.956,238.65077,185.51907,612.69446,270.65097,130.96083,616.803,250.80246,200.6363,651.35,176.82274,120.23776,657.18945,154.95764
Snipaste_2022-09-08_15-43-23.png,148.9171,258.3131,-241.66692,153.16736,248.824,-221.76776,156.42697,248.44913,-221.7176,159.4091,248.18123,-221.77223,142.78815,249.18146,-222.23615,138.45319,248.8111,-222.25452,134.52519,248.45924,-222.2234,162.63283,251.24011,-128.1634,127.11777,251.77109,-128.8712,154.67332,267.03558,-207.22755,142.3864,266.61984,-207.64801,185.22063,290.95193,-123.98463,109.18817,290.23795,-121.56328,197.53806,224.41853,-188.02562,101.70995,221.2759,-193.32373,202.44214,151.08801,-218.0536,104.950455,153.66841,-218.5326,204.10493,136.7891,-250.21852,101.61614,139.02892,-253.14641,198.7744,133.65948,-252.55894,109.86033,136.17561,-248.8931,195.86243,138.35497,-224.83514,113.048965,140.90504,-224.39844,174.5405,451.3543,-0.41571677,120.34069,454.39334,0.28761885,183.51117,550.9447,47.96305,117.099686,560.8022,54.970623,178.84494,633.5275,239.02112,125.684685,641.99347,232.70338,171.45792,642.6001,252.18578,132.13057,651.0827,243.87636,191.0608,686.347,144.80258,113.329735,695.47614,137.83795
Snipaste_2022-09-08_15-43-30.png,160.48166,264.80344,-219.50058,164.01324,256.315,-200.42519,166.88121,256.3868,-200.39514,169.81096,256.57352,-200.40964,155.37726,256.3445,-203.7065,152.02263,256.1893,-203.74478,148.85274,256.18518,-203.73259,172.44957,261.42896,-114.33101,142.81094,261.18323,-128.17574,165.31206,273.47232,-188.15236,153.93037,272.46124,-192.42252,193.44556,302.13977,-106.12633,125.02923,299.0217,-135.04823,210.36502,232.98521,-158.08783,115.45722,231.96169,-219.04169,211.28087,165.08559,-202.87788,115.843155,160.20244,-240.91797,211.85834,153.08894,-228.3098,112.008194,149.519,-265.71103,207.80998,150.58296,-226.30959,118.85844,146.33858,-259.2076,205.1927,154.09995,-207.54736,122.1787,149.72968,-243.15274,182.84087,447.78357,5.5802593,134.5432,446.2467,-5.688993,195.35727,529.35767,-101.5128,126.062874,521.7,-125.4244,187.95132,645.67334,-24.85595,115.58475,635.866,-21.507072,177.89815,659.8797,-23.080479,118.073616,649.44495,-17.593004,189.8049,684.4796,-139.51865,121.527725,678.772,-123.25598
Snipaste_2022-09-08_15-43-44.png,185.06848,222.84035,-177.77042,189.56738,215.50471,-159.21333,192.6869,215.66423,-159.18784,195.8614,216.00343,-159.2386,180.91371,215.9653,-153.37921,177.7075,216.15733,-153.40544,174.89595,216.23799,-153.39201,201.88046,222.18306,-83.20745,172.32152,220.82314,-54.11069,190.73616,231.83208,-151.35004,180.01701,231.11661,-143.13219,223.23041,263.27722,-108.98918,154.10815,259.70334,-34.44931,243.07889,202.43938,-200.38875,133.4393,198.80534,-76.496284,240.65833,136.11458,-243.75674,136.01308,136.22334,-122.219536,240.27884,122.61411,-277.40665,135.53716,123.174484,-157.2388,236.08592,120.46894,-273.66525,143.30765,121.649826,-152.4824,234.09694,124.386314,-247.48352,145.54935,126.0032,-128.56715,201.38246,406.99274,-24.651058,151.36172,403.38968,24.47981,207.29141,497.47134,-50.576553,130.1892,494.88773,-5.445303,189.3969,576.9074,157.9516,140.30466,577.4632,189.00159,183.82866,584.738,173.67503,148.47002,588.6401,203.11525,188.90672,618.3118,71.847466,120.14066,619.22455,119.12243
Snipaste_2022-09-08_15-43-54.png,175.57065,276.54846,-220.99895,179.93964,268.4838,-206.02275,183.28638,268.39978,-205.95335,186.81956,268.55927,-205.96178,170.61885,269.10028,-201.42307,167.49332,269.2307,-201.4485,164.71675,269.17233,-201.41136,193.14171,273.79193,-129.74187,161.73311,271.6396,-107.51071,182.01883,285.88757,-193.46346,171.52388,284.7228,-186.91362,213.43462,310.14935,-126.80102,144.69925,307.49243,-95.39641,238.871,258.19843,-217.40111,115.14899,258.45657,-156.03874,234.31017,193.50183,-280.68384,122.72358,191.66014,-196.9744,234.59412,178.75302,-316.9406,121.94619,177.43048,-231.01176,230.00749,177.17046,-317.4514,130.04211,178.2614,-225.24225,228.46243,181.9128,-287.02078,131.94183,183.69331,-201.59848,200.40208,456.22705,-3.778366,150.26552,452.98187,3.6707356,205.36293,538.0863,37.093487,124.585464,536.3837,34.276844,208.4049,616.22595,199.33768,104.3447,613.3225,178.88147,197.31369,625.7177,210.44894,110.68632,626.51434,187.61975,223.9283,659.7993,114.128494,84.41974,651.3755,93.11328
Snipaste_2022-09-08_15-44-00.png,179.25879,246.16074,-178.3098,184.07079,239.16104,-160.34381,187.00972,239.16098,-160.32872,190.18376,239.2813,-160.40173,175.60126,239.83713,-154.5147,172.95581,240.03687,-154.56276,170.37788,240.08084,-154.58473,196.49124,245.86545,-90.51709,168.90121,244.83664,-60.299713,185.28369,254.3024,-154.46837,174.68542,253.80266,-145.98537,217.08673,285.76114,-114.372,151.96788,282.05713,-51.24117,237.65584,223.94873,-198.78604,137.45056,221.96208,-92.22308,240.7621,156.4038,-228.04074,137.59311,159.54019,-130.80423,243.30386,140.46367,-254.80138,135.81432,147.77107,-164.04301,238.97542,139.05235,-252.98138,141.7462,145.28204,-159.36472,236.34886,143.08517,-232.26564,144.51921,148.80293,-137.45782,207.45845,425.10226,-20.419956,156.65527,424.70364,20.305376,223.19003,507.8082,-70.03305,128.84714,503.35284,-121.84767,219.80998,583.8791,136.31087,156.66115,582.98334,69.36223,212.0746,591.1307,151.17003,171.69225,592.9529,82.68777,226.8362,622.10583,52.557175,135.30014,618.56854,1.6304765
Snipaste_2022-09-08_15-44-40.png,182.18925,190.91258,-213.79332,186.45,189.80453,-178.27394,190.8166,190.82732,-178.17856,194.96106,192.26909,-178.19794,173.58188,190.14145,-178.98872,169.63203,191.18196,-178.9894,165.7401,192.47566,-178.92302,200.97946,207.42442,-30.015497,157.73448,207.79057,-31.765953,191.10411,200.8933,-162.16048,176.51147,201.26787,-162.76547,248.27878,266.90024,-20.361464,125.0152,266.55627,-42.403263,302.7293,183.1176,-115.94166,85.18634,175.25055,-170.04587,305.62424,78.93999,-217.6828,89.75927,74.05295,-250.51201,306.53293,57.167717,-267.79935,84.916084,51.57542,-308.79044,294.119,55.46524,-278.18243,95.46961,49.054382,-302.11963,291.50854,63.888584,-232.4541,99.69649,57.448517,-259.8771,231.07738,486.11755,-9.385406,152.03242,486.91928,9.426288,205.0329,646.03186,34.63451,144.85794,648.0985,23.962917,197.93417,814.531,214.03288,151.94221,821.3998,195.5303,194.25633,828.5964,221.0819,148.52628,837.25104,200.8831,190.56006,883.50604,18.054789,156.72015,883.49457,11.391565
Snipaste_2022-09-08_15-44-53.png,165.83766,221.88005,-429.75604,170.06885,211.44878,-399.0141,173.87427,211.85672,-398.91968,177.92563,212.63893,-398.9297,158.03246,212.0831,-399.76657,153.91432,212.5836,-399.8057,150.05338,213.14088,-399.78412,183.93071,224.71857,-248.60388,142.7689,224.72456,-250.1182,174.16936,236.05673,-374.3826,159.2298,235.45636,-374.78403,224.76385,281.521,-219.95491,109.55076,280.8981,-231.0533,275.57745,198.57275,-328.9722,68.854,195.266,-351.83994,284.08234,85.26636,-437.9579,70.47324,84.68192,-438.65146,287.52728,63.81916,-490.0493,65.04808,63.111202,-492.91385,275.0805,62.110443,-502.211,78.2612,59.40861,-493.05038,271.47275,69.30792,-452.71,82.53401,65.99552,-448.07434,196.08376,503.74722,-9.867082,122.05606,500.69373,9.792476,168.15929,662.2675,34.907917,103.07663,659.0136,49.308872,156.66246,829.87616,231.09245,99.59458,834.2726,221.15498,150.23584,847.25476,239.38892,101.05467,851.95264,226.24388,149.69096,898.17487,39.15429,106.56678,897.62805,39.643753
Snipaste_2022-09-08_15-45-03.png,217.52386,251.74857,-113.19201,225.90584,247.34702,-71.63362,231.49547,248.814,-71.68592,237.20995,250.33504,-71.90384,209.29604,247.36818,-72.01413,203.77322,248.86668,-72.09709,198.20978,250.41107,-72.14228,245.06943,265.14563,72.09496,188.4077,265.44626,69.25604,228.7073,269.5841,-66.537,205.77911,268.004,-67.89579,289.8995,326.85962,30.935936,144.92711,331.80563,55.602364,324.098,209.8563,-56.62651,107.80297,207.78572,-49.254337,343.15604,95.42154,-74.01785,87.83607,84.31836,-59.214863,347.91687,72.83462,-120.526985,83.585945,66.001724,-105.76061,336.98648,71.0279,-112.387856,100.87364,64.82551,-85.00945,332.21378,76.44807,-80.60097,105.12307,70.23317,-65.2468,268.73755,630.06226,-4.4796257,171.64694,626.97235,4.736418,261.36096,804.1976,-80.0794,165.64966,805.9613,-104.00994,262.94696,940.0143,346.1316,155.5335,955.8184,320.42517,259.69443,951.0224,385.15814,157.18782,964.92017,359.31128,270.2973,1000.87555,279.51587,160.31754,1014.92206,231.13907
Snipaste_2022-09-08_15-45-10.png,198.83354,238.09439,-115.41156,205.08046,230.4569,-70.55186,210.03886,231.51994,-70.54629,215.0073,232.60857,-70.640236,189.41238,230.71649,-74.4103,184.02652,231.97949,-74.549126,178.23529,233.35435,-74.65104,221.81932,244.35065,96.69961,168.70424,245.34482,79.01786,208.97597,253.44333,-59.666595,188.16347,254.66896,-65.40747,270.52478,309.1622,109.645485,126.648705,312.33423,70.750336,320.72287,203.88358,57.695,65.29442,205.57678,-30.261127,324.94565,94.52958,24.258675,61.57305,87.50513,-48.41467,326.21503,68.55321,-23.44921,58.975513,64.860344,-101.75316,313.7764,67.02271,-18.702545,74.30345,61.10851,-79.68396,309.7488,73.65429,16.277111,78.814026,67.538925,-52.15478,246.1484,598.31396,14.908097,147.8108,597.31134,-14.527254,233.22394,782.0604,-42.543407,140.178,786.39844,-96.287056,229.54016,943.8577,342.99655,136.626,963.2646,269.09546,227.84541,958.5482,375.49582,135.66986,977.8534,299.69946,227.76276,1002.22784,235.98553,145.02333,1019.53375,130.74326
Snipaste_2022-09-08_15-45-20.png,179.85698,233.34366,-243.66711,186.94937,223.361,-220.11684,191.6875,223.83438,-220.1322,196.15205,224.52332,-220.29718,173.32242,222.89584,-217.27597,168.52914,222.9543,-217.37271,164.06584,223.17424,-217.47061,203.751,230.55116,-127.29334,157.21214,229.80125,-114.869026,187.48471,246.38844,-211.92914,171.79976,244.95682,-208.34485,226.30923,286.13226,-159.18845,132.98878,280.3311,-99.61949,255.46378,197.79272,-237.66205,107.150894,190.71036,-108.24878,256.66556,100.57075,-263.67725,106.86012,100.72576,-77.261215,258.74954,81.50113,-292.70013,107.55682,83.337364,-100.61113,253.08484,80.58357,-290.54385,116.97356,82.14632,-88.51851,249.31119,86.32997,-268.47876,119.91733,88.390144,-80.91701,204.83167,478.16595,-14.670552,137.25743,477.27304,14.561492,200.04889,551.67865,68.006035,112.3975,566.08435,79.69067,196.53746,566.74603,447.682,138.9098,540.4496,491.1865,193.97806,558.6125,488.45364,147.08786,537.1257,534.71564,193.48544,602.7522,477.74747,128.27036,577.61456,533.2376
Snipaste_2022-09-08_15-45-30.png,124.699936,198.63792,-139.75768,130.93965,184.16434,-115.88369,135.87762,183.31241,-115.88891,140.59099,182.639,-116.04042,116.05993,185.61818,-108.4128,110.77899,185.47084,-108.43586,106.12254,185.2905,-108.47509,148.90125,187.43434,-6.59106,103.98003,186.89143,29.570877,134.31233,209.66219,-100.707855,117.7391,209.82722,-90.25977,179.57652,239.36394,-9.876005,84.69879,239.66928,68.28174,221.21364,174.49571,-118.04108,37.063225,173.33894,25.84661,210.15805,84.66924,-160.89893,48.498985,86.56475,-20.553968,207.85272,62.935852,-209.09097,51.94706,68.36879,-68.116905,200.35188,60.069553,-201.74977,62.733757,67.83484,-60.118412,198.85362,68.85947,-165.2013,63.892067,74.42598,-28.287916,159.88007,448.2466,-22.528929,92.52177,445.2057,23.019608,170.89262,601.68256,-83.61681,36.278225,600.79517,5.687989,194.52553,724.0767,87.42703,7.5723443,699.29596,200.69289,194.31273,739.4541,97.09111,11.634988,714.1161,214.33606,194.65411,770.8226,-34.470543,-16.3172,743.5083,93.04808
Snipaste_2022-09-08_15-45-43.png,174.03131,267.9059,-363.8666,180.09482,255.01654,-344.88565,184.43608,254.65709,-344.799,188.91635,254.61555,-344.86856,166.82681,255.1156,-346.41232,162.73233,254.62956,-346.4819,158.60616,254.35127,-346.48865,193.77379,258.7136,-244.60332,152.20534,257.95352,-250.85464,182.06764,278.65143,-325.08395,166.58789,277.77505,-327.1469,214.26315,293.67227,-238.08461,130.60735,292.95245,-232.54181,229.98848,213.79865,-317.29105,116.32281,209.94206,-307.59595,234.92825,123.125244,-356.29474,115.98124,123.32199,-328.66125,238.72112,105.2014,-391.82687,113.639084,107.599335,-363.2764,232.94936,103.11273,-390.33624,122.99331,104.792625,-358.97327,228.65488,108.93505,-361.71945,127.02385,109.81468,-334.29218,201.34576,475.57394,-4.737215,146.47618,473.69678,4.5247493,196.08609,578.93195,64.464195,145.449,580.8275,80.920685,197.90094,658.51483,338.50006,146.29335,660.7624,329.66858,193.3226,661.2496,360.92273,151.02089,664.91223,348.7063,191.62907,717.7506,256.68213,143.6718,717.3324,243.68971
Snipaste_2022-09-08_15-45-56.png,212.20786,219.88013,-278.89838,217.92041,211.82858,-263.30588,221.211,211.99886,-263.25058,224.33617,212.36166,-263.30017,208.73816,211.69072,-260.94528,205.84233,211.57834,-260.9897,203.12965,211.6815,-260.98984,229.866,217.36208,-183.80853,200.48407,215.59694,-171.7279,217.71857,228.6952,-249.46217,207.2178,227.75517,-246.14714,250.0821,253.3174,-175.53668,181.46866,252.9055,-153.61012,267.67883,200.7739,-242.66814,168.07684,199.43811,-200.63792,268.79932,131.71141,-280.3941,173.5705,135.23055,-231.1,270.59058,116.638756,-309.90182,171.97267,122.77352,-263.09488,264.88498,114.74374,-312.81372,177.8209,119.56198,-261.54636,262.42563,118.86149,-286.21402,180.10468,123.705444,-236.98265,236.42937,386.8513,-2.942297,189.37964,386.85602,2.7798266,242.5145,467.23712,51.44626,180.1892,465.81198,55.798523,239.25856,536.6993,235.22038,185.00192,537.58746,231.54501,232.81342,543.4259,248.16032,191.44354,544.97363,243.15573,246.63422,573.7585,151.51865,165.82596,572.0967,148.66963
Snipaste_2022-09-08_15-46-05.png,211.61873,199.49266,-254.37953,216.53722,191.48524,-237.5417,219.53404,191.52489,-237.47833,222.26941,191.79749,-237.5459,207.29663,190.94772,-236.41725,203.83612,190.47198,-236.49373,200.75136,190.13824,-236.5032,226.57814,196.008,-158.34244,196.87685,193.6793,-152.43748,216.18307,208.3564,-225.69177,206.14612,207.25182,-223.98433,246.77348,232.0144,-158.11539,175.77187,230.333,-137.48224,266.03116,179.61217,-221.9658,160.51648,177.61203,-190.64111,264.1493,110.010994,-251.31662,172.2402,109.965546,-218.2887,265.24612,95.48079,-278.5173,171.12823,96.75409,-247.46072,259.8499,94.27891,-275.54544,177.51764,95.67287,-237.9736,258.06793,98.95575,-254.93973,179.38124,100.30906,-221.0249,234.40727,361.99103,-5.6669545,184.54778,360.619,5.5981755,241.86526,425.41446,-2.4781098,166.69136,431.23215,-85.80446,234.7963,476.79147,259.22348,174.42778,489.0485,112.81061,228.50127,482.52164,282.35483,182.15897,494.15424,128.42009,241.99469,514.7904,214.72597,158.61919,529.8567,45.456367
Snipaste_2022-09-08_15-46-10.png,183.14992,212.96718,-281.53983,187.9694,204.49316,-263.6445,190.92075,204.90112,-263.58167,193.73636,205.583,-263.59756,178.24509,204.22217,-263.85684,174.45291,204.25887,-263.89374,171.04141,204.40648,-263.891,198.12573,211.75168,-174.24982,166.20691,209.55263,-174.03674,188.1264,222.71355,-248.80933,176.74896,221.7215,-248.69989,219.2626,250.57753,-159.1908,143.85684,248.93889,-168.04501,235.56142,195.14615,-228.95444,130.74844,191.31627,-247.35094,233.17874,123.735016,-273.23087,141.2381,123.50176,-275.99203,234.37411,110.557465,-304.4797,139.98582,111.55248,-307.8867,229.03351,109.25421,-308.49045,146.99602,109.875496,-306.46872,226.70418,113.50885,-280.3271,149.21721,113.85231,-281.74353,201.66685,389.40604,3.9494162,150.06015,388.0369,-4.042249,203.26218,485.7103,39.84646,127.48875,483.0732,35.14316,194.58351,569.5634,200.56671,118.88441,578.94275,171.75899,185.0189,579.2237,210.06331,126.795975,590.8563,177.77293,209.1653,612.2781,105.10031,104.06509,620.95306,68.80631
Snipaste_2022-09-08_15-46-17.png,215.91376,247.60265,-140.40352,219.66318,240.01552,-112.73272,222.58249,240.03543,-112.73106,225.28001,240.21925,-112.75743,210.51753,240.62201,-115.36616,207.03366,240.83932,-115.43033,203.6214,241.09135,-115.41342,228.88347,246.74188,-9.344846,198.56264,247.97644,-19.16106,221.52507,256.61313,-105.39122,209.74226,256.21704,-108.58705,253.24434,293.14362,-17.743896,180.49426,291.33755,-37.026653,279.56714,223.63553,-86.800125,159.42482,224.42786,-128.07184,285.89862,149.07808,-125.98149,154.78706,150.88545,-160.81497,289.25262,132.47855,-152.9562,149.95366,137.14824,-194.45021,284.22287,130.35822,-152.50284,155.21976,134.14659,-187.61438,281.88574,135.40994,-132.72525,159.27347,138.70496,-166.0155,248.25047,447.28406,-3.2811358,190.87657,450.34372,3.4175372,272.76328,509.69742,-299.45084,153.53105,530.58453,-290.84467,260.7387,652.6616,-279.96823,172.43535,666.143,-265.40265,247.54639,674.17664,-284.57953,188.54799,686.40576,-270.58365,288.0256,693.0501,-427.5402,161.4468,704.8787,-401.83054
Snipaste_2022-09-08_15-46-24.png,219.56538,224.90671,-215.57266,224.40651,216.3033,-184.88692,228.03119,216.50447,-184.83305,230.9063,216.83171,-184.94104,213.0291,216.643,-187.18643,208.8317,217.00015,-187.26292,204.98691,217.52257,-187.26942,234.18692,222.82791,-65.16225,198.88432,222.55411,-75.93765,226.1036,235.53625,-175.68193,213.07982,235.62605,-178.8339,255.90013,272.7435,-50.556923,176.81456,272.11353,-83.72596,303.7164,217.39362,-81.41869,139.44455,214.3054,-181.23131,307.6025,141.7604,-97.82373,148.45502,134.82716,-221.05263,312.6793,125.497475,-119.968285,147.06061,118.283356,-258.416,304.40222,121.79561,-118.01609,155.83353,119.41295,-234.76324,299.78073,128.08235,-102.560936,157.96397,125.24363,-219.94116,244.75963,426.86276,7.1555204,187.24033,428.84216,-7.2177205,286.19708,528.6155,-162.63629,133.42856,519.82043,-137.03914,269.1626,555.41406,132.77628,133.39389,547.24335,226.19937,252.12898,558.06104,162.52544,140.12553,552.7689,262.4819,273.41953,573.4091,109.52897,129.95927,568.08856,230.81258
Snipaste_2022-09-08_15-46-35.png,183.20654,206.45113,-275.35806,187.39597,195.77826,-257.10605,191.48157,195.29956,-257.049,195.19037,195.04056,-257.09457,175.48055,197.69423,-255.55946,171.24559,198.27454,-255.60014,167.62907,198.84274,-255.6004,202.06651,199.89046,-163.85764,163.97028,203.46043,-155.61116,191.6983,216.7523,-240.93289,178.56163,217.2727,-238.58813,229.074,242.32828,-144.8844,149.3776,242.69942,-139.84428,254.22308,175.58095,-207.20345,121.342896,177.12389,-212.14026,269.0676,105.507256,-264.03006,109.53523,102.00733,-269.46463,274.4067,89.8997,-297.09494,107.586784,86.86188,-305.8478,267.70554,86.19488,-304.27847,113.75105,84.14543,-303.1055,264.59027,92.06517,-273.76044,115.42124,90.23625,-276.3916,214.04208,403.12646,2.1010215,157.37726,402.98642,-2.1084633,230.0821,493.40973,65.05778,141.03621,506.59546,-8.777718,245.56073,566.905,286.74103,130.43143,597.5511,141.68651,240.34195,572.62317,303.1624,135.2296,606.7522,149.79031,249.90073,616.9886,194.51672,117.818184,644.2443,25.398298
Snipaste_2022-09-08_15-46-48.png,174.53198,238.35907,-158.32536,179.72316,228.00577,-138.74838,183.56416,227.754,-138.74393,187.2986,227.5551,-138.87656,169.12857,228.46742,-135.78741,165.8769,228.41666,-135.80667,162.98738,228.49745,-135.83969,194.18234,231.14493,-59.640594,160.71632,232.24518,-45.31109,182.7766,248.8809,-130.85771,169.9734,248.22014,-126.83465,219.81323,271.51395,-79.42257,141.24887,269.15125,-46.437103,244.20473,203.65991,-137.75491,124.89387,197.51024,-94.335014,261.1356,124.86895,-163.51036,119.182724,117.14103,-103.230965,265.90317,108.70974,-189.28116,114.65188,99.98822,-129.78268,261.5555,105.26728,-190.62401,119.84193,97.80676,-118.5277,258.41187,110.775246,-169.44682,123.15181,103.792885,-107.94071,199.14645,431.03458,-2.720281,146.22162,430.89362,2.6658373,216.47769,517.3061,-39.947914,138.36417,524.76,-6.4935136,218.56447,532.53516,288.4183,138.94684,564.5275,246.11882,212.61731,529.4488,322.7686,145.3539,564.3991,270.76416,230.68251,573.76605,299.34613,145.66978,605.47705,222.33069
Snipaste_2022-09-08_15-46-52.png,190.00671,266.3217,-153.77188,195.1837,255.32364,-137.2923,199.27824,254.79843,-137.30925,203.15257,254.30821,-137.49036,183.7824,255.25217,-133.07123,180.36523,254.70984,-133.11153,177.31255,254.2587,-133.14035,209.88567,254.96883,-60.971176,173.84569,255.56003,-40.49491,197.98715,275.33975,-125.716446,184.3119,274.5831,-119.94984,234.37949,288.8725,-76.74537,156.00458,286.0458,-31.16664,260.8418,222.71434,-128.86432,138.35783,219.05156,-65.94109,282.74728,148.02985,-143.2191,130.27956,139.78459,-75.60985,286.32217,135.45769,-166.01678,126.24776,124.45878,-100.618866,280.46277,132.32098,-169.84619,132.3929,123.81399,-93.21711,277.9992,135.99509,-149.75922,135.51834,129.17657,-81.42713,209.87234,441.16315,-12.464755,156.45335,440.77374,12.506713,210.7825,546.6214,-52.955605,149.58812,542.39386,-11.721924,206.59373,556.9007,272.4818,154.74248,576.8644,260.86682,209.0674,565.61444,307.94736,158.96654,577.2672,289.77145,206.59927,602.2565,305.87585,150.75374,609.2671,269.82867
Snipaste_2022-09-08_15-46-58.png,180.18942,244.20311,-147.46382,185.34068,232.96515,-128.33902,189.07925,232.66306,-128.32968,192.63588,232.5394,-128.4289,174.14879,233.41911,-128.38847,170.35387,233.43877,-128.36371,166.91313,233.64154,-128.35625,198.9832,236.59848,-42.14499,163.13574,237.05667,-40.474483,187.95454,254.77716,-116.106476,174.41629,254.10147,-115.45457,222.44006,274.2735,-43.477722,144.62947,270.51306,-44.790634,248.56578,208.52202,-111.800415,123.03448,202.77205,-129.5999,271.55948,128.5785,-174.42247,113.20433,120.287506,-188.30278,276.3109,116.677574,-214.1987,109.501915,102.42619,-225.67651,270.36053,111.348045,-217.35622,116.69408,101.19419,-227.87071,267.36893,114.6577,-184.09068,119.5176,107.16999,-198.05939,204.32568,437.10678,-4.808845,149.10822,437.10895,5.1194577,201.11855,560.0796,-35.017113,128.85129,561.73834,-36.371746,204.49992,663.4541,93.26422,109.99857,664.75183,72.173164,202.0519,673.5396,99.97079,111.77482,676.40796,77.28785,197.2953,706.08466,-5.8792524,103.003006,705.3255,-32.463177
Snipaste_2022-09-08_15-47-10.png,186.46748,264.3262,-107.586136,191.36845,254.07495,-88.84872,195.07233,253.72688,-88.87832,198.5028,253.38622,-89.052864,180.27135,254.09612,-88.926575,176.52821,253.77472,-88.95998,173.12541,253.50046,-88.99026,204.82484,255.5818,-14.516904,169.21426,255.79529,-13.840242,193.94373,274.25424,-81.19585,180.87698,272.83505,-81.0742,226.54869,288.53427,-37.526207,150.47113,287.74292,-15.857606,254.11671,222.03197,-82.164734,134.05911,219.35495,-52.053555,274.97928,140.79333,-84.77679,126.32408,137.17242,-49.925434,278.47476,126.39434,-102.46553,122.001144,121.73706,-66.56168,273.90118,123.067154,-103.00124,127.71145,120.1039,-58.088207,271.1008,127.52174,-89.415886,131.029,125.18375,-53.95835,209.12105,443.6678,-5.974204,154.80527,445.52554,5.9090676,219.32828,549.043,-81.816055,146.25104,543.55505,-50.470093,208.62178,541.53546,231.98175,146.07054,544.43585,227.61981,203.11285,531.686,268.36243,151.9958,552.3391,259.5814,209.15779,572.97107,304.45795,139.59381,585.37555,283.12997
Snipaste_2022-09-08_15-47-16.png,146.86179,230.93373,-262.80838,151.10526,218.88994,-248.3436,155.00899,218.2495,-248.33871,158.71036,217.63348,-248.41724,139.93304,219.38065,-246.6904,136.14494,219.09157,-246.74002,132.92377,218.80925,-246.7686,165.094,218.39626,-158.3172,129.54639,218.96785,-147.32498,154.9714,239.17747,-226.92615,141.53926,238.69794,-223.88554,190.14333,249.45473,-128.96489,112.097664,245.83952,-130.37192,216.19,182.34921,-191.96439,91.787025,180.04912,-202.92769,236.74734,109.943375,-264.47772,77.7111,100.640305,-265.57126,241.8034,96.867004,-299.1059,72.890335,83.95182,-300.4487,235.74596,91.42615,-308.5692,78.840485,81.9924,-306.20514,232.5737,96.14743,-275.5136,81.797066,88.09982,-275.26422,166.35468,405.41492,-0.57999665,116.62794,403.4843,0.8029094,180.77612,513.5784,-82.16606,107.69518,520.1989,-77.07344,187.21707,625.9559,-12.368347,109.230606,631.6569,-39.74442,182.43137,629.5595,-12.994245,113.22838,631.98083,-44.09662,182.20013,680.7273,-148.15442,101.28969,682.1005,-181.05063
Snipaste_2022-09-08_15-47-24.png,221.03276,225.21057,-177.70703,223.68727,219.51822,-157.10498,226.65742,219.39975,-157.04805,229.68434,219.52068,-157.0451,214.72395,220.91336,-154.08888,211.8684,221.54977,-154.09827,209.37079,222.31259,-154.08429,233.2766,227.41344,-73.64351,205.39633,230.37437,-56.43332,227.57263,233.02052,-148.64027,216.68997,233.79805,-143.77757,260.8761,265.85782,-88.61557,182.7247,267.67575,-51.277393,277.4891,193.78282,-180.40472,169.53181,197.07024,-119.250694,280.87643,118.01904,-233.79156,177.90945,119.49454,-163.32614,283.21957,106.632645,-270.38348,176.55643,106.945,-200.0023,276.1953,106.49134,-270.30423,185.00471,105.96735,-199.33241,272.9772,110.26455,-240.44885,187.50464,110.31394,-171.23882,242.72548,425.4655,-21.359625,190.3528,424.7341,21.346706,241.25383,536.1677,0.379281,181.59476,535.7699,42.192047,232.18477,645.2648,128.63504,188.84827,644.07245,166.33096,228.24826,650.075,132.90347,194.68794,650.9659,171.1367,218.46931,691.19037,-3.94966,184.94543,681.2845,56.814064
Snipaste_2022-09-08_15-47-29.png,231.77971,223.81677,-108.07596,235.6441,215.81682,-84.48845,238.45876,215.80531,-84.475174,241.28749,215.94542,-84.48301,225.46376,216.37337,-85.90877,221.2801,216.54907,-85.91746,217.17445,216.86848,-85.91984,244.53282,222.34187,7.0951786,208.48782,222.14978,3.4235296,237.05672,235.00334,-76.12645,224.2,233.89514,-77.386986,267.54327,257.5837,-7.8364596,185.22673,256.7498,-9.140269,277.63446,187.63899,-87.11228,180.91606,188.28157,-93.684685,284.9708,109.63865,-138.63512,183.83911,112.89952,-137.20985,286.37936,96.99413,-173.96606,180.19884,100.452415,-175.465,280.3546,95.69043,-175.71185,187.3804,97.72366,-176.76411,277.61606,99.757996,-146.20134,190.722,101.65835,-145.65157,247.01605,420.603,-6.622807,191.95975,420.0999,6.6566005,251.60309,540.52454,-16.066439,187.22684,549.9937,-1.3751757,248.17001,655.636,88.21111,188.49397,652.2311,94.550995,241.53879,660.47235,90.813225,190.50113,658.65424,96.5343,236.50435,702.73804,-41.539474,195.17976,683.98785,-23.273129
Snipaste_2022-09-08_15-47-35.png,170.0284,215.79285,-207.91908,173.71033,207.52092,-192.0934,177.0577,207.12149,-192.04137,180.44768,207.02109,-192.07716,164.11694,208.58919,-188.14897,161.0789,208.84473,-188.19687,158.28384,209.32446,-188.22133,185.3266,212.89786,-122.341064,154.85023,215.72668,-103.11894,176.6863,222.78198,-183.0736,165.23595,223.68204,-177.62158,212.115,247.7261,-130.70155,131.9707,247.29561,-104.981224,227.6404,180.13321,-205.0619,125.81619,177.70789,-158.85898,232.623,101.62491,-234.51784,135.9182,105.18326,-172.96155,235.11818,87.84448,-262.94327,134.34372,89.90625,-200.81613,228.47906,88.261246,-259.84192,143.11983,89.985794,-193.64087,225.48244,92.93751,-238.20383,145.79861,95.690155,-176.80373,196.27367,406.85306,-2.84979,141.66554,406.88507,2.7280629,195.99059,495.58777,19.408947,132.95909,495.6622,41.036747,188.93279,570.7329,197.44276,137.5919,574.49243,205.08917,178.3568,579.2712,210.44028,141.4098,581.565,215.83496,191.07524,621.10406,116.0865,139.73247,625.84424,123.62609
Snipaste_2022-09-08_15-47-43.png,216.65852,219.55525,-172.29044,220.84021,209.53642,-154.6518,224.50897,209.12527,-154.61281,228.47282,208.96022,-154.69572,210.58511,210.64003,-147.63147,207.2952,210.92085,-147.67169,204.14882,211.1753,-147.67131,234.9348,214.27242,-81.10533,200.23642,215.25879,-46.417324,224.14156,229.2799,-146.55833,211.43567,228.90259,-136.71255,262.4622,256.3554,-95.94973,182.25693,255.94325,-33.495884,293.35507,196.97684,-164.26445,168.76025,191.73453,-56.98355,295.73923,122.768036,-180.58208,172.01266,117.99322,-65.1789,296.79254,105.50946,-208.52048,171.26839,102.28837,-96.92368,290.49332,102.956024,-208.01416,177.71317,100.3219,-87.604164,288.71698,108.71309,-185.48764,180.07872,105.886955,-70.752655,242.92165,413.61182,-13.353333,187.77367,409.35443,13.218795,240.31245,508.39798,29.156425,175.25899,500.40665,74.906876,240.59445,578.98663,239.77048,173.17691,565.8485,271.6725,235.16483,584.2937,256.73715,179.3664,572.1693,286.6863,239.29454,627.4766,160.54274,163.33913,617.66223,201.34607
Snipaste_2022-09-08_15-47-48.png,196.9451,226.0516,-199.86926,201.11566,215.99014,-181.34657,204.51976,215.61778,-181.29825,208.2335,215.41135,-181.34732,191.48596,217.26501,-175.95578,188.17316,217.42085,-175.9985,185.07419,217.67879,-175.99956,213.83633,220.72281,-100.699486,180.53398,222.23015,-73.489174,203.73883,236.06618,-171.2207,191.46147,235.4368,-163.52737,242.20638,262.2587,-112.68091,162.01869,262.7183,-61.56193,263.83063,198.84723,-193.09514,147.51233,195.5228,-107.12664,269.31686,124.74065,-231.48465,151.6533,125.87703,-138.99976,271.37006,108.51144,-265.09958,149.96062,108.12904,-175.63031,266.26166,105.93602,-265.73984,157.67502,106.29872,-169.85098,263.31836,111.4981,-237.70909,160.7382,112.93553,-145.5984,221.08273,423.24142,-13.815886,163.75577,416.77332,13.687431,217.13867,523.51044,26.295782,149.38658,515.3794,63.13251,214.28682,601.4575,236.75069,143.0636,597.5885,252.134,207.94385,607.599,252.39375,149.49849,604.3358,265.31918,207.78087,652.68884,138.91644,132.68399,651.28644,163.5613
Snipaste_2022-09-08_15-47-53.png,238.32399,252.39357,-159.35234,242.56285,241.5829,-137.75354,246.06726,241.26163,-137.73015,249.3546,241.13733,-137.80655,232.61224,242.28802,-132.6403,229.00598,242.29378,-132.65561,225.42805,242.38115,-132.63763,256.47113,246.21259,-49.79121,220.99687,247.43929,-23.514055,245.49557,262.4371,-128.5414,233.80717,262.6128,-121.14414,282.38992,288.41364,-72.34937,203.66576,292.29935,-11.332301,306.2285,225.28369,-163.38243,188.83449,216.29979,-62.618523,314.9107,150.40596,-203.40599,193.34398,148.09251,-85.20328,316.42096,131.71355,-240.01587,192.27443,131.01492,-123.319275,309.86978,128.96861,-240.76266,201.30467,130.34082,-114.24035,307.29437,136.25056,-210.45029,203.93004,136.84558,-91.36211,267.34497,458.77563,-16.944462,208.88292,454.5665,16.851248,272.4121,571.286,12.809661,197.55774,564.3909,68.47677,268.34625,652.0285,230.30225,195.86284,650.01373,268.8494,260.91022,659.9616,246.14244,204.52446,657.7099,282.5689,270.17636,707.55133,127.03996,183.39249,704.8792,176.40059
Snipaste_2022-09-08_15-47-58.png,172.3346,264.92142,-155.20674,176.69864,254.39903,-137.63165,180.24321,253.75514,-137.5911,183.94502,253.22195,-137.65678,166.76564,255.35745,-130.65572,163.71036,255.2205,-130.65788,160.68132,255.07657,-130.65811,190.55736,256.5358,-63.563713,156.17496,257.5567,-28.80147,179.91928,273.3833,-129.16939,167.80634,273.7715,-119.25793,218.29143,291.62805,-78.81179,138.84836,295.63892,-17.034103,245.7157,232.6213,-152.12465,119.14228,231.94371,-63.85176,253.57768,157.18932,-175.23164,126.031456,156.78928,-80.163284,255.55043,141.0245,-206.05508,124.823456,139.06377,-114.99993,248.02715,138.5753,-206.83553,132.52882,138.57661,-99.69347,245.25198,143.42711,-181.01582,134.43484,144.65092,-83.20904,201.66054,457.8017,-13.149922,141.34547,453.31,13.043109,205.1209,563.4355,-14.539189,122.396416,550.65106,47.93275,201.21263,637.2182,178.06712,125.48883,622.1861,240.40701,195.14658,642.84766,192.02948,132.19237,624.40686,254.92496,202.00012,692.26886,88.04322,114.73345,678.6356,169.85155
Snipaste_2022-09-08_15-48-03.png,180.48026,257.55786,-171.16057,186.06674,247.4905,-156.2125,189.87732,247.04182,-156.1887,193.94061,246.63097,-156.26137,176.16289,247.56975,-147.72939,173.40219,247.088,-147.73677,170.68643,246.64778,-147.7489,200.93938,248.18506,-90.46634,166.43613,247.75821,-49.422146,188.39,265.7223,-147.55096,175.31133,264.57275,-135.84639,227.41281,282.4698,-112.06041,147.22377,280.93542,-38.319138,252.80656,218.78981,-200.47578,134.59232,211.9729,-78.897415,261.9185,141.47052,-235.84488,136.6402,136.29803,-109.87291,266.07916,120.89292,-269.25607,134.60313,121.574135,-144.76404,256.94785,120.182045,-267.34854,142.55894,120.25083,-136.09497,253.48409,126.291595,-240.4012,145.6097,125.05841,-115.4285,203.34694,449.01068,-15.811944,143.33281,441.63544,15.688344,205.37868,550.5822,-1.1617144,127.90322,536.1599,36.92446,200.26784,619.5996,227.52231,127.4721,609.16327,241.58943,194.45406,622.8664,245.71538,133.32558,613.3663,257.39117,197.64873,671.1311,149.49246,118.27389,662.86475,173.03181
Snipaste_2022-09-08_15-48-26.png,159.49939,192.8015,-457.80548,165.9935,189.62164,-430.44293,170.28792,190.66223,-430.31265,174.50125,192.00706,-430.37177,153.81966,190.13298,-428.8061,150.11111,191.37862,-428.86093,146.5715,192.86908,-428.8219,181.2899,207.10498,-288.02643,140.90942,207.40022,-277.49057,167.90454,204.99518,-405.61737,153.55534,204.47484,-402.65186,213.00102,267.2635,-241.85966,114.20814,262.4466,-263.37555,258.31006,178.7478,-344.81174,85.21033,170.64545,-425.86823,284.37482,72.35694,-440.09924,74.200424,67.71852,-556.92816,292.5716,56.46288,-489.5534,68.94036,52.667995,-616.0947,283.5525,53.01069,-501.6188,78.666245,49.013275,-615.95233,278.1593,58.461975,-455.36462,81.66561,54.287262,-569.0342,201.53786,457.93765,1.9994972,126.48225,458.13525,-2.1723394,214.7745,623.4732,3.6788645,105.33409,621.465,17.11102,221.64468,789.8048,172.01758,88.77814,796.7705,176.33594,205.18959,808.8288,176.35353,98.00299,815.0363,179.42044,221.2462,848.0069,-33.73223,79.103,861.4321,-7.6063304
Snipaste_2022-09-08_15-48-37.png,151.0719,199.3445,-462.6338,156.7321,191.51459,-433.83618,160.69696,191.83484,-433.73682,164.63861,192.45522,-433.791,144.82956,191.92735,-436.23853,140.87527,192.37477,-436.2964,136.82355,192.93582,-436.2997,169.19344,202.73961,-279.18787,129.21704,202.31157,-289.33762,158.77986,212.23802,-404.78568,143.39207,211.48947,-407.7081,206.1215,258.41833,-213.78688,106.018814,253.06796,-269.82965,240.25452,162.91907,-276.6466,79.88845,151.76373,-372.28134,272.16913,60.8436,-367.12228,63.982693,56.72991,-447.36844,280.64267,45.6982,-410.19888,58.68861,39.638855,-493.9312,274.2094,41.625004,-429.14087,62.77633,36.54337,-502.781,269.96173,47.31198,-384.3121,65.94368,42.52765,-459.7711,184.44337,465.9054,8.86741,116.51269,465.25024,-8.889749,200.8832,627.137,4.9411883,100.66753,624.72186,-9.195119,194.6558,784.36383,176.3813,89.13956,801.0903,146.34767,180.25172,807.5035,181.7773,101.769806,821.0247,148.36977,216.15187,840.74133,3.4208078,74.20856,859.37994,-34.155365
Snipaste_2022-09-08_15-48-43.png,165.79893,188.03531,-376.3832,171.43695,182.11436,-343.8779,175.63745,182.76262,-343.80026,179.78314,183.58905,-343.87918,159.0164,182.20456,-344.07874,154.93387,182.90222,-344.0953,151.12901,183.79233,-344.07672,187.05962,195.7689,-187.03818,144.71027,197.01363,-186.00963,175.13976,201.3514,-319.43835,160.43398,200.35199,-319.1932,222.17416,256.53265,-135.09982,120.834496,254.72798,-169.58122,257.9345,162.45415,-204.42143,97.413284,154.07765,-269.9068,287.42728,60.683167,-290.26367,82.479996,62.176636,-356.793,295.46265,43.268345,-337.29968,75.28287,43.85571,-410.80194,288.21277,39.82679,-355.19913,81.414955,41.790257,-418.19122,282.87186,46.524014,-307.80072,84.91953,48.742104,-370.8533,209.1825,466.87488,0.16494587,137.49059,468.4844,-0.09919843,221.53801,636.53687,-18.878206,124.61862,636.9764,-7.8633876,226.88899,800.11536,152.72758,119.93753,813.59827,147.13943,210.35484,821.63715,157.14641,132.34442,831.889,148.76874,240.99985,861.85974,-37.546185,104.67027,883.26733,-39.299587
Snipaste_2022-09-08_15-48-59.png,176.27785,265.70148,-140.26634,185.90533,255.85619,-117.68185,191.00954,256.96252,-117.73422,195.41373,258.19772,-117.85554,169.1586,254.65207,-119.11645,164.10283,255.22652,-119.12225,159.5402,256.14377,-119.15101,199.66553,266.358,-25.48272,152.13411,265.39172,-30.074734,186.50507,282.23508,-108.9241,164.99129,280.22247,-110.70098,225.88971,329.7434,-14.032296,121.96619,330.30453,-16.743011,275.43222,279.72266,-57.82815,85.29833,283.24084,-80.438545,274.18704,205.5782,-50.605114,68.36526,205.17647,-122.319374,275.16574,187.41495,-62.443745,59.814365,182.34784,-148.97562,267.92267,185.31964,-53.180794,63.13593,185.72389,-140.37929,265.52484,192.9802,-51.13742,69.4789,194.18782,-127.6153,203.79004,487.69446,-0.03880395,137.0734,486.51407,-0.0048947604,203.70456,602.1248,-59.79343,148.31406,602.85944,-31.067379,204.07684,701.6418,52.563854,140.76624,702.2395,85.18388,200.30267,713.55524,58.675377,143.4483,714.8445,92.061104,209.91246,742.52673,-44.14985,134.35527,743.6856,-12.226693
pullUps_down1.jpg,296.81628,262.57272,-382.11682,299.0008,252.32504,-361.4794,302.28836,251.9473,-361.45535,305.6835,251.8958,-361.51843,290.5237,254.18462,-360.9665,287.93835,254.83751,-361.01123,285.35895,255.78171,-361.04285,309.45175,260.81406,-252.67966,280.3838,266.96872,-250.7062,302.45236,272.2212,-341.10748,293.58582,273.58533,-340.45087,343.5785,319.88168,-251.46414,261.33542,326.86545,-229.69719,385.69983,221.01822,-358.57147,230.83424,238.14386,-318.37393,422.11578,123.32022,-451.718,176.6325,121.502556,-395.90073,431.13452,105.89696,-499.83182,164.82756,97.65821,-426.99136,420.69455,103.014015,-499.44666,183.30984,96.33312,-440.19495,416.52783,108.84251,-461.8471,188.66568,105.69557,-408.97815,313.14676,548.5531,-11.977789,279.0376,544.9969,11.658073,318.0507,686.42944,79.18845,275.0548,683.1508,101.79449,297.59854,825.2169,291.7375,285.5585,815.07916,338.69595,291.78055,839.5159,305.52722,283.27676,827.562,355.76544,291.02115,882.12646,160.46307,283.9868,867.74554,219.56912
pullUps_down10.jpg,254.40529,371.86005,-295.1425,260.5079,356.26712,-261.1154,265.71985,355.32513,-261.0864,271.18903,354.50833,-261.18005,245.6286,357.73337,-261.1703,240.28116,357.80673,-261.18222,234.78589,358.01968,-261.19873,281.34888,359.45294,-114.52826,227.23999,363.63788,-114.6715,265.50763,386.74353,-243.99364,247.297,387.984,-243.74165,319.34674,415.43198,-117.08447,200.00977,423.2295,-130.17207,344.58432,307.40952,-226.08875,169.46736,308.8941,-279.7268,367.08975,182.3252,-300.02942,144.37073,185.02304,-335.5015,372.959,162.41644,-357.88834,138.99884,166.19267,-388.21964,362.54385,160.84123,-361.39474,147.40079,160.60916,-385.8157,357.1627,167.6138,-313.56403,151.9859,165.89162,-347.6611,301.96286,676.4391,-1.3796146,225.58171,677.84625,1.7425961,317.09308,842.7703,14.012319,193.02588,831.98773,14.751559,312.506,936.092,305.481,178.25095,946.46106,237.06639,306.27225,939.43304,325.56,177.91628,948.0049,249.78134,332.69022,1015.5754,180.95377,158.6778,1026.7903,76.1862
pullUps_down11.jpg,246.0923,347.38916,-316.59708,252.03691,333.5248,-291.61105,256.86945,332.7132,-291.54846,262.3082,332.1904,-291.64487,237.804,335.9966,-280.30807,233.46844,336.58377,-280.28748,229.16066,337.14972,-280.27124,271.86493,341.51248,-180.16364,224.75015,344.3236,-122.334785,256.4326,359.7354,-276.8927,239.69589,361.1214,-260.55493,314.60855,392.79684,-191.81659,205.03009,401.663,-86.19158,361.45535,304.1636,-310.519,165.4551,313.5025,-123.86029,364.99432,194.02301,-375.9506,161.46458,202.26381,-187.17177,369.84216,175.68451,-423.26147,158.81978,184.00159,-240.66808,358.10486,174.42355,-429.16718,167.78893,181.03474,-237.4433,354.06177,180.63017,-386.739,171.143,186.57162,-198.90967,293.82993,625.6379,-34.981922,220.29335,626.78546,34.87079,323.49332,757.7243,21.575129,192.20654,752.0993,175.9137,359.97668,872.70874,230.61227,176.8609,846.36615,463.92685,354.99933,878.8252,241.99165,186.93788,858.7075,483.82047,366.08603,932.6772,70.00125,144.99799,905.43787,360.90582
pullUps_down12.jpg,247.99036,385.49423,-537.7905,254.0136,367.8366,-512.0365,257.98337,367.20557,-511.98566,262.41595,366.86017,-512.155,243.46214,369.63074,-515.63556,239.97527,370.12204,-515.71136,236.75592,370.86188,-515.728,266.79816,373.85126,-369.56195,230.09932,378.60483,-385.90738,255.66872,399.50357,-482.3944,241.85083,399.5605,-487.1626,293.2255,428.53745,-344.95462,193.4926,429.1299,-371.1916,335.95187,324.62415,-480.5441,166.11012,315.94278,-525.64453,357.36627,193.18896,-578.54004,146.40565,188.65826,-590.3915,365.36026,171.5394,-634.71765,136.6603,165.10254,-636.12036,352.8846,169.80157,-632.5243,148.7112,160.20161,-636.43805,346.7785,177.01678,-589.3089,158.1973,166.18623,-599.35767,261.8451,669.2669,2.927436,222.89531,669.783,-3.0060205,275.7596,836.1014,37.43035,225.25131,840.9067,17.301685,264.59903,947.21356,287.12708,225.45932,983.7788,239.24612,257.12408,946.6328,302.6472,228.28519,997.48114,251.70146,274.58032,1031.8773,144.92964,233.51204,1044.1127,77.55704
pullUps_down13.jpg,221.59256,393.59418,-246.44235,228.11765,379.8623,-215.36256,232.56721,379.68433,-215.36145,237.37663,379.40903,-215.5274,213.9438,380.25482,-216.09943,208.7055,380.0412,-216.11996,204.11888,380.04486,-216.1411,243.86174,384.76242,-82.51964,192.68414,385.27042,-86.04409,230.15671,409.85526,-199.29306,211.80121,408.1195,-200.2358,274.33328,431.33765,-102.384445,160.58423,430.97092,-83.550156,298.70087,330.0525,-211.91418,145.4364,324.86517,-188.7427,316.0836,211.89056,-245.46791,133.75873,205.70076,-216.62985,321.26993,190.97522,-297.06888,130.20613,181.35484,-264.51813,309.4128,188.20319,-290.68582,139.5809,177.3812,-259.14264,304.28223,192.64905,-252.30736,144.76686,182.91331,-227.00458,235.60233,670.3213,-9.32886,163.48128,666.6029,9.651732,232.40912,833.0475,-23.227968,139.9208,845.3104,-17.02394,243.20204,954.19867,237.98601,130.06902,914.6761,271.50058,239.61847,968.64233,257.47836,135.05061,918.56824,294.5884,250.78798,1004.5665,139.31822,107.89497,998.75073,167.7811
pullUps_down2.jpg,653.40344,238.12047,-107.553185,658.24347,230.1021,-84.166306,661.6009,229.87076,-84.10625,664.72986,229.73477,-84.10681,648.83234,231.58492,-82.345314,646.01294,232.3476,-82.35383,643.1875,233.27528,-82.3314,668.84607,234.73415,18.13839,641.0037,238.93573,24.645317,659.95703,245.50397,-72.51428,649.21356,246.9352,-70.92704,693.2611,277.31436,40.86229,626.2397,279.8873,23.864126,724.5803,254.74724,-35.29845,592.5933,256.95914,-163.78091,723.57086,202.19095,-93.79903,600.0831,203.2384,-350.0,727.16003,187.9594,-115.74304,598.63855,191.54036,-395.6874,721.4818,187.56693,-114.06048,604.4961,191.04115,-377.89658,718.3401,192.48993,-97.10944,606.88574,195.00749,-351.56738,681.3037,400.1486,3.414049,640.99414,399.7442,-3.5463195,682.695,494.56284,-3.3007092,643.9434,494.39996,-12.21641,677.31274,577.82587,130.19717,650.5298,578.17554,108.81978,672.8647,584.63696,137.4463,652.67285,585.59216,115.05902,677.47205,614.05426,21.620123,652.16235,614.2948,2.2449625
pullUps_down3.jpg,644.91235,148.28268,-229.15132,652.62994,140.7775,-200.63129,655.9519,141.3176,-200.62807,659.19196,141.85367,-200.68373,645.95404,139.73436,-199.38742,644.7551,139.52463,-199.45969,643.681,139.29909,-199.46916,668.76227,149.02484,-91.25632,647.9027,146.46591,-84.814384,653.30066,158.4707,-193.07654,643.247,157.23761,-191.05177,717.1197,210.58546,-68.221985,609.8217,209.5538,-69.64096,783.5652,167.01837,-117.28621,534.5459,164.42186,-145.05075,834.03656,98.65266,-204.7986,494.6382,86.76339,-259.1758,846.4916,82.82413,-235.5669,481.95782,69.39454,-296.34555,844.4799,79.34622,-253.59949,487.1722,66.16308,-301.30557,839.4617,84.40939,-222.02538,491.97516,72.30163,-271.91907,681.00714,390.45502,-1.5806824,625.28937,389.73346,1.663497,662.5402,488.78885,-213.20099,624.1783,494.3755,-153.21936,653.6378,625.51013,-100.365456,627.1462,631.89575,-64.96619,648.3829,637.0234,-97.18657,626.7384,645.5805,-65.2831,651.6485,675.36597,-261.2485,629.4219,675.61694,-218.24617
pullUps_down4.jpg,561.0155,209.71262,-233.52083,567.1603,202.98529,-208.7479,570.8479,203.43005,-208.7669,574.4509,204.01326,-208.86168,558.0344,203.48236,-206.25623,555.75415,204.04938,-206.26672,553.5675,204.65933,-206.25897,581.9844,210.21646,-100.649956,551.3363,210.17886,-86.71531,569.6902,218.38898,-196.10123,557.8046,218.7283,-192.39282,611.3238,252.69185,-67.030235,526.5846,256.15256,-48.319023,664.4141,207.03027,-110.086334,471.8637,227.08311,-80.04899,682.1394,161.14386,-200.52048,445.83145,161.385,-156.93155,688.19763,146.09848,-233.85321,434.54584,146.3215,-197.89534,679.8644,144.75038,-243.39647,442.2858,142.56683,-197.84294,675.44604,151.63742,-211.80994,447.88776,149.09874,-166.2286,592.4967,400.2121,-7.6162386,541.653,400.08255,7.5079947,598.29114,493.15314,25.93343,546.2326,493.98532,58.44071,596.48364,563.6805,333.16956,562.16223,563.4245,326.84863,592.6049,567.6273,358.7575,567.9731,567.1554,348.77872,597.18866,605.5224,243.44675,566.9869,605.92395,234.65991
pullUps_down5.jpg,359.8129,343.04282,-217.64375,363.51364,331.93933,-188.62872,367.48547,332.19434,-188.56807,371.62695,332.80093,-188.68729,350.91754,333.42996,-185.50633,346.96643,334.40167,-185.54271,343.29236,335.36227,-185.4891,377.10202,343.27237,-70.0607,337.83594,344.42615,-52.15833,368.10654,356.08087,-176.32372,352.63126,356.8036,-171.03023,418.9826,396.72617,-78.51531,305.7946,407.4785,-31.565641,470.1945,307.6884,-169.95488,247.72076,317.86636,-105.47631,492.04898,211.37874,-238.58281,230.76091,218.67258,-172.50226,497.9741,187.51653,-283.46964,223.30669,192.70935,-218.45213,489.51093,182.91795,-289.70966,232.3523,189.33035,-208.75858,485.51154,192.58427,-251.6085,236.26976,199.0045,-181.86124,400.96643,624.92883,-20.309273,326.1329,624.2441,20.306368,397.93756,771.3211,6.1352205,317.03226,774.95496,62.01493,387.4317,884.3491,250.88611,324.0441,884.5694,270.0056,380.4665,890.9196,267.29584,331.69852,895.2494,282.24802,379.61545,943.0149,119.688675,323.73813,933.7971,144.36194
pullUps_down6.jpg,265.5604,405.86487,-225.52734,271.68387,396.11523,-206.80154,275.62683,395.49966,-206.75499,279.63605,395.04742,-206.80185,261.0351,397.77448,-203.2649,258.0846,398.11328,-203.2908,255.01599,398.4271,-203.28549,286.91183,399.9997,-120.80589,254.8897,402.8258,-103.04676,274.47748,414.67432,-194.69951,261.3997,414.969,-189.6103,319.20276,437.22388,-120.55012,236.47623,440.58542,-94.65697,340.39236,377.74008,-186.06052,217.37737,376.4303,-150.13783,364.01816,303.59995,-233.8024,199.81995,298.68814,-187.53964,371.29733,290.62775,-265.15753,193.90164,284.81027,-222.91487,364.72318,286.1791,-273.47958,199.64268,281.74213,-219.76102,361.11987,289.6781,-243.94461,202.9549,286.34607,-195.60115,307.67377,607.1221,-9.790007,253.2972,605.53174,9.674075,312.0026,698.0799,50.666378,237.112,697.8081,81.54628,309.1578,782.41315,240.07016,237.205,778.6731,276.2382,301.02405,790.46497,253.62825,243.83383,786.6036,290.01074,311.09668,830.8277,147.20009,231.36377,823.0849,199.1512
pullUps_down7.jpg,253.21207,324.17615,-104.55621,260.52792,311.07108,-72.1938,265.1495,310.60333,-72.14173,270.08884,310.55502,-72.19787,246.1936,313.14355,-71.30733,241.72858,313.6378,-71.37597,237.28682,314.03033,-71.33942,278.2342,319.01395,59.640156,234.61479,318.7539,67.308525,262.35553,335.959,-59.073376,245.64503,335.98544,-57.13591,314.22116,372.94098,61.357494,207.24405,369.5503,76.91331,347.49774,291.65283,-31.77857,165.54144,289.6991,-4.7791624,343.09167,208.79047,-74.71371,178.78252,204.26982,-59.334236,341.1166,189.37056,-120.80889,182.09464,186.80634,-113.36403,331.79565,187.19298,-121.51394,193.50832,183.6243,-107.838264,328.92676,194.20934,-83.38394,196.22261,190.63962,-69.041504,291.57083,587.4236,-9.94454,218.6042,586.7599,10.1083,304.1628,750.3952,-21.38031,197.81842,748.8984,-16.11537,305.785,888.11414,122.14734,190.14081,891.0309,103.0174,297.1206,897.8384,125.59685,195.11931,901.0763,104.37772,308.5981,954.3427,-50.81677,190.97906,954.08514,-61.77681
pullUps_down8.jpg,245.47717,328.253,-168.9474,250.55106,321.8073,-142.0319,254.5493,321.9591,-141.975,258.6858,322.2163,-141.98524,239.48695,323.42093,-136.99266,235.89757,324.61237,-137.03004,232.70143,325.7921,-137.00647,266.0332,331.45224,-40.777836,227.9148,333.654,-14.97364,253.51218,337.12982,-136.05391,239.29265,340.04108,-128.69844,300.19577,376.21164,-48.30594,199.73975,381.12378,-4.975774,332.59488,313.6631,-121.3015,147.5675,317.60876,-67.85968,335.48157,227.32405,-175.80757,151.03711,231.73418,-118.02897,337.93112,212.883,-213.77832,148.93468,214.26517,-162.70772,330.35416,209.94089,-221.15575,159.2166,213.0065,-151.03539,327.25345,214.94688,-186.48718,162.89394,218.56104,-124.16543,284.68637,567.56244,-11.102986,219.5847,566.0216,11.084595,283.15573,690.1456,9.014529,215.25806,693.7237,31.733446,276.84937,788.8753,232.88509,224.99818,791.652,215.6024,272.13,793.77734,247.0972,229.40146,799.3473,225.85136,274.6348,849.1132,107.38925,226.18336,851.3002,92.14165
pullUps_down9.jpg,283.21228,342.37335,-482.23376,290.20676,329.05417,-458.2191,294.7131,329.54092,-458.12555,299.58026,330.3871,-458.1552,274.87418,329.44174,-459.51282,269.05267,330.29437,-459.5706,263.40448,331.529,-459.57947,305.5848,340.86618,-333.5576,255.75781,341.7559,-336.65207,291.7322,357.64178,-434.95154,273.50568,356.96735,-436.1872,333.03592,387.64627,-317.62817,229.30229,392.58157,-326.09146,355.74902,290.7084,-427.04395,211.48984,287.58624,-451.94208,361.9025,166.88882,-485.99612,219.04295,174.2414,-493.6518,367.46436,144.26453,-529.56195,216.12025,151.9667,-539.13007,355.39893,141.57014,-529.56525,226.22145,148.54341,-537.29706,348.96826,148.574,-494.04932,231.04027,154.81981,-501.80447,312.58658,609.90875,-1.437875,243.40813,612.0852,1.1650345,315.2746,744.33105,78.28474,240.25848,750.9065,80.07042,312.80426,876.65424,324.32904,248.15341,875.0443,321.22104,306.3848,885.6468,339.26773,252.05586,883.43353,335.7532,311.22192,922.7753,174.31294,253.89613,918.38464,178.01202
