IMG_001.JPG,339.32153,213.46228,-108.38164,328.4546,188.24715,-100.7157,326.81207,187.63564,-100.48634,325.3873,186.98145,-100.67346,326.05447,189.09885,-159.64539,321.42487,188.34975,-159.6302,316.84967,187.77707,-159.76709,295.124,191.7274,-19.294392,285.3045,193.85298,-274.32727,324.91373,233.1593,-67.546844,320.03116,233.68147,-140.72067,232.12137,289.76947,119.759186,257.88925,291.50772,-339.66165,263.7756,353.58008,321.3754,354.08054,337.43106,-409.83585,300.4254,371.3281,431.3167,413.92432,288.61768,-258.62653,306.75897,375.0115,451.15167,427.61884,272.15543,-267.2574,310.87924,376.0877,429.81488,413.93024,265.26566,-260.77737,309.45053,377.30875,422.64948,406.4884,273.422,-252.38406,185.76596,594.34766,141.54091,194.17122,609.83954,-141.10243,210.29202,809.86774,183.35626,220.7461,830.0609,-72.28886,210.21234,999.90356,275.69138,216.61745,1034.8038,2.1497705,185.88062,1030.0654,278.98456,188.30127,1063.7554,4.15063,289.64868,1050.0962,206.13992,313.02066,1091.6661,-84.7785
IMG_002.JPG,194.84305,125.849815,-61.31484,187.55132,110.020386,-55.350906,186.29071,109.97362,-55.29844,185.22307,109.880844,-55.475304,186.07797,109.86611,-90.92135,183.06522,109.211586,-90.918526,180.15039,108.69019,-91.00987,165.0053,114.6606,8.365096,157.18356,114.136894,-148.53378,184.58348,140.44063,-32.121105,181.14308,139.54924,-77.4189,149.96432,189.49419,93.051674,122.17723,178.20416,-220.33916,264.9674,190.30858,121.77854,257.23407,175.57838,-312.1928,359.8836,146.7758,37.3481,369.53897,133.22862,-325.93185,383.43112,128.2591,21.913736,395.59528,121.23753,-370.013,381.37958,125.25799,-3.583085,388.17007,112.776535,-357.02646,372.35486,132.33725,19.017042,378.01685,118.896576,-322.52997,122.648056,414.06897,93.963295,97.39245,418.11807,-93.776924,135.73457,588.5336,84.26657,128.84593,587.7479,-76.924286,129.04816,741.65497,116.88703,134.2818,759.0299,-36.782677,111.16426,764.64417,115.96736,114.85373,783.7079,-38.04899,181.41138,783.7407,47.662632,190.59662,803.2971,-112.527824
IMG_003.JPG,256.65073,162.96524,-20.279228,264.03534,144.03072,-38.374195,267.7268,142.02806,-38.37057,271.6043,139.94237,-38.651257,258.02292,148.2648,4.5632563,257.36664,148.81541,4.503167,256.70175,149.54916,4.6386485,293.64682,138.95497,-59.530304,273.78043,149.48657,139.4246,272.96112,172.75294,-24.832705,265.7136,177.13109,33.406334,349.93127,193.15906,-85.09761,284.4378,252.69304,227.9568,321.57556,112.659,-40.01482,279.11923,375.8971,288.79382,300.80875,115.34364,235.88507,264.26617,456.86658,154.69182,298.63614,109.485664,246.85077,262.6166,480.63248,152.00388,302.1592,122.20109,253.37036,260.08392,474.00555,106.3298,305.73795,127.34968,241.60742,264.4432,466.0212,133.38947,348.76813,475.81976,-115.517944,302.36676,475.54312,116.00296,335.71786,680.8449,-162.65889,314.65314,671.1982,51.389446,344.61646,878.4672,-155.3957,336.1886,864.3558,64.30408,360.44943,901.8595,-159.76776,355.21152,892.4591,58.166348,296.20755,943.374,-293.87506,287.52084,923.09296,-47.982563
IMG_004.JPG,444.91116,214.79453,11.828156,426.09595,182.51561,21.860304,422.20468,181.65897,22.074001,418.6192,180.72078,22.003332,425.57892,183.50397,-50.44982,420.02063,182.04431,-50.755676,414.60098,180.8434,-51.074486,377.56107,183.47188,126.35852,371.50775,185.16072,-190.1338,424.7742,238.65611,63.46997,422.90582,238.46173,-29.608868,341.3661,333.0616,302.24594,338.62784,300.89038,-327.2595,556.8778,350.83438,392.1129,590.7359,309.57098,-457.637,701.3787,294.11948,282.32233,772.2586,271.85373,-430.4547,728.0818,254.88397,265.3688,808.8658,239.32257,-505.88367,732.9119,251.37842,215.3242,792.55634,233.65358,-470.27078,725.6578,266.08292,252.45502,777.614,249.59744,-416.75504,302.64584,747.7152,185.74089,284.4252,748.1149,-185.28877,336.24026,1047.3948,194.52153,333.70105,1043.3441,-121.19363,308.04318,1318.5481,274.41748,327.44885,1338.798,-25.902401,272.23257,1357.6703,273.5115,287.24057,1376.8649,-26.277925,398.8744,1391.3087,173.93478,433.99362,1418.2654,-143.33917
IMG_005.JPG,403.54785,223.73497,-124.219376,393.58847,198.25095,-112.931,392.1029,197.53119,-112.66255,390.8484,196.66336,-112.676674,389.6858,199.05278,-172.33,384.62717,198.12451,-172.48451,379.59836,197.3634,-173.00258,361.1279,200.76187,-2.148826,345.20505,202.45876,-271.38596,389.60855,246.152,-72.63216,383.36127,245.89366,-150.01506,335.92654,323.0243,179.93674,297.09775,311.88922,-394.0553,463.1821,412.412,289.1398,493.53275,375.3514,-449.22226,585.1456,442.0284,263.76602,674.141,384.14517,-383.38135,612.2456,434.91592,270.75992,714.1383,383.72314,-439.39883,624.27325,433.38638,219.19604,719.82263,366.81158,-423.0234,612.3279,440.94696,240.22992,703.46313,373.53226,-375.92328,315.74896,656.53564,179.16962,277.03265,673.1496,-178.42957,343.07993,863.0753,387.3242,297.3018,917.2982,-115.064224,343.34543,1060.0062,650.00024,286.8951,1163.9845,-38.532352,321.03754,1097.9193,669.88495,254.97514,1202.5554,-41.04625,424.21634,1110.4103,600.48486,391.26828,1231.1359,-184.79517
IMG_006.JPG,395.74185,178.99042,5.0646515,385.3613,153.98294,16.644281,383.94916,153.23486,16.696392,382.86554,152.4199,16.30283,380.82834,153.28319,-36.80594,375.4887,151.26517,-36.851906,370.26077,149.40681,-36.921757,350.81943,151.24934,99.864655,334.48822,147.82475,-134.72612,379.52618,196.97662,44.15801,373.1595,194.95811,-23.868217,317.59656,263.73224,226.46915,288.7065,236.76443,-242.37785,449.37592,338.79745,304.1199,486.03857,312.65045,-303.52817,572.20654,332.64224,267.39297,669.29236,317.42908,-296.97092,599.1972,313.4071,271.92313,713.1316,311.84906,-345.27768,611.0206,312.52042,235.54413,709.6452,296.2988,-326.17227,600.11017,319.79175,249.0407,693.1608,301.44467,-290.1123,259.07596,584.28284,150.23946,227.59897,583.1757,-149.90506,256.31073,852.2785,146.17891,241.85382,848.07007,-89.16518,238.34248,1085.1056,225.12114,223.24026,1119.7053,-46.648014,209.56227,1118.727,226.3686,185.16347,1154.4177,-50.810913,322.72617,1155.472,110.64343,333.00815,1207.2894,-181.8177
IMG_007.JPG,319.56454,222.6905,-127.93375,306.9154,194.69496,-116.30364,303.69504,192.8809,-116.101944,300.7795,191.05501,-116.568306,305.6727,198.44171,-180.85689,300.6999,198.26239,-180.75734,295.78992,198.37248,-180.83995,264.1013,191.89282,-7.761518,256.8939,201.68771,-293.23074,300.34833,239.5942,-76.038,297.91342,242.90134,-158.68597,194.8749,288.45834,148.33047,222.23593,291.60254,-411.7893,341.13544,313.78848,258.04123,442.96945,271.0563,-567.2155,465.89578,318.67642,157.07162,607.7377,189.38551,-545.70776,492.29105,309.87314,157.76869,652.82324,166.34062,-635.9839,499.77075,308.3223,101.64695,633.86804,151.29718,-612.3501,490.43256,315.86328,127.42451,614.416,163.46843,-538.0275,135.83267,659.6356,168.02267,141.71944,682.13086,-167.6564,199.868,845.37427,364.88007,211.81941,881.4464,12.58763,188.75262,1026.9369,577.39606,228.6142,1100.9583,180.43103,158.32866,1059.7677,595.3316,192.88008,1135.4205,190.00798,291.05887,1070.7277,540.5239,340.5618,1150.2927,93.49381
IMG_008.JPG,312.1702,149.23454,-137.86913,305.7022,127.43105,-115.0699,305.4647,126.6756,-114.84659,305.39554,125.781746,-114.85076,301.4986,128.21323,-168.68521,297.55264,127.67211,-168.7794,293.65335,127.35462,-169.19405,289.32242,132.29324,14.173398,274.1959,136.03313,-219.98872,309.18018,169.72882,-84.45271,301.07187,170.61546,-151.46515,269.20023,253.79022,260.52658,256.37595,232.3895,-423.09824,335.2268,308.2278,512.7773,417.83856,239.02876,-733.46606,407.1691,309.11322,614.6223,554.4261,233.82556,-788.77515,427.7234,304.7811,647.3287,578.7005,239.31982,-832.81415,427.34457,305.12524,599.92444,580.4195,233.06198,-815.2912,422.38983,309.45294,595.84283,566.18634,236.7525,-779.57983,263.63306,571.24915,201.01833,249.17973,573.67096,-200.80797,280.0334,792.989,274.82913,271.56592,793.60297,-137.65318,278.9712,1004.5823,427.92596,268.3733,1035.1263,-52.365734,254.8793,1042.9921,434.68402,236.35011,1074.3838,-53.760967,368.60516,1049.8381,345.16602,384.7536,1094.0002,-184.44688
IMG_009.JPG,238.61137,146.97066,-190.55508,228.97392,126.139,-162.63107,228.21739,125.149994,-162.31903,227.60617,124.00102,-162.2248,225.6713,128.49872,-220.21684,221.90245,128.84001,-220.37143,218.15433,129.41985,-220.95216,210.80513,131.57156,-9.67843,199.83594,139.92644,-263.30157,237.79192,166.57753,-129.0795,230.83641,169.42665,-201.69435,199.7441,258.25082,266.96008,188.3864,237.59929,-485.62637,290.40796,316.38635,491.7018,348.66675,257.0061,-819.9739,381.9838,322.06992,540.1925,487.46802,245.00197,-931.2949,407.2789,315.59534,578.13696,512.15576,247.91345,-997.77905,409.35876,317.72995,515.4886,517.80334,241.6237,-972.6366,402.54907,324.01648,515.8527,504.79355,247.31566,-920.8463,194.31207,571.7032,219.49966,183.7494,571.6932,-219.21988,205.942,790.28687,362.5564,204.11192,800.0156,-149.44426,213.94424,1001.01373,591.13824,207.99533,1040.4257,-21.19319,196.37161,1041.701,605.09204,180.85107,1080.1873,-20.812607,298.79114,1037.2778,516.5968,312.6631,1093.1309,-174.74481
IMG_010.JPG,308.20746,157.47643,-26.811153,293.5037,138.89299,-9.369259,292.0457,138.73761,-9.17666,290.9123,138.48735,-9.341598,290.82214,139.96693,-69.5589,286.463,140.22044,-69.52189,282.18497,140.68456,-69.7502,269.52896,149.13477,93.89925,257.77518,152.89731,-175.29514,303.9615,180.36586,18.293568,298.64682,181.51038,-58.85986,267.84198,273.9299,280.07727,242.67467,247.73888,-351.75516,399.67847,295.81186,398.87656,408.3176,266.1629,-504.85312,519.60046,278.5134,345.86697,556.6516,243.77782,-431.13852,549.7577,267.3997,362.7026,584.4289,237.96204,-470.36127,547.8725,263.27557,306.58603,587.1733,230.30061,-449.22025,537.5898,271.5135,319.6351,573.5465,237.98613,-419.87177,235.08005,581.8944,203.92097,214.76276,575.4266,-203.55943,258.24448,800.6836,286.94766,251.49551,806.1185,-204.18341,250.67459,1005.4513,477.42615,261.96124,1052.2217,-168.67155,227.9253,1041.172,489.93063,232.72061,1089.8513,-175.39836,340.0281,1056.0363,416.52618,374.95673,1120.1816,-317.9797
IMG_011.JPG,465.57755,177.75143,-218.02402,488.52237,158.24904,-260.79788,493.33316,159.67581,-260.51425,498.4339,161.0381,-260.46045,486.06183,155.6104,-197.76736,488.55148,154.58997,-197.81589,490.85703,153.91194,-198.00508,530.37537,178.29666,-328.67172,520.0408,165.72566,-43.650932,478.92493,206.71696,-232.7858,473.8321,202.81471,-149.98317,542.8854,293.22537,-464.71115,524.94116,301.00156,181.09964,337.09082,248.32666,-687.9812,357.39853,279.18518,253.24898,153.0977,183.44492,-767.7584,200.15437,226.8031,77.204094,112.60124,167.28528,-877.9324,164.57397,198.46426,57.95434,112.02734,157.75146,-848.2711,168.3465,193.96162,-9.33044,129.09996,168.4529,-765.8911,180.37646,209.89102,38.154213,555.71265,696.67706,-206.09981,530.3285,687.54675,206.11081,539.60913,983.9925,-115.69564,526.20703,974.62787,297.65143,551.0977,1266.942,91.92768,545.04663,1226.1525,514.12506,575.8815,1313.1161,96.7542,565.9156,1269.2535,529.8286,445.0838,1315.7451,-97.429855,450.033,1266.5391,408.31598
IMG_012.JPG,507.9345,169.84464,-251.10788,533.58246,146.91331,-295.15778,539.27515,147.8818,-294.99268,545.26666,148.80887,-294.98013,529.9035,145.06364,-224.79646,532.2323,144.20665,-224.90466,534.30927,143.65741,-225.138,580.85803,164.95699,-358.69122,565.8393,154.68501,-35.269985,523.16406,198.83965,-264.44336,516.59125,195.72789,-170.852,594.8063,281.721,-507.10916,561.8406,309.6815,216.47237,403.682,269.27432,-806.2318,412.96912,365.90094,324.225,203.35493,197.65964,-946.4116,268.17206,352.82803,168.6309,160.7471,180.21312,-1065.5432,234.15137,337.65045,165.20241,155.58434,169.40091,-1029.0035,233.4913,325.2569,90.83488,173.36345,182.04771,-943.11237,243.36522,334.9972,129.1852,571.67737,710.36194,-222.7782,539.9034,702.3362,222.87753,547.0703,993.58356,-77.83352,536.65967,983.58154,381.72482,553.4901,1279.4882,152.00517,552.78156,1226.3788,642.6501,579.88605,1327.1165,158.25269,574.36847,1269.5338,661.5162,449.13745,1329.6549,-47.038956,453.714,1264.9026,541.8669
IMG_013.JPG,418.17255,162.99696,-73.496925,434.9179,141.50516,-113.2411,439.56403,140.51166,-113.17637,444.44638,139.40552,-113.21583,430.98883,142.92049,-66.27103,432.5576,142.54146,-66.2457,433.96945,142.42978,-66.3897,476.18524,146.13432,-181.21844,461.1007,147.27066,34.387962,435.80032,182.30728,-88.229904,430.06668,183.32083,-25.981037,515.1341,227.69685,-304.13528,472.2728,265.6832,209.43,321.77463,226.06741,-402.91678,349.45752,311.54288,315.14673,147.48642,195.3664,-425.90485,235.51344,301.1319,259.6641,111.89626,193.4241,-483.53143,208.77682,294.9341,267.08392,107.083244,181.49435,-464.03418,209.12668,286.48416,221.06094,124.74451,186.38463,-421.0013,217.52531,291.35748,236.30835,545.1233,572.00586,-155.44736,511.07736,574.7058,155.56078,535.8851,813.88806,-91.35001,526.3003,816.488,155.61424,526.98114,1066.4836,7.506611,539.6302,1037.9385,217.39856,550.95154,1099.132,11.740399,561.678,1070.2241,218.5758,446.1059,1148.1387,-118.685036,472.9628,1109.3875,115.40791
IMG_014.JPG,1156.8734,392.46667,-370.28473,1166.0242,372.73032,-430.69843,1169.115,374.17395,-430.7828,1172.7644,375.7352,-431.32144,1167.3374,368.17062,-354.29932,1169.8843,366.1336,-353.7411,1172.787,364.4461,-354.29767,1192.8789,385.9183,-534.17664,1197.3259,369.97284,-189.91121,1164.1198,416.794,-392.207,1163.0393,410.78455,-292.48773,1168.6293,473.35806,-666.0204,1254.6172,472.0009,170.33005,993.55457,470.85638,-849.99445,1211.8369,565.3285,567.1807,846.625,431.51093,-977.23035,1125.6414,588.17487,795.0669,812.40906,423.3473,-1106.8865,1112.5469,591.6505,846.3855,803.5625,412.9569,-1063.2954,1105.8114,587.60864,758.0194,819.7531,421.14648,-965.01276,1101.1257,588.1417,760.77747,1236.1433,796.5342,-219.1078,1271.8378,793.37866,220.98619,1244.6228,1020.1523,-31.762627,1254.9404,1031.2083,268.3338,1247.0555,1253.121,185.6116,1239.5583,1265.4076,391.1834,1257.3298,1286.2362,197.96175,1244.0343,1297.3439,392.78064,1192.6403,1310.1416,24.579338,1205.8893,1332.8232,219.97704
IMG_015.JPG,440.17407,125.013596,-159.77402,460.8352,106.0215,-196.08731,466.56665,106.08347,-196.06313,472.50046,105.96678,-196.07405,454.75824,106.42019,-148.5096,455.2055,106.353516,-148.58783,455.48187,106.556755,-148.62114,504.4129,119.53588,-244.65738,481.33453,117.2155,-26.978884,456.72562,149.17273,-168.84839,447.21286,149.15123,-105.820045,526.77954,225.9396,-328.79062,498.40912,259.33688,162.52603,353.657,236.97493,-411.59094,369.18152,328.8414,238.85098,160.97765,225.11162,-438.86713,224.00793,322.9206,176.40254,120.86591,216.08095,-511.9501,194.58778,306.52304,175.7875,117.18919,204.37955,-490.21564,188.17496,297.54825,124.8205,133.22263,212.11603,-436.07327,198.6731,307.47806,150.4154,552.49854,580.15875,-160.53384,524.3822,571.7045,160.59462,515.5356,821.5005,-97.461945,508.43323,782.86115,237.93135,533.10706,1062.4109,-11.454574,518.2381,987.30383,375.3918,562.94073,1105.1576,-15.932978,544.02716,1030.1917,383.41455,427.71237,1102.7047,-182.84804,408.76157,1018.21783,292.89777
IMG_016.JPG,433.43777,162.76233,-164.35751,451.06305,144.29921,-204.66602,456.03925,144.75996,-204.5717,461.2754,145.0912,-204.48389,446.7829,143.08168,-156.15338,448.02335,142.38036,-156.14577,449.1568,141.94261,-156.3402,492.83337,158.51993,-279.6413,476.41553,151.74301,-57.161594,450.12335,187.195,-183.02487,442.90817,185.49812,-118.401405,518.658,269.35556,-368.16486,500.78775,274.08328,117.57379,315.0454,263.44778,-412.42264,341.93024,287.36536,173.21924,127.84924,255.57599,-403.86102,195.86131,266.97726,112.45198,87.04433,246.32486,-477.20065,168.85068,241.31982,104.82109,91.97842,233.32997,-453.43484,168.50165,239.21313,53.84804,109.38691,239.54832,-400.23242,177.6157,252.30083,84.07913,543.36664,612.62866,-153.49333,520.9277,600.831,153.66946,502.48428,848.7571,-76.57763,492.8937,817.64056,206.734,494.03964,1090.3059,41.144634,491.49146,1026.0264,332.46307,518.747,1131.4546,42.773476,511.87427,1065.986,338.33356,401.6216,1130.9469,-100.54727,405.8601,1060.728,236.15431
IMG_017.JPG,429.65997,175.69481,-81.39449,444.97067,151.20035,-132.72485,447.63068,151.62251,-132.6923,450.55103,151.95117,-132.7265,448.00903,149.4851,-79.687645,452.38254,148.44615,-79.726135,456.72314,147.73985,-79.81488,479.72928,166.69908,-249.46843,488.8111,158.33173,-4.3928175,441.94788,204.60464,-111.05304,443.68103,202.34352,-40.22609,472.36636,311.1876,-360.92944,548.10175,319.40863,213.91592,267.94186,345.12244,-411.7343,383.17316,369.29904,319.31583,90.413155,338.0309,-306.628,221.7414,352.25513,203.70226,51.559902,306.82864,-366.59778,200.74524,315.32883,187.06339,69.103386,296.7691,-331.17773,190.1315,307.46356,131.1934,87.01624,310.84296,-296.57812,189.71301,326.7342,171.7369,504.8755,722.7498,-168.3048,542.00433,713.8134,168.687,482.65707,1017.69965,-48.723206,528.74976,981.88434,276.86737,484.32266,1306.0779,88.09274,535.20264,1232.38,423.94562,508.52573,1358.8468,93.16723,554.3217,1284.7667,432.9806,399.2489,1325.8376,-28.40437,459.80853,1243.672,347.0272
IMG_018.JPG,401.6003,161.88477,-63.80018,417.38165,138.39778,-117.016624,420.1852,138.87553,-116.97317,423.26175,139.26102,-117.01525,420.73062,136.81306,-63.25159,425.29883,135.9039,-63.226555,429.7859,135.34824,-63.23599,454.1366,155.43613,-246.78648,462.33896,147.43858,3.7765927,414.0765,191.49081,-98.519775,415.9372,189.35507,-26.012693,456.9693,295.16687,-360.71954,510.58102,307.55835,213.29819,244.90729,316.48535,-384.09143,346.24332,354.9972,321.91245,79.19977,327.87402,-244.01398,196.50388,343.79977,212.68712,43.350864,305.05945,-296.0058,176.63661,310.68216,200.79512,58.862923,295.74783,-266.5487,168.60101,304.37723,149.08368,74.87691,307.60324,-235.13252,171.19745,321.91782,184.15099,487.37946,709.1571,-176.04105,509.5707,699.52563,176.21422,457.40405,996.53094,-37.671196,499.573,962.36334,328.68176,457.7667,1280.7605,114.785324,505.0922,1203.1489,515.01025,484.33987,1331.4619,119.532104,525.3595,1254.1149,528.8535,361.42688,1307.1455,-18.115414,416.5309,1218.6101,445.34412
IMG_019.JPG,337.36676,220.78981,-188.12526,324.25186,196.11322,-164.4126,326.03113,196.06775,-164.24026,328.28094,195.84221,-164.49754,312.24963,196.52386,-222.94925,303.72827,196.50226,-223.00711,295.32648,196.70099,-223.38676,304.19864,212.11435,-14.655252,258.58392,215.494,-272.87225,333.58395,255.53166,-124.93149,314.71783,255.99126,-200.01068,330.88583,392.39218,174.08633,201.00867,366.28082,-406.97318,509.82196,474.82883,288.60132,415.20853,456.89404,-519.73114,679.34357,492.3469,180.7821,631.00323,484.23486,-476.9963,726.47156,490.8599,177.1646,671.94824,496.93542,-527.5256,721.7275,482.42474,109.026276,684.0095,480.10016,-517.03455,702.17596,490.0398,147.20073,667.10535,482.89648,-471.4401,298.0796,787.62415,166.18777,213.23285,783.7581,-165.39554,285.67245,1073.2721,255.74638,246.71283,1060.1829,-137.94832,266.8258,1313.9019,456.83875,236.29593,1337.9523,8.03738,239.21512,1353.705,463.9527,203.26385,1376.3118,8.929484,345.1069,1387.4227,285.67767,353.93616,1434.1437,-187.27847
IMG_020.JPG,337.15448,202.12425,-214.19643,324.75635,179.64183,-189.04648,326.15735,180.13533,-188.84044,328.02042,180.46315,-188.9875,314.105,179.13292,-245.69534,306.28293,178.92471,-245.81339,298.5468,178.9194,-246.23424,303.12473,197.3587,-29.862148,262.27133,197.33847,-282.90942,331.6287,236.33217,-147.57896,314.94336,235.29807,-221.28557,324.33398,370.7066,159.92848,198.913,345.30692,-405.99408,492.43903,471.85675,268.9632,406.18604,432.81488,-512.6153,654.03674,502.65097,160.5199,623.7944,471.84845,-462.14108,696.6897,501.4817,166.24158,663.8671,485.05698,-514.0041,696.8251,494.081,90.57956,676.836,468.29294,-497.0185,677.85474,502.8226,125.2804,660.0576,471.0823,-453.52203,289.83307,751.5737,160.35782,202.22372,755.9203,-159.54799,299.0532,1017.0249,308.73074,232.99394,1037.1029,-148.3091,283.14392,1233.3617,598.27313,223.43164,1310.9103,4.1712027,256.71857,1271.968,616.44147,195.30138,1349.9343,6.0566893,358.79404,1299.1167,482.65475,322.42905,1401.021,-181.09772
IMG_021.JPG,356.9475,96.91585,-74.32226,369.59012,81.13502,-113.74451,372.08682,81.37428,-113.64526,374.80545,81.47003,-113.58831,370.60236,81.03804,-68.91398,372.84015,80.84591,-69.07673,374.89148,80.93195,-69.286446,394.101,92.54944,-193.38121,393.11346,90.04545,13.797841,362.987,116.41955,-92.14182,362.0136,116.09907,-32.216595,397.06644,175.71971,-301.0882,387.22382,196.45834,200.2525,234.91559,172.24501,-403.65964,265.32788,241.32419,301.38675,85.46148,170.77089,-393.06152,146.26302,256.15622,209.58098,56.718838,167.36305,-448.54565,119.13239,251.55276,212.33934,55.270805,161.147,-430.2043,117.06368,240.58548,162.62274,67.87108,166.53162,-387.96802,122.26864,247.8496,186.62997,378.646,478.3327,-158.80467,368.95383,473.4111,158.80276,361.88977,678.42444,-22.21438,369.99564,671.43097,312.41946,367.50754,882.95245,111.99509,378.59808,844.0198,489.90732,387.20828,912.8592,116.22134,391.8028,873.07947,505.48306,290.2817,925.2111,-9.517926,311.55264,875.6617,436.31006
IMG_022.JPG,394.22855,84.536804,-80.63399,411.0851,71.5749,-112.06698,414.6539,72.55851,-112.080414,418.41476,73.433105,-112.16881,408.52618,70.36624,-72.10795,409.3297,69.97719,-72.156105,409.9553,69.828285,-72.20825,435.58633,88.59281,-163.14078,424.11176,81.56274,20.883245,398.4113,106.442955,-90.63096,393.43408,104.096466,-37.514565,423.11868,171.92006,-269.3073,401.0394,194.2798,186.91974,272.48267,163.6249,-389.83978,279.494,241.937,279.03772,116.98713,130.20413,-425.68854,159.49869,239.02036,237.12805,82.85903,124.99263,-483.4869,129.4268,234.32289,246.31786,80.46072,115.293564,-468.1923,128.2128,220.98453,199.06714,94.828735,123.25681,-423.28903,133.91206,227.85976,214.64743,388.78793,476.30396,-141.43831,374.8939,468.7309,141.64754,381.22882,672.4769,-53.61683,386.85754,648.52264,254.97629,388.13983,869.245,51.63359,404.80762,815.5327,408.854,407.62076,896.3843,56.32068,421.29752,841.80634,420.794,320.46954,922.3367,-57.127453,347.35992,858.4226,357.01996
IMG_023.JPG,405.2574,123.02243,-102.212425,422.00955,110.82546,-134.26976,425.40375,112.28174,-134.2169,428.9997,113.584785,-134.19536,420.02158,108.54874,-90.83103,421.04263,107.826996,-90.89322,421.8534,107.3345,-91.00758,445.61374,129.24933,-193.00168,435.81625,118.84349,10.866835,408.70383,145.50423,-115.44603,403.93484,142.10872,-56.716103,431.0879,214.13074,-312.52658,409.799,228.3262,185.79358,269.3919,215.2808,-419.4291,290.73242,286.6797,290.11462,117.0232,200.50275,-454.6938,170.56891,317.7943,229.14922,86.91721,200.88235,-517.2655,138.68858,320.89908,244.3221,81.78384,190.44347,-505.81308,139.064,312.3036,185.38889,93.86987,196.22916,-453.41965,147.50839,317.67963,204.05093,393.38196,506.00748,-160.21828,376.5527,499.73383,160.39398,384.92465,707.71313,-63.871098,377.77817,682.5239,306.60004,393.41913,909.0176,44.623077,389.50903,855.7406,482.86716,412.55508,937.3021,48.07878,403.37192,883.13837,496.90134,322.20386,959.6245,-73.62114,327.77036,893.67206,436.47467
IMG_024.JPG,405.37466,266.9117,178.54327,417.46448,241.97655,135.68217,422.10132,240.42366,135.58179,427.1027,238.59677,135.4084,416.444,243.00154,207.45724,419.26788,242.03027,207.48471,421.99338,241.41565,207.54073,460.48172,244.15674,21.437271,453.40106,245.24792,348.88492,424.03476,287.8729,143.22081,420.55035,289.40228,238.2678,493.3759,327.63962,-195.79585,480.1493,393.5009,535.1355,308.19904,330.3651,-387.0572,316.3178,470.29507,717.5322,84.51233,332.87842,-378.14722,136.19043,489.85577,726.7021,45.800987,322.4711,-417.84314,103.77529,481.29138,755.3525,46.650127,317.52585,-374.39755,95.30729,464.25436,703.42615,65.00063,323.61078,-359.63058,97.19414,469.15536,701.5679,531.97626,701.53986,-199.38702,512.4539,731.38116,199.67041,548.97754,953.11816,-438.23172,519.02704,993.4211,92.49992,566.60815,1250.439,-498.3152,565.6317,1261.651,121.805954,584.5151,1282.4021,-501.12747,588.6931,1296.9783,114.750244,523.24963,1370.0598,-668.4712,539.358,1360.0951,-77.47758
IMG_025.JPG,292.1358,169.51277,-38.4625,288.09558,145.14584,-34.551548,286.88644,143.97545,-34.466343,285.91556,142.75949,-34.666492,284.75452,145.00449,-85.884514,280.5381,142.94092,-85.83251,276.39508,141.06526,-85.937035,258.52872,136.72957,37.73868,245.31439,135.39201,-195.55186,274.78796,181.9023,-1.9728563,270.53973,180.58476,-69.02126,225.86327,216.38326,159.51607,191.18646,196.4903,-289.6215,347.70502,241.06093,268.26807,358.59668,219.20995,-365.0479,458.8078,213.00041,251.02594,501.1518,210.44452,-335.63138,485.85287,198.2497,252.3113,534.75287,210.69177,-379.2996,492.29453,195.84631,217.19234,534.1055,198.26588,-371.2554,480.6854,203.26407,233.02898,521.55634,201.54924,-331.72156,196.07317,508.063,140.50232,163.29498,513.45526,-140.12315,207.8772,690.6249,226.2809,181.77502,715.37427,-92.63021,218.21892,856.19214,351.13513,184.01875,919.495,-33.900803,201.42175,887.13245,357.12543,158.34637,950.1706,-36.741737,279.21344,899.7951,272.08078,260.8527,979.5473,-153.60454
IMG_026.JPG,310.62515,195.91068,-53.449024,308.07077,172.59262,-50.97429,307.3734,171.32187,-50.872875,306.93112,169.99731,-51.118107,303.7908,172.8895,-98.8699,299.29187,171.08261,-98.825,294.86322,169.45459,-98.96714,281.27084,164.06137,20.368042,264.79135,164.07782,-197.24603,294.51053,208.08492,-17.522337,289.39145,207.17426,-80.11607,242.02824,237.62091,145.57265,212.16809,224.0918,-291.72504,336.9701,274.47806,258.03854,380.06772,246.46469,-371.96732,423.52417,257.0281,265.12692,529.3199,240.20694,-354.9409,444.35913,246.57773,274.77347,562.96185,243.63663,-399.62164,451.00693,244.11188,242.20775,562.72485,230.11604,-390.55618,441.78625,249.83545,249.50015,549.66626,232.0587,-350.41788,219.7178,528.4893,143.15762,190.19817,538.4494,-142.8836,232.08418,700.53516,240.34024,211.03404,733.65076,-94.848236,238.04005,858.04425,360.3679,207.52872,932.90625,-56.75858,219.30888,889.335,367.48044,178.42053,963.7813,-60.137188,310.83646,899.082,301.45468,295.62238,993.76,-164.36208
IMG_027.JPG,272.89548,178.1735,-27.38107,271.90012,155.21861,-23.971216,271.81097,154.15193,-23.88364,271.9883,153.02676,-24.110569,266.52615,155.01082,-67.51103,261.9157,153.05435,-67.55036,257.3529,151.26517,-67.769394,249.77264,148.57541,42.726997,229.65964,146.83626,-154.39136,259.15894,191.46439,5.7702103,252.39172,190.01605,-51.165333,218.69496,229.31015,156.89233,178.60095,211.50285,-241.828,306.3876,278.94272,282.03433,342.94,235.32506,-322.1708,387.53558,263.07742,307.4178,490.21426,231.08717,-306.02048,407.59872,252.63683,318.68768,523.98474,232.9879,-344.71033,414.23578,249.2936,289.98343,523.2482,219.74205,-331.8392,404.68787,255.04369,293.58276,510.6613,222.3964,-300.67526,185.24712,514.7621,128.72304,148.68965,519.41864,-128.50134,189.03456,704.2054,194.7367,167.37923,723.04114,-87.86666,197.01183,874.16345,292.64667,161.52571,927.70276,-48.420055,179.38628,904.3947,296.48602,134.9557,955.80255,-51.05752,262.14508,922.9245,209.81761,239.34073,997.3202,-156.22343
IMG_028.JPG,325.59137,229.30435,-43.741673,314.30743,209.67377,-29.289734,314.11484,210.3196,-29.143114,314.20554,210.86594,-29.384195,308.17566,208.44925,-74.18251,302.75085,207.65671,-74.232025,297.46243,207.02655,-74.24791,291.40073,222.9245,69.31335,269.26,218.83182,-127.50434,319.01773,254.56001,-0.38281497,309.83264,252.4042,-57.293854,297.0076,343.07526,211.35583,246.88373,324.65753,-226.3266,465.57654,363.50632,294.449,433.19458,349.92404,-303.46237,601.87146,344.83203,225.21487,597.5407,336.01056,-297.5338,632.4202,324.48788,208.06177,631.70483,322.97632,-336.04895,632.2581,324.3724,170.50829,628.4106,312.57605,-320.7453,620.2407,333.87567,201.78398,616.8784,321.1264,-292.6972,282.26495,668.6618,137.48,241.46634,670.4107,-137.1338,276.80615,932.7931,115.583626,256.9946,931.5026,-107.049866,254.71742,1162.8433,185.8895,246.79214,1185.4677,-50.68063,230.1183,1194.5433,185.48341,215.33443,1220.4745,-53.460403,318.36667,1226.3608,69.31379,342.25366,1250.7035,-184.67114
IMG_029.JPG,270.41528,195.54028,-7.13191,257.48965,175.85773,2.0157192,256.36594,176.23138,2.1788146,255.5087,176.50932,1.9866408,253.74226,175.1305,-42.87382,249.16884,174.39609,-42.954563,244.72224,173.8314,-42.942387,232.1637,187.88638,74.01439,217.59076,185.5373,-123.05359,263.0697,219.96681,25.835667,256.57666,218.2916,-30.981651,244.74876,309.34933,207.64339,195.92004,288.29773,-227.54883,409.02512,337.8505,291.92487,379.01712,318.5072,-290.37994,549.78723,314.00922,236.23866,541.42535,298.59222,-297.4602,580.10486,291.52417,221.92236,575.19525,284.10986,-332.9001,585.08765,292.79938,187.20172,571.8691,273.44824,-323.35382,572.88275,303.54742,213.8079,561.5933,281.82477,-294.7024,236.97185,631.76,142.24115,197.32077,629.5613,-141.69945,222.41489,902.4246,125.68451,210.00133,895.8148,-116.193726,203.52338,1131.8302,192.7483,198.63707,1149.9327,-74.06463,180.28937,1165.5145,191.43248,167.87067,1186.2596,-79.366875,270.196,1192.0762,78.0061,293.02185,1213.5011,-215.19647
IMG_030.JPG,1278.777,351.7417,-121.87042,1266.4325,329.34576,-84.516335,1263.9406,328.35074,-84.433815,1261.7614,327.22763,-84.68175,1264.3452,331.3134,-168.40915,1259.8357,331.23007,-167.9988,1255.422,331.43253,-167.87233,1236.7861,332.3506,91.778114,1227.5759,338.063,-281.77206,1269.576,372.60748,-49.540497,1265.898,374.33606,-156.29262,1211.186,454.17108,372.4316,1203.004,435.86044,-523.0323,1374.6873,449.3063,550.1598,1390.331,438.06158,-752.9719,1520.7306,455.1138,382.2676,1539.8081,426.51605,-732.47327,1553.907,442.53998,405.14542,1570.9487,420.08954,-819.5202,1557.3058,444.36072,319.1137,1568.2007,411.64923,-778.3727,1546.8785,452.3178,340.16483,1555.5608,418.20688,-714.8318,1183.0238,791.9654,277.01993,1175.4418,787.0214,-276.4456,1166.1406,1043.9741,370.2085,1169.8851,1034.6716,-181.39052,1139.84,1271.9058,599.518,1153.9072,1282.2476,44.20086,1118.1248,1308.9918,611.6285,1125.3988,1321.1835,53.002335,1212.5552,1325.9552,480.7157,1232.5466,1343.7084,-124.81622
IMG_031.JPG,1251.2952,361.8436,-157.1995,1227.9125,343.4805,-111.65187,1226.162,342.79242,-111.62353,1224.7448,341.8654,-111.866005,1222.4187,347.4552,-200.8819,1215.8099,349.48987,-200.61905,1209.3167,351.7776,-200.47926,1197.6436,354.88663,88.35212,1176.7106,369.80017,-305.37982,1248.6697,386.10956,-78.80851,1240.5383,391.3166,-192.00641,1213.2042,495.23517,361.02142,1158.9086,479.56638,-563.7245,1365.228,518.7313,532.74,1340.8478,497.5146,-811.6861,1506.9708,515.05115,366.12665,1513.1433,489.809,-838.6813,1542.9829,499.79822,403.7691,1541.3757,490.82745,-935.61,1547.9397,501.79807,305.658,1549.9841,479.9507,-893.5094,1534.8406,511.53702,316.27707,1538.5913,483.31366,-821.845,1204.5088,817.48254,285.79108,1174.7463,817.95044,-285.22162,1201.9094,1079.6969,361.9792,1188.7362,1076.499,-269.58148,1188.4067,1315.5264,572.5677,1192.5156,1347.8213,-116.9302,1164.4246,1354.8774,583.36926,1163.2744,1391.3364,-114.118164,1282.5238,1369.4098,450.4843,1287.5935,1411.6108,-309.96677
IMG_032.JPG,1271.2242,355.55334,-90.30405,1253.3962,334.52548,-49.915623,1252.2649,332.9212,-49.739235,1251.4064,331.06815,-50.01879,1247.2756,337.87527,-132.28732,1240.766,338.82608,-132.09111,1234.2927,339.97803,-132.2162,1224.5151,337.33035,137.60954,1200.8168,351.13077,-229.10541,1266.177,377.64682,-15.724331,1257.2411,381.8817,-120.85549,1220.9038,473.1545,468.80478,1173.2651,447.42218,-508.8126,1389.5619,525.47705,605.80945,1366.4473,485.13098,-656.2207,1538.5913,526.6826,448.54163,1557.8914,488.4902,-623.8152,1576.5181,510.89325,477.88654,1592.7916,486.5793,-698.0102,1587.3135,512.5412,396.4886,1603.095,473.7605,-661.6943,1573.0121,524.36884,405.2279,1591.7825,480.48123,-608.7234,1211.5387,793.6859,320.2016,1178.5673,781.7737,-319.7855,1211.9435,1077.2921,429.34332,1162.5808,1050.0862,-268.03778,1205.5018,1332.2561,598.3916,1151.6947,1340.1171,-173.4737,1182.095,1383.4462,603.3397,1113.1455,1397.3007,-172.31558,1313.7756,1372.9116,496.65118,1274.6345,1396.6205,-349.40485
IMG_033.JPG,1270.5027,371.61832,-309.16217,1250.905,351.601,-262.1223,1249.284,351.17938,-262.16113,1248.0818,350.66232,-262.18384,1247.855,354.10254,-343.96216,1243.3433,355.02573,-343.74606,1238.9417,356.23514,-343.96967,1224.609,359.7927,-34.152546,1213.0138,368.22446,-393.09097,1267.3491,394.33502,-221.28984,1262.5234,397.72205,-324.40546,1230.9348,494.49368,308.48816,1197.0316,478.2251,-645.0635,1390.1715,519.2874,486.7786,1365.687,514.2174,-919.3103,1528.3083,550.1853,350.5315,1523.1965,514.1188,-934.967,1562.1333,543.72394,387.94983,1551.4651,509.51614,-1034.0513,1562.3997,550.2565,300.6011,1555.5773,504.0124,-989.035,1552.3782,556.0586,309.99658,1541.9257,509.07678,-918.3554,1168.5107,818.8853,288.03186,1139.3881,822.0132,-287.18146,1175.6204,1065.4813,330.3708,1171.8872,1075.5549,-268.773,1179.375,1292.5464,538.6283,1173.2054,1318.3817,-73.66942,1164.3984,1332.6832,548.22314,1145.03,1359.7786,-69.94466,1259.7332,1333.9691,390.752,1276.396,1367.3081,-276.91525
IMG_034.JPG,1421.8334,506.59695,-85.500275,1406.5793,486.58276,-59.40391,1403.9679,485.50397,-59.294758,1401.5923,484.22684,-59.25239,1404.0016,488.97415,-138.41905,1399.1241,489.45685,-138.46704,1394.3275,490.12204,-138.81053,1375.1915,487.91925,93.187454,1363.342,496.94748,-263.8628,1412.654,527.39935,-20.70066,1409.3665,529.543,-123.04944,1366.2297,611.771,383.18924,1332.3876,600.6945,-476.94394,1528.5682,622.81464,498.22495,1525.2843,622.8673,-648.6313,1681.5222,622.3667,306.5714,1697.9926,610.19275,-608.47644,1717.2651,600.4405,333.58676,1725.1887,599.48224,-680.80237,1722.323,604.11035,252.9551,1733.6237,587.6747,-631.7718,1709.8926,617.4924,265.07184,1724.6765,596.5891,-586.54285,1347.1752,938.79645,274.86337,1322.2368,931.15875,-274.5405,1336.9423,1189.3965,429.7443,1318.6357,1147.56,-214.38783,1335.5414,1419.3693,619.50476,1332.9388,1420.3912,-73.37065,1317.0807,1466.6714,626.7182,1309.0376,1476.285,-71.656296,1418.3513,1449.3188,529.08374,1425.1332,1458.5342,-216.19276
IMG_035.JPG,1423.938,491.75473,-74.179146,1408.6726,471.86426,-43.104538,1407.0062,470.85446,-42.99088,1405.5736,469.62854,-43.176823,1404.2427,473.84015,-124.5349,1398.5338,474.30743,-124.506454,1392.8551,474.9606,-124.73237,1380.5333,473.43146,132.00763,1361.6313,481.92426,-239.15689,1417.1609,512.06195,-1.3127332,1411.1439,514.19037,-107.73027,1374.7817,596.1969,445.40634,1333.7874,575.02936,-477.8119,1533.6216,628.4258,585.3965,1528.3892,606.2294,-658.14014,1681.2649,629.60986,413.20346,1703.895,600.3007,-616.4418,1717.2357,610.9126,446.25928,1732.7708,591.1297,-686.4899,1721.7373,611.21686,365.6759,1739.6783,578.5894,-641.77496,1708.751,624.18964,372.10364,1730.6276,588.2658,-596.07166,1361.5638,912.7617,299.48248,1332.2712,898.0402,-299.05798,1351.4167,1156.0022,410.96494,1315.3143,1117.0541,-285.40952,1327.0181,1392.0935,543.02527,1318.0652,1388.6677,-220.41696,1304.169,1442.6772,544.38965,1287.7296,1446.0815,-223.4838,1413.4348,1421.1603,445.2521,1419.6062,1429.5438,-376.35464
IMG_036.JPG,1259.3031,437.19803,-9.02942,1248.3342,420.67743,-1.6483086,1245.2208,419.8917,-1.5392032,1242.3335,419.0184,-1.7071531,1250.7854,422.12662,-45.924507,1249.3737,421.8915,-45.743446,1248.0565,421.8782,-45.801033,1224.2822,425.6791,46.75158,1231.5981,429.48166,-152.66086,1252.3931,454.2651,14.589133,1253.415,455.2943,-42.118065,1200.1108,519.82135,178.47429,1243.7528,507.5551,-308.17752,1354.5537,494.82812,236.11823,1415.4613,476.43924,-414.84286,1494.5778,475.12976,113.39629,1549.95,440.43488,-398.0614,1526.8829,457.82257,122.12643,1581.3727,430.27588,-452.32068,1533.185,459.95645,64.726295,1575.6256,422.43323,-429.48114,1523.5901,468.40472,88.58942,1560.635,430.74738,-386.6856,1202.3959,835.04736,155.6601,1221.2742,835.3349,-155.45752,1233.8389,1047.1056,226.88495,1239.0239,1029.0709,-102.66145,1253.1556,1247.3191,341.42798,1247.3835,1247.8228,-35.787514,1239.3992,1283.4462,345.60785,1226.8093,1289.1616,-40.3776,1324.7815,1280.6904,248.42674,1306.9775,1281.6134,-167.86913
IMG_037.JPG,1277.427,453.1596,-12.42022,1266.2314,437.4208,2.1314595,1264.1652,437.25046,2.2101557,1262.3625,436.94492,2.0108051,1265.1982,437.834,-49.008263,1262.3416,437.51974,-48.806442,1259.5547,437.40402,-48.946796,1244.0242,443.79544,89.27142,1239.6122,444.6864,-143.45119,1272.3762,471.52872,25.702747,1269.7671,471.26608,-40.718,1234.5238,543.0918,239.6215,1238.6083,525.55865,-307.57974,1395.1049,521.40436,294.5527,1423.4645,500.9413,-455.6209,1535.1792,500.1108,152.29588,1569.796,464.55536,-481.99936,1566.1669,480.98688,156.69933,1600.4836,451.89886,-547.7742,1565.694,480.29016,93.4377,1596.9761,440.97858,-523.20197,1556.2078,489.26935,123.56996,1584.7279,450.48962,-471.54413,1227.7797,852.428,180.20644,1224.2596,853.2949,-179.90063,1251.7239,1059.0643,269.052,1233.3749,1065.8947,-136.8094,1260.055,1254.7096,406.3161,1234.8862,1296.4298,-94.97636,1246.9185,1290.0837,412.54047,1214.5315,1336.9532,-103.028076,1328.6351,1290.3579,316.82645,1304.8462,1337.6254,-246.84251
IMG_038.JPG,336.1103,63.490433,-26.867964,320.6401,40.530045,-20.383709,319.0044,41.216057,-20.10849,317.7861,41.771564,-20.350784,316.73434,40.309547,-72.54915,311.16748,39.780075,-72.64746,305.75162,39.45456,-72.69619,290.2734,60.33234,54.078667,273.57083,57.772877,-171.2735,327.8883,96.80307,9.059858,319.3462,95.10014,-56.285755,296.2832,230.73647,231.6679,245.45981,204.06798,-304.87964,491.88382,297.83533,342.3385,469.5608,268.84888,-366.10498,675.18225,330.5954,323.9672,683.6436,314.04175,-345.3973,717.529,320.93704,327.82117,723.3262,315.59546,-384.11206,724.272,326.99783,284.5651,732.8207,307.61105,-369.62845,707.84045,336.069,301.85617,717.51666,313.1313,-341.12387,251.55531,638.163,176.0494,204.43509,637.62274,-175.44014,289.257,940.6567,187.11163,238.38998,947.6386,-125.96985,279.47195,1213.867,282.04807,236.45682,1271.3392,-69.24829,246.59929,1253.6914,281.56287,193.85783,1315.0587,-75.34349,381.3392,1298.2959,151.94113,379.51752,1368.1608,-228.0912
IMG_039.JPG,1144.4624,447.0515,-47.41543,1131.0804,424.01758,-17.236221,1134.0538,423.76303,-17.0748,1137.3921,423.3529,-17.444653,1115.9291,425.20532,-73.89711,1106.059,425.34274,-73.76447,1096.3325,425.68832,-73.80438,1114.3779,435.94028,158.80777,1060.2858,440.21973,-93.3323,1145.678,475.34528,24.78756,1123.6831,476.25912,-48.540592,1129.5522,584.2932,354.71585,1046.9229,554.52057,-252.53998,1318.6157,660.3325,477.03265,1285.2019,609.8051,-350.81567,1487.2007,667.46075,446.9086,1496.78,643.0066,-341.51807,1527.5739,655.39606,454.06894,1541.2454,651.84393,-383.2921,1527.8054,647.81445,412.65567,1552.3262,631.82697,-362.91663,1511.2684,658.34503,425.92422,1536.3356,637.35114,-331.58264,1107.4957,965.9961,194.26587,1048.9614,959.88043,-193.04721,1116.7805,1240.2998,256.27826,1064.9492,1271.1947,-204.80014,1115.604,1490.8331,428.11603,1050.8011,1587.1912,-219.86946,1093.2555,1533.9039,438.36786,1015.1897,1635.4532,-231.32358,1213.0928,1563.5983,343.41306,1162.9794,1685.337,-395.82135
IMG_040.JPG,462.1194,119.58941,-20.14792,454.44293,103.999214,1.5837654,454.7925,104.361244,1.7226659,455.4649,104.54529,1.5714349,447.64905,103.13794,-44.381878,442.36804,102.30183,-44.35322,437.06122,101.55481,-44.305714,434.54495,116.946976,104.38421,412.40457,114.61043,-95.587006,455.53503,142.12186,22.676123,443.75198,139.59123,-35.708927,377.41873,236.89342,206.23564,363.64984,208.75989,-183.48164,239.71558,375.30975,263.12173,236.9072,333.14798,-218.55865,122.938225,468.42157,216.09206,120.98442,445.44714,-253.44987,90.202995,495.1806,212.30177,78.27336,468.0444,-299.18,99.88769,492.4103,169.22583,89.88761,477.63766,-302.85587,111.22306,486.50308,192.86238,99.9145,471.63132,-256.28278,357.54654,511.37775,161.65024,342.83325,506.2681,-161.15457,340.86795,774.9018,99.90635,344.8057,772.2549,-193.86844,314.83298,1005.06146,149.8845,307.06946,1027.83,-190.27187,284.1941,1041.5624,149.23337,271.8952,1068.2383,-199.84421,404.50482,1066.6586,58.252308,391.57016,1092.8411,-353.86353
IMG_041.JPG,357.9534,133.60703,-11.688935,348.70972,115.919334,16.453661,349.31982,118.343094,16.392565,350.3289,120.638145,16.003185,339.30664,110.3252,-45.96826,332.68637,108.30532,-46.010235,326.18048,106.49634,-46.074074,324.4742,139.60495,152.0595,290.63126,122.21417,-124.37301,349.40143,169.19188,43.453976,336.22882,161.75728,-36.767822,330.46725,309.28528,327.2452,235.46248,240.54172,-305.07217,522.8846,368.53806,470.4913,465.95465,281.49283,-447.9213,703.5054,337.9601,420.40887,681.80896,287.9919,-451.5905,745.8159,316.42307,419.36276,725.6411,284.2309,-504.99384,750.6554,310.058,364.72495,725.6809,273.50693,-489.89914,734.1508,319.7657,389.48828,708.9701,280.19797,-445.67032,262.0203,691.5984,195.83281,194.81439,671.025,-195.0716,260.12393,1022.37164,159.83305,243.36453,1009.3689,-177.61446,253.95534,1317.4061,243.36328,250.69148,1329.5011,-111.26623,225.06825,1365.2104,241.45609,213.73878,1376.107,-115.91194,356.55984,1387.8171,92.560074,374.94507,1414.2527,-288.23438
IMG_042.JPG,399.88913,255.31921,50.401558,413.28354,236.86568,22.699268,416.7155,235.69557,22.594366,420.4275,234.35403,22.501114,409.88486,239.28052,72.91008,411.1972,239.28348,72.98283,412.44705,239.56357,73.11336,445.96027,238.91081,-39.80736,434.89722,242.61378,191.96277,414.16116,271.59018,33.572205,410.5061,273.39102,101.09445,487.39365,314.95984,-172.46614,427.8394,351.01245,325.63074,311.3567,314.36777,-274.66785,288.49872,377.58545,413.26114,147.76321,312.17737,-240.14717,152.56737,351.96414,278.69397,113.171524,315.92386,-288.36813,122.6525,344.7955,268.79526,108.82144,311.6571,-275.14484,123.34634,332.5558,214.10631,124.28825,314.1944,-234.67732,132.9305,339.49295,248.32228,494.87543,644.69556,-140.50406,446.15338,647.6238,140.61392,500.0884,892.77576,-189.02933,464.92645,873.384,67.15038,492.1464,1161.846,-157.11055,477.97238,1131.0186,23.848473,503.9865,1200.4934,-161.90176,491.31458,1175.7761,8.730295,429.33337,1218.7502,-318.50336,435.12833,1171.6404,-133.13412
IMG_043.JPG,341.3388,130.0473,82.85395,354.4757,108.813194,42.965775,357.83154,107.346985,43.001656,361.46146,105.73305,42.93949,353.20474,110.84505,94.96027,355.66656,110.47503,94.981125,358.07837,110.388016,95.00162,390.0397,109.846634,-57.34236,384.7918,113.40383,185.13159,356.22433,146.6824,54.2362,354.32834,148.51263,124.82257,427.2416,189.20361,-183.02644,381.30005,229.08951,336.3743,261.99222,185.6893,-280.45355,245.34741,268.91254,442.72412,85.71466,176.11752,-268.82718,105.97416,232.11626,363.6945,50.071198,176.93642,-310.7318,74.00223,222.26389,373.85587,43.97645,174.37387,-285.91727,72.65679,208.89691,326.81277,60.73802,177.5481,-259.9257,82.92873,216.28584,338.9451,428.0494,533.412,-152.32954,389.35037,533.65125,152.5111,421.51822,790.2111,-156.11943,400.65582,767.69696,107.93801,415.3178,1056.4193,-104.97794,410.4798,1022.2258,98.91037,432.80548,1093.3519,-108.03263,427.84293,1064.8323,89.35722,350.65424,1118.1057,-227.81459,357.70245,1072.8235,-16.45989
IMG_044.JPG,347.27866,190.2818,3.4421458,359.57254,168.03554,-32.593834,363.35495,166.83965,-32.549538,367.4005,165.49785,-32.587387,356.66095,169.55354,14.02058,358.44714,169.01695,14.016412,360.1473,168.77654,14.011336,396.3088,169.88034,-107.63595,384.90454,171.63171,106.84042,363.5075,207.7054,-16.278664,359.51602,208.85132,46.315342,434.7197,251.72672,-213.35283,395.48425,287.73553,248.95627,262.5359,231.21796,-329.20837,261.17432,325.78497,332.84784,93.95089,218.04182,-340.82486,124.817825,300.5646,242.48772,62.00411,209.84976,-389.37006,94.916016,286.41144,242.61514,57.252586,209.1528,-369.25092,98.00202,276.03485,193.51285,70.93091,214.76178,-336.3191,110.0552,285.074,218.26175,460.9355,612.3283,-142.78868,422.5739,613.7491,142.8452,444.23425,864.33,-130.18388,412.41873,853.69586,108.67374,463.16428,1116.1034,-95.713425,430.99042,1099.0472,134.44482,487.44617,1155.6082,-103.580025,452.02396,1142.1499,128.3575,384.25146,1160.274,-243.11163,353.6063,1138.5627,22.510727
IMG_045.JPG,327.51465,203.88387,-121.70761,338.96024,185.32524,-163.8067,341.5366,185.5962,-163.80705,344.2906,185.82835,-163.90903,340.25925,183.8729,-120.82982,342.84988,182.97093,-120.74934,345.41516,182.34761,-120.724144,367.9091,196.52467,-262.54565,369.02484,189.89409,-60.93575,338.25766,227.04424,-148.33891,338.1838,225.10033,-89.96683,382.449,311.0505,-347.8159,416.8714,303.43436,108.586205,249.63713,386.7741,-382.1936,335.74017,378.13144,263.0116,143.63336,349.56558,-285.75275,245.99826,352.9166,270.09354,109.71109,334.0235,-323.0041,229.63773,331.79602,270.7699,125.884636,319.39047,-314.55576,224.56006,325.54572,237.82796,140.01402,331.25757,-280.97385,232.01402,339.11093,252.0375,414.78683,627.3722,-142.40898,429.86237,604.49744,142.59134,414.70886,813.54254,63.247547,425.15533,750.65295,395.7627,442.33533,997.0848,251.74257,436.6802,892.59283,640.91144,467.823,1028.3206,263.50146,459.53345,926.1126,664.6418,363.7263,1028.1937,173.48059,346.72357,906.3245,644.6819
IMG_046.JPG,319.08374,294.31696,-147.99542,336.14236,279.45663,-190.30699,339.8378,280.16058,-190.31305,343.6901,280.7577,-190.33212,335.15402,279.03748,-138.91647,336.9117,279.32843,-138.99622,338.63596,279.8779,-139.16037,370.72287,298.32535,-281.82584,362.90335,295.48184,-46.968624,330.2261,319.75677,-172.8345,326.1387,319.39938,-104.47915,387.28354,420.91037,-362.0357,386.70657,415.458,127.716515,258.9083,483.49075,-404.18454,287.8219,478.55255,245.72609,132.96233,444.35733,-352.0576,175.91531,445.33463,201.5848,101.31034,432.4155,-412.48593,151.76752,426.15555,202.60614,106.90806,416.75003,-394.19717,145.12769,417.31412,159.26222,120.695045,425.53116,-348.79965,153.57045,430.19406,177.85721,416.04776,721.4837,-154.31871,411.50595,702.89484,154.795,403.6054,906.94836,26.330824,406.79184,888.4706,320.73776,415.55405,1093.5292,221.45143,411.38797,1048.7633,516.44495,435.17584,1125.8911,230.4739,429.7933,1081.585,534.1579,335.71252,1123.4536,115.67506,326.81607,1068.854,478.01535
IMG_047.JPG,369.93936,152.5735,15.374991,379.4114,127.11868,-24.381687,383.46445,124.88036,-24.342674,387.74612,122.515976,-24.355862,376.18967,130.9464,24.301046,377.81326,131.04544,24.208385,379.27713,131.42429,24.035015,415.34906,124.25224,-114.297554,402.49738,133.42451,116.32369,387.38974,168.42738,-8.551509,382.56726,172.6206,58.79423,454.0329,204.16547,-266.51306,431.95654,255.87839,288.2337,297.34625,205.53867,-461.88666,319.65826,331.37967,447.55914,99.13955,198.98459,-501.5927,180.9437,331.98795,416.45435,55.064846,205.6422,-542.09174,144.3939,331.51248,437.8345,48.786865,196.1642,-525.1776,145.85474,315.14194,391.15817,69.90174,201.46687,-494.41364,155.98532,320.5962,396.85788,444.448,603.62885,-158.68127,424.8337,610.3205,158.66843,433.71567,880.3932,-80.55961,431.81934,885.5899,144.7045,455.6176,1147.4137,-13.292121,451.36472,1134.4998,160.20416,480.48776,1181.5145,-12.630829,473.9952,1168.2839,155.61589,386.88144,1224.8077,-137.69162,384.98657,1206.5475,50.427734
IMG_048.JPG,389.15396,145.89943,-6.7348046,400.78708,121.51463,-50.9578,404.60034,120.10973,-50.976143,408.7011,118.583786,-51.109814,398.89105,123.8901,1.6251754,401.0815,123.94269,1.6314187,403.134,124.28227,1.7457321,435.8387,124.81703,-146.17708,426.48843,130.07076,99.9593,403.00726,165.52881,-30.105217,399.7715,168.33041,41.49285,459.0725,217.62363,-287.09448,447.52573,267.5312,309.03082,287.29,220.67352,-431.06082,315.77036,335.85995,463.62256,92.638916,229.73505,-428.69513,175.94098,333.54462,407.3664,56.840755,221.83337,-481.59366,152.32831,319.567,420.1754,53.851208,218.13159,-444.10236,149.89812,307.1507,359.03195,69.299355,226.63448,-414.99472,155.9688,316.463,380.91168,449.95438,618.3784,-177.27483,436.55502,623.6344,177.26321,446.6174,895.08624,-92.680336,433.14767,882.84033,213.75925,467.4853,1162.6699,12.074914,456.6941,1121.1919,324.07346,494.3618,1201.9274,16.970318,482.5348,1160.6237,330.9654,397.46277,1221.9648,-117.09971,378.91376,1172.5599,230.44458
IMG_049.JPG,405.68182,133.18831,28.739893,414.32275,108.70262,-10.652961,417.74036,106.96683,-10.773066,421.42084,105.11011,-10.975299,412.27118,111.48307,37.91404,414.25296,111.412254,37.83246,416.16058,111.64754,37.84001,447.48755,109.90445,-97.23439,438.70883,116.45145,130.77676,421.47028,150.8767,7.246349,417.7363,154.09659,73.84698,478.34738,201.01314,-213.53914,474.94797,249.11642,311.13168,309.258,188.74654,-341.01083,346.7939,318.4938,452.4907,106.26301,208.87256,-299.91928,206.19518,332.75427,374.09418,65.66221,204.95168,-339.19653,177.39172,325.86578,388.584,62.67606,203.72826,-303.87866,176.38312,312.3471,334.71118,81.95622,209.84427,-286.02313,182.26418,319.6928,351.73672,504.70248,597.3098,-151.68279,492.74512,602.7385,151.86638,478.62976,878.4808,-51.815235,483.34964,879.9381,174.227,482.3376,1148.5918,56.986305,488.7657,1135.8059,231.8833,502.90262,1185.0121,61.262157,509.74994,1175.2223,232.42336,417.4825,1206.7609,-69.471344,418.5995,1188.848,116.298134
IMG_050.JPG,371.31442,169.37556,-39.28931,365.136,139.27066,-26.981573,364.00293,138.51756,-26.862776,363.29114,137.65839,-27.198456,359.4301,137.8891,-95.395,353.1068,135.48108,-95.29926,346.91364,133.31233,-95.34656,329.79593,137.63687,94.946045,307.07855,134.27722,-209.37933,351.79453,193.35106,18.848375,343.324,190.3279,-69.569885,291.2663,277.49622,286.23328,231.51427,240.71552,-329.06232,426.70096,357.765,490.07907,444.71848,244.07481,-529.1625,575.528,373.1146,403.64352,657.70184,222.70808,-526.9389,609.52234,368.28198,407.69345,696.94586,214.5609,-583.8763,618.37054,360.0835,338.96915,693.2869,206.3079,-547.6686,604.7005,366.58438,370.5538,678.5033,212.84346,-513.3552,270.17667,680.38586,188.58026,223.3272,678.1924,-187.99176,212.04942,988.89246,236.67917,207.56387,977.3047,-153.721,175.66554,1247.7804,389.2775,165.12436,1272.983,-35.108826,141.6136,1286.6655,393.51306,126.33128,1310.9131,-36.354137,256.11978,1323.2926,241.53287,260.33112,1369.3867,-203.21825
IMG_051.JPG,389.87628,242.37778,-17.270855,387.41925,213.16885,-1.2851411,386.35104,212.76189,-1.1053638,385.68753,212.275,-1.4142389,382.52023,211.41724,-66.80236,377.24493,208.88174,-66.738846,372.05087,206.65326,-66.991745,357.3684,214.73853,110.19015,338.32968,209.16109,-180.52467,372.58673,267.17953,35.34709,364.6737,263.67612,-48.773174,308.80905,357.54248,302.34076,275.08203,316.77975,-350.17017,453.2279,431.93634,506.8129,501.3136,313.64093,-560.5678,598.65497,440.4394,447.6619,706.96094,294.08374,-547.0607,630.43054,434.40274,456.47162,747.8785,287.01462,-613.63074,641.32477,427.5534,384.2359,743.29694,276.7547,-579.8994,629.1723,433.94452,413.71725,727.00543,283.6863,-535.02026,244.69415,766.6246,198.43942,210.17004,766.61224,-197.88528,184.31865,1067.5381,243.88025,198.11514,1068.648,-156.03204,137.16435,1331.1443,408.689,160.83517,1369.6376,-35.280968,104.55807,1370.1995,413.86084,119.83017,1409.6398,-35.82442,205.8448,1407.3516,263.47824,250.94017,1458.9043,-199.02135
IMG_052.JPG,273.5549,155.90845,-231.4688,264.4044,134.4326,-230.55804,264.88638,134.49391,-230.36473,265.5764,134.47925,-230.72382,257.66907,134.60455,-275.43817,251.77187,134.6195,-275.35648,245.8644,134.80347,-275.4355,240.4302,147.50816,-143.95622,214.05273,147.46928,-339.55652,265.69244,180.44226,-186.83719,254.3812,179.67494,-243.31396,173.14482,254.27664,0.32054672,199.56458,262.34418,-432.12622,204.57452,399.97552,138.27673,369.97504,320.7103,-494.07343,264.5025,500.6498,177.00389,563.8888,280.6512,-466.3264,277.08282,522.1797,179.93932,616.6818,279.3979,-534.85364,286.49603,522.05005,134.3867,605.9305,253.28499,-520.0472,282.1518,520.87616,158.45587,581.96545,260.9689,-459.41348,208.24884,610.8674,135.75511,225.2795,633.11926,-135.3333,220.16902,780.6269,389.7198,257.01468,834.18823,116.08895,182.08766,947.4903,655.63556,243.11389,1019.77484,321.27444,153.06856,982.542,680.51166,213.10301,1058.376,338.7222,265.66025,981.5449,652.7138,338.97897,1055.523,247.11734
IMG_053.JPG,317.14783,128.14975,-218.05786,307.63794,107.33913,-209.33827,307.191,106.90584,-209.04225,306.92822,106.40651,-209.26694,302.06168,110.1035,-254.44518,296.5269,111.09619,-254.51619,291.03778,112.34388,-254.9053,280.1639,120.684525,-116.63529,259.46783,128.07738,-314.20514,308.00992,154.80392,-173.0397,299.7865,156.67018,-229.19037,211.78824,223.89856,39.4108,246.1865,256.57263,-421.84903,292.34274,217.37233,235.90825,442.52713,289.79422,-476.86722,386.18478,183.38217,311.98376,617.2524,233.2015,-415.03934,401.01102,165.27957,310.7701,662.73474,222.6023,-476.70264,407.54086,166.7208,261.38528,649.7296,200.06631,-470.9409,404.91806,182.24951,292.96967,629.4533,211.17227,-410.39984,240.34236,609.19684,143.48245,255.91228,635.34515,-143.32927,246.35837,791.9588,419.30438,288.97424,832.90283,138.20654,220.84343,956.6504,682.9548,275.82965,1025.553,373.17572,191.98137,994.9168,707.2884,243.0357,1067.5911,390.18817,311.2823,977.581,672.966,379.3707,1049.1213,310.60632
IMG_054.JPG,277.1316,160.67673,-248.91629,268.61102,138.18764,-241.99393,268.34955,136.59982,-241.60669,268.23822,134.95059,-241.5704,262.60782,142.94919,-281.2256,257.4937,144.08588,-281.3532,252.50862,145.42442,-281.8031,242.96658,143.03224,-144.89706,224.48148,156.62685,-313.877,268.69623,182.41827,-202.12535,260.44022,186.87271,-250.56989,161.98874,239.56744,26.28467,232.87688,277.45743,-391.47385,251.83734,281.2414,173.88655,427.384,320.5396,-426.8894,385.77438,300.24252,232.9554,600.0673,318.66586,-396.1557,412.1441,285.235,236.97807,640.3835,314.98175,-454.33533,429.00757,293.9444,185.56958,636.67694,298.25836,-439.53235,423.2886,309.8419,213.49664,614.92346,305.8531,-389.46658,157.00528,602.7668,130.30396,191.44122,640.11456,-130.0714,156.92542,819.5547,353.74338,232.47353,866.5661,92.4849,146.68613,1007.0166,554.936,227.18927,1076.6508,258.72998,121.27957,1043.3567,571.3908,193.96387,1114.1023,268.81848,231.27037,1037.087,526.5815,333.15604,1105.1409,187.0722
IMG_055.JPG,278.492,201.0844,-271.64038,258.98712,173.33913,-255.46758,258.1383,173.37857,-255.16946,257.57535,173.2812,-255.40337,252.4766,174.75052,-334.7867,245.0013,175.28287,-334.68048,237.6767,176.07486,-334.9413,222.73068,191.34529,-98.0101,195.07774,195.96529,-455.72748,268.95532,235.21265,-198.79318,257.19873,236.81909,-301.61148,211.79152,350.24817,157.4227,176.55922,360.62872,-586.84607,334.66028,466.96414,405.33313,373.88663,446.82297,-643.0036,459.8527,464.7833,415.92242,542.0214,434.4873,-473.5189,487.40274,456.95706,424.52243,579.1974,432.85107,-515.28345,498.3251,445.46002,367.25208,575.69763,412.92615,-512.3356,486.82004,456.7088,391.0088,561.1628,419.4565,-466.26935,264.405,765.2586,232.66577,232.60544,796.8123,-231.48163,331.04703,937.4577,659.68317,261.9067,1081.4316,-92.90027,330.5487,1137.4401,1093.8384,257.568,1355.9802,30.855974,304.25525,1188.0275,1128.5527,219.57875,1408.4951,33.77243,436.28278,1167.748,1117.053,391.8106,1418.1671,-109.70759
IMG_056.JPG,292.1791,209.79228,-270.79605,271.85953,179.79277,-253.18042,274.84464,177.99863,-252.99416,278.2498,176.10635,-253.28821,256.16818,184.12689,-315.214,245.32034,185.46745,-315.21408,234.62553,187.0904,-315.49762,247.97665,187.46278,-89.23051,189.40193,204.91722,-363.8684,290.62698,237.37149,-199.24225,267.31424,243.27553,-277.5505,287.37152,321.72876,100.55252,128.9374,337.2467,-473.12863,452.33432,337.58203,197.13239,289.80048,349.1368,-684.80316,584.2229,312.93378,94.08365,489.61655,274.4196,-730.9835,622.85693,302.65015,86.6712,536.82886,263.63712,-789.8432,617.2844,301.55685,28.97829,537.2604,245.27815,-773.242,598.9232,312.87836,60.735184,521.85693,255.48181,-724.16345,272.7145,758.64734,169.60971,183.00093,773.7652,-169.38951,253.53516,1025.5308,363.57135,214.99997,1042.141,-47.2047,233.2751,1242.7426,616.6268,215.22954,1296.0415,134.02962,203.49982,1285.5034,632.906,186.64035,1338.3484,142.51955,339.69983,1307.4023,501.44717,322.92416,1386.6793,-38.88998
IMG_057.JPG,319.4331,165.43028,-320.07767,304.1272,139.18634,-307.32687,304.49048,138.61534,-307.2976,305.07758,138.01758,-307.71265,295.64294,143.27214,-368.96625,288.40207,144.76233,-368.68375,281.2463,146.61554,-368.6728,282.85858,159.53491,-159.62314,251.62744,170.32784,-426.92664,319.88855,199.41501,-250.77664,306.04788,204.29178,-327.07822,246.2597,332.16956,75.85609,300.60495,333.25684,-497.69568,409.29214,440.63394,304.29343,501.505,412.19983,-387.95306,445.96356,426.27017,438.54593,518.653,343.8248,-19.526411,449.765,418.4855,442.98444,529.151,316.78598,-30.908054,438.4934,410.11594,448.41275,503.04,313.1577,-51.36312,437.5956,420.60638,444.9466,496.16476,332.5026,-18.801466,238.80074,802.9293,186.13478,268.67438,812.5373,-185.39487,274.17255,1034.3878,552.579,286.8438,1083.2942,195.89122,261.1919,1239.277,909.64026,269.82196,1318.8551,482.559,228.44041,1285.2062,940.6992,234.80196,1363.2228,508.72937,370.2849,1274.9823,895.44666,383.4864,1364.733,419.32645
IMG_058.JPG,270.77716,141.92471,-107.63458,291.9337,123.266495,-154.10347,295.7775,124.84504,-154.06992,299.7899,126.3506,-154.03296,289.96985,120.572845,-101.46456,291.89383,119.832794,-101.25645,293.8429,119.34199,-101.23338,328.77203,145.66997,-249.19849,319.64908,133.59506,-11.3822,282.64447,174.05539,-133.14305,278.25012,169.72217,-63.46894,317.87204,282.98587,-333.07367,344.55917,276.78424,165.59766,168.9626,335.928,-222.58206,168.1388,352.75565,253.56215,179.45094,284.69992,77.34922,177.11223,318.9704,272.3447,176.34746,262.4333,65.4731,179.79073,305.65802,279.2052,198.6863,265.5038,52.495533,198.40736,297.42844,280.6817,207.44069,280.62708,78.133095,196.52565,310.20004,269.87012,346.29932,665.37787,-168.35873,357.56174,647.2206,168.8865,336.1448,931.7901,-64.968414,348.0206,893.9705,223.0476,367.20978,1188.4211,18.964352,362.72412,1123.3055,327.01654,398.05304,1232.2987,19.579538,389.12158,1167.886,333.4066,273.3139,1228.5911,-74.987015,258.61847,1154.7263,299.9864
IMG_059.JPG,278.3988,133.176,-113.596085,299.6678,113.35198,-157.81874,303.67374,114.5753,-157.82101,307.85663,115.76784,-157.86777,297.12177,111.04244,-109.11356,299.04654,110.18105,-108.97559,300.98138,109.5365,-108.90099,337.31265,133.97516,-237.74359,327.5988,122.69005,-19.76116,291.2666,164.20866,-131.65161,286.2159,160.1848,-67.555984,323.61435,266.24344,-293.81586,354.94254,258.23083,151.56557,185.23969,292.8632,-193.15971,174.03236,313.9189,253.90605,201.75629,245.73323,121.49856,179.07184,288.30026,272.6769,203.68423,224.6496,123.06865,182.16972,278.01312,282.84482,220.085,229.8414,113.21176,199.19957,271.70172,284.66888,227.86818,243.0992,123.13062,194.90225,284.4921,272.15988,345.11884,657.65564,-148.36766,358.15103,641.7589,148.69519,347.8149,933.16315,-75.64737,360.03732,906.47076,156.34071,381.35565,1198.4613,-2.79481,381.18942,1149.8604,235.32652,411.28625,1241.1771,-3.3418846,408.31458,1193.7784,239.18854,298.47427,1245.6387,-97.2566,284.40088,1185.6794,202.56184
IMG_060.JPG,249.54175,146.78033,-139.03702,270.22562,127.23259,-180.30309,274.56378,128.03947,-180.2891,279.10236,128.75934,-180.3335,266.78708,125.819214,-128.94334,268.34933,125.16667,-128.79184,269.86667,124.786514,-128.80641,309.4845,144.67146,-249.24701,296.17062,136.14818,-17.54691,264.16016,175.52623,-154.84473,257.8377,172.68604,-87.40038,318.4191,276.5245,-333.7073,312.6335,277.93393,168.3748,196.35342,309.3403,-294.98755,175.07526,341.86154,293.48434,152.96516,299.6444,-48.79684,147.16917,327.9657,294.65067,143.1169,289.1236,-68.260635,140.57169,319.92465,291.7776,149.44568,288.87274,-73.100494,156.36424,313.1739,272.83075,158.90575,297.5452,-47.767014,159.74747,322.05588,283.2731,332.55933,659.4979,-167.83157,324.29147,642.13184,167.84747,322.23825,934.9551,-112.3026,331.87915,887.81366,210.80768,357.93112,1201.6421,-70.19792,355.90244,1125.5231,307.68185,388.71393,1246.7434,-78.07153,380.30508,1172.0712,312.78757,256.14276,1240.3163,-211.2285,255.5939,1150.9773,257.93115
IMG_061.JPG,240.77486,127.73765,-98.69272,261.76624,107.880745,-144.53403,265.89035,109.02888,-144.46947,270.19424,110.113144,-144.40543,259.25012,106.09267,-92.226555,261.17563,105.55154,-92.0916,263.1133,105.25917,-92.147156,301.36804,128.59956,-239.7538,290.07672,119.15408,-2.6786664,254.74532,158.99905,-124.24888,249.86325,155.88626,-54.72136,301.29102,263.58008,-322.10077,315.15167,264.9096,171.50336,160.77754,303.54062,-227.33487,136.25516,336.2529,263.94138,176.59264,250.32718,55.811405,154.51149,293.47147,280.08884,174.06693,227.45226,44.121033,162.10945,278.1792,287.20734,196.8335,230.80708,29.707668,178.79851,267.35025,288.3246,203.93028,245.97028,55.950638,175.597,280.68143,277.6933,324.30246,650.5009,-164.79626,328.02243,636.7039,165.1709,310.18304,913.42676,-60.33996,318.47876,888.6309,195.4535,337.65308,1170.9221,28.370636,333.1167,1123.6339,290.85992,369.00693,1215.836,29.202719,359.27997,1170.013,295.15857,244.12102,1207.4668,-68.363945,229.77885,1152.437,253.28131
IMG_062.JPG,270.27905,135.63455,-84.617676,294.42166,117.81472,-132.07837,298.61484,119.247025,-131.98137,302.94635,120.59748,-131.93135,291.8245,115.83594,-76.82531,294.10965,115.44953,-76.66205,296.43347,115.29971,-76.61203,334.74533,140.05598,-220.63257,323.82568,129.9389,26.697994,282.37408,166.60599,-107.788475,278.12915,163.08449,-35.42467,319.71442,269.80408,-309.983,348.8746,273.3314,209.05836,171.60518,297.60803,-221.00899,164.51028,330.12372,279.52216,193.26187,249.20721,91.33639,175.60204,289.21332,279.662,195.54541,225.48494,75.97768,176.70255,273.30002,285.97247,216.68274,231.57098,57.651787,198.17665,268.2777,290.2697,223.70093,246.47437,88.618935,196.29514,280.58545,277.29767,368.04092,647.9572,-175.2989,379.59708,635.5469,175.71579,335.9209,924.5266,-143.05196,360.20218,890.0679,141.3892,369.89127,1194.5194,-114.122475,393.01053,1143.3809,197.81483,402.0211,1243.4004,-121.06047,425.97986,1192.8152,197.30342,261.23553,1220.2446,-232.48338,268.36313,1167.8529,153.42413
IMG_063.JPG,187.26038,257.56943,-72.62125,200.96307,241.50185,-105.46797,204.28702,241.84222,-105.42376,207.75992,242.11647,-105.34593,198.26945,240.60208,-62.079426,199.38727,240.0608,-61.967213,200.56238,239.69714,-62.06112,231.39789,253.50754,-173.57698,221.97897,247.70332,22.065598,199.78903,279.71582,-90.38531,195.1062,277.99902,-33.03714,236.08104,353.8355,-246.38654,258.70517,349.50485,166.54514,150.99942,394.55612,-188.81845,132.43112,406.0296,278.10965,144.97736,372.6268,70.542404,124.456985,384.2403,330.0023,141.16792,360.5318,69.918655,123.80756,375.15466,345.63644,151.35881,359.17358,66.63513,133.833,369.88318,339.2308,159.12625,368.7451,74.31644,132.26576,379.36905,327.06192,264.39914,655.12366,-140.7385,275.3533,641.08936,140.8774,253.39478,869.8699,-101.40203,266.60806,829.7885,163.07776,276.17593,1076.198,-73.570145,282.78046,1022.7788,241.9428,302.45914,1109.6018,-76.340195,304.8935,1057.9651,244.34041,201.16637,1114.4688,-152.54958,205.13608,1053.9248,213.83939
IMG_064.JPG,169.78526,140.92361,-95.31916,184.5202,123.78788,-125.649826,188.14015,123.81504,-125.717224,191.96573,123.72058,-125.858536,181.53969,124.23733,-81.6732,182.18689,124.28474,-81.56447,182.80003,124.506485,-81.47695,214.3325,135.83342,-178.28987,202.25815,134.35095,21.738224,180.99995,163.16408,-107.647835,174.97264,162.88724,-49.69352,228.0571,239.4579,-259.32336,200.18317,249.33183,164.1189,139.79546,289.5624,-239.97185,60.30594,311.18033,182.10738,109.193634,279.17676,-68.1085,28.205965,332.62045,42.420177,104.23805,271.75363,-91.44668,17.87488,337.92578,19.568375,105.0588,267.91666,-96.71269,38.45917,332.37592,-0.78657055,110.29294,275.97598,-68.33982,43.00669,335.75943,27.82205,220.67972,548.32733,-148.0156,205.40178,540.2189,148.43585,216.55234,775.3762,-107.433075,206.8695,729.4847,230.3707,245.21254,983.5812,-73.97729,223.52565,914.834,369.38116,268.86044,1014.7327,-79.011284,243.86148,947.5491,378.1922,173.12048,1034.4816,-195.60403,148.36316,952.87524,328.77078
IMG_065.JPG,208.29218,242.0224,-106.88629,220.69409,225.11223,-143.74812,223.73036,225.46005,-143.67184,226.925,225.7797,-143.66495,219.11449,224.28123,-95.33581,220.38956,223.82896,-95.17949,221.72224,223.54993,-95.18905,248.63591,238.54622,-221.24457,243.06839,233.42587,-1.717041,219.71645,265.14523,-126.98338,215.90022,263.71487,-62.66778,243.00464,337.52182,-271.98868,286.9287,334.6784,140.38756,161.75188,368.48282,-193.54575,172.54698,391.2093,278.01755,203.25471,320.08868,51.119537,216.75475,365.74548,377.5966,211.32004,301.40793,50.073982,230.84013,359.79462,402.96628,228.33315,309.86664,33.988148,242.25461,354.53918,409.90753,233.24562,322.67096,51.173565,232.9182,363.79825,381.95886,267.3624,648.0297,-147.23878,291.5099,638.7697,147.49539,264.46777,865.94995,-72.028206,276.47507,834.0591,205.88702,297.1872,1070.3157,-15.957344,279.00983,1023.69824,318.74985,323.1148,1104.6277,-15.785887,297.71173,1058.9751,324.4178,230.51216,1112.0137,-102.34872,204.9308,1054.2319,287.337
IMG_066.JPG,165.01114,115.76467,-83.84711,183.25624,100.14968,-122.91543,186.57533,100.58241,-122.8987,190.08435,100.93789,-122.854065,182.65244,100.33332,-72.550446,184.90273,100.55725,-72.43067,187.08737,100.99568,-72.49143,217.59991,115.80997,-205.22688,212.64493,113.112236,22.410416,176.01881,140.0299,-106.55638,173.69885,139.30174,-40.15162,223.90758,224.38033,-286.5294,219.4276,231.65869,170.99599,103.61066,267.55606,-243.02228,109.478645,289.10394,297.68985,63.871212,237.33972,-4.237774,92.6877,264.18155,329.45862,53.732574,223.60522,-15.46789,90.81617,253.78186,332.11502,62.689674,220.11424,-17.844921,101.85747,246.86205,321.19666,70.60658,230.20464,-0.9399895,103.45716,254.87314,321.37906,208.5427,527.4426,-143.34561,202.89844,522.75714,143.41608,205.81058,736.09436,-67.64997,197.57622,740.0132,171.30273,220.35278,941.3224,2.5113215,205.03688,931.9844,269.58633,241.4859,973.5531,2.6920738,224.44977,966.03687,276.57257,147.76253,986.10364,-93.178764,127.06911,967.205,224.98863
IMG_067.JPG,306.31213,127.48818,-78.72066,320.92816,109.830894,-118.334854,324.03036,109.86042,-118.24388,327.31473,109.82037,-118.184456,320.32642,109.23321,-70.452995,322.50958,108.63922,-70.38862,324.62225,108.254776,-70.478424,353.86166,118.73288,-196.39516,349.55045,114.25507,18.377533,319.04556,148.65353,-98.72191,317.0411,147.31924,-36.28517,372.78583,220.89304,-272.9515,366.09894,223.13538,164.55043,285.8289,277.5934,-256.8703,290.61685,292.20877,298.62927,242.28311,279.16653,-46.188034,248.60643,297.5528,316.75732,233.96669,275.72137,-56.94964,236.71936,296.0162,313.00308,235.7416,272.2183,-60.812153,246.9764,290.3606,292.7855,243.13913,278.43112,-44.38269,252.69751,294.83472,304.17184,362.34628,524.4415,-133.62222,355.34955,515.6463,133.57744,355.77307,734.94415,-78.27407,357.1272,729.80566,138.59029,359.7357,945.72266,-31.18008,373.24326,924.65204,213.64752,376.2287,978.2275,-34.515137,391.94922,959.65155,218.01569,286.91577,989.6179,-131.70941,296.80716,955.65063,162.67395
IMG_068.JPG,317.69107,206.07367,-48.349613,331.65936,189.53352,-83.353714,334.7153,189.50563,-83.23894,337.945,189.37517,-83.131386,330.51233,189.50806,-37.069656,332.29218,189.04825,-36.952698,334.01743,188.76297,-37.074673,363.717,199.32845,-158.14032,357.26987,196.12453,54.8976,330.22095,227.38742,-70.2079,327.46872,226.32855,-7.7571235,383.26215,299.4585,-250.18239,368.45682,302.17764,176.31404,265.3307,375.22617,-182.16595,251.42848,370.36533,119.883965,249.77507,355.30576,91.235985,239.13744,357.07898,-112.53152,243.46715,345.54532,99.041794,231.41432,350.35416,-145.43394,255.68951,344.3689,81.96794,250.71439,342.702,-141.6373,263.40707,352.71103,91.89753,255.50632,351.11362,-121.487976,377.1151,601.9868,-139.48766,364.6432,595.7009,139.56046,372.39627,819.89844,-76.06425,371.23096,814.3849,158.57707,388.5619,1033.6743,-23.634624,393.10278,1017.3897,204.648,411.65402,1065.0768,-24.87237,417.54523,1052.7401,205.37785,312.48956,1090.276,-123.52097,305.0244,1060.3253,146.26329
IMG_069.JPG,273.764,151.48007,-16.62679,261.80655,133.30981,-2.3287158,260.90695,133.29155,-2.2166846,260.25232,133.1756,-2.3975701,258.09024,133.62004,-54.19358,253.64824,133.41963,-54.17137,249.27138,133.39235,-54.274208,240.04933,142.2737,85.15782,225.30327,143.70674,-141.73952,268.75583,172.46796,23.24131,262.42435,172.59601,-42.276047,239.68701,256.67844,238.73257,202.74783,233.99692,-281.16107,355.50897,291.15686,354.83624,348.91922,262.72333,-384.52417,466.4162,283.06186,302.69644,482.64984,265.52527,-311.1318,491.54807,272.36523,307.2661,506.88995,264.1695,-339.21356,496.62347,269.21765,259.30045,510.29904,257.7765,-324.5705,486.8355,276.59982,278.99246,499.32257,262.14316,-303.2378,221.5224,550.9316,161.41211,196.43091,546.9173,-161.03372,222.93872,767.5553,182.51202,231.85796,761.8095,-132.34305,220.78368,954.8723,294.75604,247.2648,974.83453,-43.26858,200.58725,988.5129,299.00677,222.88599,1010.04376,-44.156902,296.3089,994.24023,204.36742,341.75742,1023.0725,-167.93083
IMG_070.JPG,363.6217,392.54916,12.042215,346.93323,375.5653,31.552557,345.1934,375.6463,31.612036,343.70865,375.62762,31.334612,343.94165,376.05664,-29.20062,339.26688,376.17746,-29.131386,334.66022,376.47635,-29.15223,319.37045,384.84747,137.62175,307.86014,386.5613,-132.13469,357.80606,413.0045,58.714596,352.95062,413.5393,-18.940535,316.41486,499.92227,299.76822,292.63678,473.09686,-276.45493,439.00177,538.1951,410.03204,446.68146,508.4031,-341.6636,563.0922,527.36066,328.0793,578.66364,500.69064,-189.13614,591.34796,513.18195,343.18442,603.4211,495.18134,-215.52367,597.41095,511.10797,286.18475,603.9476,488.19653,-196.01944,587.0879,519.8819,300.70242,593.3931,494.01303,-177.55959,293.18448,784.2547,177.63048,275.42267,775.7536,-177.36772,300.4778,1006.77814,183.0012,312.96738,994.72144,-165.01636,303.89496,1208.176,271.90976,335.5953,1223.7045,-93.522934,284.21124,1245.8206,274.95438,314.0225,1262.9203,-96.394646,389.6055,1242.4481,179.48781,426.78348,1269.015,-225.52296
IMG_071.JPG,288.2488,238.34854,11.36561,275.2822,218.3781,24.703106,274.08066,217.99123,24.8027,273.1364,217.49709,24.533792,271.8988,219.22066,-28.313416,267.42703,219.0904,-28.273102,263.02545,219.1384,-28.326189,251.76843,223.98985,112.7125,238.50403,227.12894,-120.86295,282.81088,257.44775,52.11201,277.30124,258.34842,-15.21535,251.46196,333.4049,264.31778,216.62347,314.1419,-257.59735,374.32153,365.2632,377.08694,370.47635,345.8286,-340.4295,491.33627,353.54794,308.65338,501.35956,334.2298,-221.25179,519.50684,342.42838,312.84772,527.1414,330.77063,-244.6862,523.4714,338.52383,263.1283,529.3774,322.06815,-231.60046,512.1104,346.08643,283.5588,518.28754,327.20828,-212.94397,239.46626,631.06494,161.84262,216.22379,626.185,-161.55818,251.11255,853.3287,169.95174,260.9972,837.05426,-134.21947,256.34933,1046.0117,266.1488,286.0298,1053.9972,-53.677708,235.56413,1081.225,269.83676,262.78174,1090.7233,-55.27943,342.42917,1083.2184,169.53075,385.52264,1099.9407,-180.523
IMG_072.JPG,225.67046,171.72363,-29.791336,212.93912,152.9068,-15.151299,211.70572,152.77449,-15.059692,210.71187,152.5527,-15.274196,209.795,153.57372,-70.07703,205.49147,153.50421,-70.07806,201.24738,153.60854,-70.187645,189.868,160.55751,80.0752,177.75604,162.66995,-161.15224,220.83437,191.71852,13.843891,215.43634,192.24686,-55.64348,184.15683,270.1048,254.25822,160.85687,252.63138,-301.6516,303.78302,296.60803,377.11246,306.66418,291.18924,-395.38492,416.4346,287.034,297.36725,436.56354,281.34518,-305.961,441.76712,276.96805,299.77945,461.1358,276.8847,-343.62546,445.6956,274.12048,246.32214,462.1855,268.32428,-327.8742,436.92578,281.29428,270.25677,450.97272,273.5973,-297.4665,159.49763,563.65753,170.9306,142.09015,559.91327,-170.6937,164.23013,786.67035,189.85413,177.31729,774.9504,-132.38397,169.69145,984.04486,314.27957,195.53212,995.18243,-13.974648,150.41545,1019.6185,320.19885,172.25818,1031.1792,-12.481871,253.4422,1021.1991,217.20543,288.1472,1042.7235,-142.33864
IMG_073.JPG,443.7574,227.91672,-376.3975,432.2914,199.99136,-388.70398,431.22815,198.95735,-388.68442,430.54953,198.02307,-388.79767,429.95908,204.34885,-441.123,425.4164,205.52113,-440.95117,421.09372,207.11461,-441.21072,401.85245,213.09564,-328.1214,392.89307,225.90512,-560.7086,433.58798,254.85175,-337.97842,425.72763,258.50656,-403.74832,302.54654,317.19373,-135.73209,403.89243,381.52887,-640.3587,219.71962,321.05875,262.7639,494.6728,474.37335,-676.85645,232.72983,254.37682,720.5735,579.0695,404.9474,-595.33734,226.44887,245.56154,780.66534,604.318,396.18625,-629.3393,232.62282,240.36504,758.4643,589.65875,377.73337,-627.82776,237.16554,250.39693,722.0471,579.23505,383.6178,-588.5513,281.82407,712.39197,170.36485,322.011,759.5205,-170.4004,302.07947,901.71423,584.6669,342.98068,1006.83795,176.80963,261.3575,1086.0289,953.56885,312.59598,1206.8439,439.9265,232.79564,1122.0237,990.3209,274.49792,1240.7561,466.89664,333.54767,1130.8018,1022.0123,413.90088,1261.0461,419.6459
IMG_074.JPG,430.30154,179.70894,-314.07236,414.60178,144.26572,-308.88458,413.37592,141.62964,-308.75116,412.5592,139.01993,-309.06448,407.48572,149.48112,-376.67792,399.87033,149.35413,-376.84427,392.3572,149.50961,-376.75604,372.44382,135.77853,-194.73479,345.14545,150.47752,-495.48972,411.1153,197.43,-261.33246,401.7356,202.40105,-348.1842,345.49277,255.10251,-35.26641,266.25797,255.18063,-542.81384,510.5498,290.7162,47.94372,490.23328,308.00848,-634.33496,670.801,294.28586,-32.022396,687.6654,293.19055,-626.1653,710.6288,277.52435,-38.950527,735.8084,286.93253,-699.7551,718.0684,283.15292,-90.42117,729.3321,268.15735,-678.5533,698.12976,293.07797,-63.257427,713.2693,273.79413,-621.30383,215.38428,608.62335,152.0264,160.04726,619.05725,-151.62236,226.4275,826.0016,350.84958,214.63551,854.4939,39.972385,221.73825,1005.7897,516.7572,226.93393,1072.9463,197.64417,192.6779,1036.11,527.2441,195.71236,1102.4712,204.33849,310.66653,1058.6567,415.0411,331.03696,1138.4271,61.819565
IMG_075.JPG,392.82828,239.87502,-170.83044,381.79196,211.86902,-171.52014,380.6757,210.35422,-171.163,379.75128,208.72948,-171.30305,377.83832,214.90314,-223.55696,372.47275,214.79346,-223.64821,367.1459,214.83952,-223.86053,347.18777,210.19952,-90.063576,331.0837,218.52493,-320.92,377.66006,257.5642,-127.78404,371.40253,260.4724,-194.006,300.24753,292.93658,49.868343,300.9737,319.24237,-387.5842,372.4318,383.72098,176.68742,480.7602,371.04623,-452.23126,437.47546,442.78836,191.61899,621.341,335.31396,-400.0729,452.559,451.75687,194.25124,661.48834,328.95804,-452.86392,456.86313,452.35077,158.79416,650.9796,306.79373,-438.52832,449.09335,455.2652,175.23436,635.2494,313.7252,-393.88766,290.0636,616.316,131.97656,270.75125,653.65515,-131.56816,352.8663,753.684,361.61127,270.6264,864.7829,-12.364505,344.2012,889.49115,622.7935,240.75407,1058.8319,92.00925,319.7508,918.4296,646.6157,213.13448,1090.5178,98.20601,416.77493,930.4611,645.8467,313.86716,1120.7548,16.894547
IMG_076.JPG,284.12454,189.50822,-228.92325,273.19223,161.56984,-229.48598,273.2292,160.4299,-229.14029,273.5126,159.2112,-229.24521,266.54633,164.14598,-276.06888,260.22174,164.00594,-276.24814,254.00844,164.07797,-276.44492,243.75899,163.03568,-139.21205,217.55482,169.95143,-353.67096,271.94412,209.76999,-183.63585,261.8838,211.79034,-244.97598,223.7275,258.3894,18.616549,173.88208,275.18784,-395.93976,344.2272,294.6686,121.49409,359.22772,325.3857,-433.47278,453.91852,273.91373,121.942604,514.2809,290.19296,-412.1237,478.73843,255.71318,128.32622,552.8293,280.81744,-461.32245,488.93155,257.07333,87.56347,548.1791,258.41983,-451.24258,477.23203,270.97986,102.20558,536.2012,266.35568,-407.80756,202.70538,565.6777,129.55583,157.64935,600.5468,-129.29178,268.17133,670.4224,419.67825,159.29459,825.1711,-51.112297,265.95114,802.6149,687.16815,142.05186,1040.2677,11.80803,242.89185,831.8476,710.3532,118.90929,1074.0367,12.005067,333.8406,842.2016,707.1409,206.8406,1107.9448,-92.30957
IMG_077.JPG,370.95612,229.04332,-185.36844,356.14352,203.78568,-183.40282,355.32346,203.11589,-183.14925,354.80875,202.39825,-183.4549,351.06876,206.72957,-234.1949,345.10208,207.31494,-234.2651,339.2101,208.14107,-234.32619,329.27576,214.0595,-98.84899,308.6698,221.84465,-318.5017,364.622,255.4152,-142.63435,356.03928,258.0146,-206.23843,329.19745,346.69876,72.48931,295.19296,358.91342,-415.83548,451.39304,423.90744,218.02003,474.96582,437.54724,-445.48904,595.2308,462.77875,197.09134,637.89655,474.01266,-352.946,627.5571,459.95764,196.22336,673.03687,482.10797,-392.96915,639.69196,461.90897,145.41913,674.0563,467.9985,-390.3901,625.28687,471.75095,173.1402,660.9636,470.6197,-350.2508,316.00116,727.12036,136.4995,285.3643,740.14764,-135.73705,339.91803,908.8871,345.18204,306.00436,939.995,56.283607,309.70804,1071.0923,602.21094,273.61816,1120.6873,297.64087,281.51144,1102.0685,622.39264,243.42581,1148.2183,314.11972,384.68802,1120.3481,544.86993,355.4768,1184.6913,206.42186
IMG_078.JPG,310.4164,175.3374,-149.59894,294.57138,152.97482,-144.2326,293.95688,151.73318,-143.92995,293.57565,150.43948,-144.09924,289.06155,156.45798,-193.05301,283.26202,157.331,-193.06348,277.54578,158.36313,-193.18333,266.02707,156.05144,-51.583702,244.09218,166.90411,-270.77307,301.8051,194.13368,-104.354744,293.96906,198.13799,-167.7991,256.78207,250.72102,86.72414,226.68742,266.3024,-333.60022,340.35037,338.03885,212.76231,374.07224,325.8092,-391.81522,429.24323,374.11243,200.34123,515.84357,347.98727,-338.64218,449.87866,378.86578,202.16934,545.3176,356.63538,-377.11652,453.56702,372.94165,161.48013,551.2327,342.15802,-368.86865,443.48737,378.52866,182.39192,538.53876,344.14154,-332.77267,250.43839,540.079,120.94842,222.58446,559.32983,-120.32351,273.70642,663.7978,354.02737,233.17773,719.6889,-46.96725,259.20087,787.66345,570.7899,227.76567,895.3098,59.34275,235.16638,818.79376,588.1097,207.41797,926.7228,61.88073,340.19882,813.7579,557.308,300.15463,944.71436,-37.344765
IMG_079.JPG,325.9833,188.90059,-238.3734,305.97012,159.97105,-229.05612,303.9618,158.87738,-228.65207,302.2539,157.64636,-228.9082,301.10217,163.9713,-298.56763,294.5817,165.05106,-298.53043,288.07358,166.31044,-298.7274,267.5113,172.60875,-97.604515,247.79492,183.54071,-413.38464,316.3514,220.64317,-178.00507,307.36728,224.52792,-268.79208,231.76427,339.6908,131.10085,250.26672,342.52856,-525.6354,337.53317,530.1522,253.06874,501.8378,425.94165,-579.9821,465.48212,699.0068,235.45859,717.5768,418.3473,-515.95135,497.66547,727.075,253.32501,772.59674,412.74493,-587.84906,506.76852,737.5125,190.05565,770.45355,390.04202,-563.9842,490.82825,737.5582,210.61893,747.25037,403.36972,-504.48288,233.4768,769.9172,221.62672,227.79935,793.3042,-220.74913,260.9123,1005.95056,624.4234,225.51518,1085.7704,-33.757545,231.73285,1249.0663,973.06226,176.30798,1381.1451,86.91263,198.2461,1299.9728,1000.99445,134.1637,1436.1047,88.36256,342.1145,1295.7871,959.06445,294.6793,1439.1147,-56.347588
IMG_080.JPG,330.6984,156.28917,-226.35872,311.91385,129.20306,-212.805,311.9588,128.7602,-212.53973,312.36075,128.2045,-212.87344,302.91034,132.07909,-277.83234,294.98984,133.23329,-277.63553,287.04236,134.55594,-277.55624,281.6263,147.9369,-76.21807,245.23756,156.42969,-372.17596,324.73917,191.30325,-166.2719,309.94424,194.17862,-251.98135,260.585,325.76462,119.82042,236.56718,321.2649,-496.68753,309.62482,541.49475,241.90463,486.89438,414.86804,-589.6682,390.62494,747.5618,189.036,711.2728,408.54678,-551.3678,416.75055,793.29297,202.57727,766.3266,409.9604,-621.952,417.4169,802.2515,132.7984,763.8726,384.18253,-601.4959,401.23294,795.2734,162.39812,738.85535,394.98413,-539.1813,269.07614,753.7498,202.04457,234.87753,776.32104,-200.86118,287.28568,997.1134,487.67538,239.59477,1080.6342,-111.12011,254.15288,1243.143,791.09283,191.31723,1379.5354,-22.514519,222.95935,1289.6228,815.46643,151.54465,1430.5187,-25.266098,354.57257,1305.936,761.1063,305.6776,1459.5254,-192.98643
IMG_081.JPG,305.32974,201.80432,-242.86734,290.10266,177.92804,-233.77126,288.48294,176.44974,-233.4947,287.11127,174.85352,-233.52307,286.26263,182.05872,-290.5789,280.91495,182.70572,-290.6634,275.6499,183.58829,-290.94342,258.07916,179.50653,-116.862656,242.264,191.92752,-371.20425,294.63058,220.10587,-190.29347,288.40125,224.26453,-263.142,267.0216,286.8176,57.739952,211.42885,292.30258,-450.41583,430.40576,302.30652,141.09038,410.87506,303.9948,-507.31418,578.7577,315.8196,61.205936,581.88354,312.13535,-488.99213,609.42615,304.52673,46.25121,618.0405,312.74762,-554.2469,619.3438,305.26324,-13.01064,623.1565,300.12894,-544.245,605.6711,316.24042,33.5295,610.89026,306.06992,-484.9866,267.7043,615.5345,156.98523,227.09592,631.3955,-156.30588,280.332,796.31036,418.8699,239.04863,843.5453,16.475754,257.8886,960.01135,679.289,230.76071,1047.167,175.00964,232.72609,993.86096,697.73584,203.19783,1081.1924,178.9111,331.64294,1001.13025,613.61914,314.54944,1098.0261,28.708069
IMG_082.JPG,233.97966,191.81953,-399.89532,217.26027,174.01532,-375.4462,216.11314,173.72913,-375.3045,215.34792,173.30818,-375.42267,211.79538,175.60825,-440.71814,205.97168,175.6984,-440.60837,200.25742,176.04031,-440.7385,186.27875,180.55862,-186.11563,165.17303,185.00958,-483.2356,223.7484,211.58768,-322.4731,216.68109,212.80978,-407.461,208.57285,289.2375,25.594988,115.87842,288.0548,-569.1338,351.4605,338.1745,101.36186,282.9696,323.646,-700.31384,490.37766,358.3703,-22.965263,432.61612,343.4219,-719.7293,523.0812,348.6293,-37.43911,465.70297,346.37506,-800.71747,531.2891,350.46826,-109.74458,467.8552,336.2588,-792.3483,515.33905,361.32355,-57.95279,457.10596,341.0811,-718.6372,191.10016,604.2601,179.57715,129.65028,622.8218,-178.74254,211.11525,784.8707,510.55322,160.22554,832.4604,30.200539,183.69406,955.0702,836.5577,146.74149,1022.1096,306.57092,157.91904,991.0156,858.59015,123.79724,1054.3224,318.3918,262.34103,994.9633,717.52924,222.30255,1073.1746,121.748276
IMG_083.JPG,327.84998,171.57005,-169.92313,315.2757,148.92368,-160.73582,314.02673,148.33336,-160.44887,312.94537,147.61981,-160.36166,311.94403,150.96321,-219.17764,307.1401,151.14429,-219.44537,302.34344,151.55014,-220.00868,287.09146,155.7843,-51.146114,273.43744,161.70197,-307.67224,319.41333,192.80113,-118.571045,313.67395,194.75864,-192.27756,274.2981,265.58545,134.27069,246.94382,271.02393,-431.7867,363.248,302.73218,262.39313,414.0523,306.96912,-530.23676,451.32056,306.2064,226.56024,561.55756,303.5217,-481.28186,469.70828,299.55206,225.64714,595.222,303.84393,-538.907,479.26962,299.58575,172.18343,593.61725,290.47925,-521.17706,471.71356,306.99487,200.68971,579.91205,295.3802,-471.90186,284.8767,604.7765,161.60838,258.7327,622.1894,-161.32541,320.62964,788.8815,375.81448,282.98468,825.216,32.19998,320.7091,960.99945,624.12683,282.99988,1014.7938,265.98315,298.66602,997.8435,642.97485,259.79294,1050.3914,280.2206,401.07245,994.64905,565.5959,362.92664,1058.002,158.90155
IMG_084.JPG,347.19324,215.52003,-100.06842,329.24902,188.82819,-98.137375,326.43777,187.93094,-97.873474,323.8731,186.93115,-97.9389,327.7559,191.44972,-154.61989,322.68542,191.50278,-154.80132,317.68088,191.70679,-154.92778,288.94656,192.68813,-25.268257,280.1484,199.53416,-270.87576,331.4026,238.05763,-62.31594,328.6105,239.98227,-133.4654,272.02112,304.1858,105.89367,243.86111,315.94916,-337.8283,407.32928,366.6924,199.05951,416.17307,387.73178,-369.27,545.9276,403.3018,157.19946,572.93414,417.97522,-329.81134,573.5859,392.46378,141.6786,604.96234,415.65085,-385.47696,583.73254,393.20132,97.09584,604.7375,399.63538,-374.6278,572.98444,403.6854,133.7983,592.04846,405.20056,-327.06018,243.69643,624.08746,123.89286,213.48486,641.9615,-123.36806,257.11606,841.1796,174.96204,245.46959,863.1414,-56.67833,238.21327,1041.0271,278.72415,225.62257,1069.7979,51.12002,212.97694,1074.0233,282.79254,199.51587,1100.8259,52.64958,304.43454,1098.3607,183.18182,296.24387,1128.445,-64.21168
IMG_085.JPG,291.76608,229.26044,-110.97865,273.4174,205.08522,-106.88444,271.31992,203.88995,-106.691765,269.46698,202.59656,-106.8126,270.4054,208.6806,-164.8543,264.931,209.27234,-164.93018,259.54318,210.0222,-164.96388,238.315,208.67729,-20.03117,225.18343,218.99185,-272.98105,280.6815,249.482,-68.36705,275.75034,252.97844,-141.40746,238.70158,320.88303,132.76683,195.78308,326.15433,-346.88458,372.89093,380.37244,224.34122,353.4246,383.60358,-397.02017,512.8213,415.79553,174.10709,501.5343,412.64526,-369.92432,545.2137,408.68585,169.75749,531.12695,413.9357,-418.83392,553.42566,411.0345,123.93738,533.8457,402.62027,-408.45197,540.707,419.86084,150.0747,522.9509,406.6715,-366.17276,215.7936,635.6188,140.78926,178.6429,646.9967,-140.35841,227.75244,847.6026,192.2586,202.79251,876.6425,-87.550514,214.12039,1045.3345,285.40457,195.70686,1094.7151,5.2586694,190.79773,1079.4602,287.19232,172.05637,1126.5974,3.9948757,286.82672,1099.8774,188.17502,271.288,1160.5562,-124.55761
IMG_086.JPG,420.15753,302.49847,-121.6056,416.85214,286.9623,-96.572334,418.26666,287.39944,-96.46145,420.0398,287.6477,-96.57491,408.5049,285.62,-137.28534,403.28806,284.56204,-137.22867,398.0276,283.62982,-137.35287,405.571,299.87805,20.685307,377.30786,296.14093,-155.38095,416.56705,326.5596,-74.28796,402.8954,323.63785,-125.77677,374.62244,434.09637,179.74127,318.58026,401.9135,-253.67784,272.6322,568.50305,253.55179,218.53131,520.3149,-281.27524,193.22412,664.65607,183.74419,119.78483,647.79724,-304.79733,170.88358,688.73364,186.23059,76.418724,672.2238,-357.21045,181.92155,689.8163,130.41466,97.01119,687.779,-364.29813,186.4134,684.6116,154.12436,112.64792,681.8642,-309.21362,358.33075,721.6903,162.86354,319.85007,720.94525,-162.36212,342.9951,958.18756,159.43442,320.41772,972.03955,-176.1925,323.35797,1165.9968,255.84772,296.3048,1207.4757,-117.02319,296.546,1203.038,257.68896,263.34622,1244.6923,-121.75928,406.2815,1218.8324,169.93651,382.61743,1269.5696,-269.9538
IMG_087.JPG,380.88757,170.4144,13.526279,392.0931,148.07753,-23.869375,395.6688,146.66893,-23.829847,399.50717,145.13405,-23.877838,390.10513,149.76915,23.995213,391.9977,149.2515,23.982468,393.80423,149.03552,24.010311,426.20605,148.47963,-109.014694,417.51785,151.2691,112.67133,395.5379,186.8957,-8.884935,392.5896,188.34872,55.671757,462.51352,225.9856,-220.73035,424.76785,266.48114,268.30664,294.22168,212.69257,-334.40424,296.42383,312.71658,381.20258,130.22926,195.71027,-327.9651,160.85422,282.68753,302.87802,97.33097,189.19562,-370.17346,130.75987,268.76993,310.54245,91.69913,187.0529,-350.1008,130.09807,255.9869,261.6974,104.84244,192.34978,-322.00876,141.472,265.15823,279.3813,482.8281,586.31165,-148.75484,447.1225,589.1482,148.8272,469.09485,833.62585,-115.91265,446.8868,822.6621,151.71744,479.01855,1085.952,-57.68262,462.87604,1051.593,189.39783,501.26068,1125.1615,-61.731216,482.1874,1091.5295,185.49825,407.11453,1134.7621,-182.83708,397.03772,1093.8766,95.30468
IMG_089.JPG,212.26915,634.07025,14.987379,215.25867,626.19794,3.091157,217.20619,625.89667,2.987518,219.19617,625.54083,2.7744658,212.49686,626.70776,21.820494,211.83081,626.7679,21.84021,211.15881,626.9045,21.80772,226.37186,630.2909,-29.060768,214.76456,631.72485,55.370323,217.49184,643.3144,5.474677,212.67145,644.01935,29.879906,241.22534,673.2775,-78.69185,220.39095,674.89874,101.910194,260.80142,695.1126,-100.49114,231.72226,694.3891,174.0351,240.74939,685.83093,-58.48304,228.89204,682.3641,214.77141,237.37341,682.52954,-63.713455,227.96605,679.2687,218.45003,235.00421,677.2961,-54.075584,226.0275,676.83496,204.3754,237.18396,678.973,-53.954643,226.46635,678.6683,207.68419,233.53357,814.84247,-64.40666,222.30455,813.072,64.47606,234.93779,913.5582,-55.429344,239.50735,917.50977,57.470493,235.75266,1010.66016,-53.981705,242.52425,1003.2907,87.68742,241.62042,1021.41034,-54.01396,246.23997,1011.6063,89.42813,216.70395,1049.9058,-99.96136,232.12274,1043.7595,51.907574
