IMG_001.JPG,451.91177,314.22836,-19.765772,450.69705,296.41974,-13.042356,449.16403,294.84143,-12.908137,447.75177,293.40143,-13.051864,449.78363,298.9175,-55.17726,447.59845,298.45407,-55.244396,445.3186,298.15936,-55.30827,427.12964,292.27872,46.369606,424.49295,298.81332,-138.36673,438.0029,325.26028,6.984324,435.90277,327.0737,-45.531723,346.2027,346.6017,163.63617,362.58432,352.77884,-229.72394,328.09763,380.68564,380.26224,367.84247,401.39636,-460.879,391.00656,382.9878,597.91516,434.40604,364.0987,-584.15424,402.03873,381.63977,626.8617,447.62137,351.6308,-629.41583,405.7832,375.108,604.5907,448.93967,340.243,-618.70905,403.35373,377.80347,589.48584,441.06702,345.48242,-584.2865,154.30623,521.9888,142.26476,150.87788,533.7634,-141.87033,322.35452,563.57733,285.23367,324.07306,591.5736,-210.6128,268.33078,731.917,503.76053,277.97983,780.14545,-80.99926,238.05548,754.983,525.0312,244.62724,805.99243,-62.591602,312.14,786.119,549.1317,344.4369,838.6343,-69.40751
IMG_002.JPG,467.25085,340.95398,-27.783003,466.19067,325.0486,-14.15397,465.0198,324.12152,-13.982361,463.89474,323.24545,-14.08532,463.87656,326.23712,-52.903168,461.12555,325.59665,-52.78679,458.29828,325.17377,-52.756012,444.09735,325.73203,60.585175,437.4103,328.0552,-112.28584,453.7315,354.99756,5.1044803,450.449,355.5685,-43.828266,356.76263,373.99872,194.286,401.667,406.13947,-205.93555,398.40625,420.76035,386.2404,453.42944,459.6536,-227.32193,447.53323,399.18802,594.3648,469.2124,392.6005,-69.99389,461.8736,388.8456,630.05566,479.1609,374.63034,-83.20198,455.23468,384.541,620.75476,469.56412,365.07422,-86.28862,451.69373,391.41125,591.7685,460.54895,373.9924,-65.3539,174.3049,573.842,127.280716,198.48875,605.67566,-127.1308,267.95804,552.6318,375.16095,394.79422,658.4471,-99.59338,128.91335,605.31934,498.1759,315.209,822.4937,7.054207,97.156784,607.65765,516.15247,282.0113,842.68677,26.642431,128.13615,627.10223,596.8138,351.04758,865.7446,99.624405
IMG_003.JPG,368.42426,422.3149,-138.2869,365.27457,405.5246,-131.50862,363.6583,404.8747,-131.37277,362.2405,404.40445,-131.5168,364.94226,406.57254,-165.63586,362.72638,405.77435,-165.62286,360.53134,405.1743,-165.63222,344.62613,404.60068,-55.153072,342.43347,405.28687,-210.19743,357.7205,433.62112,-105.83496,356.61206,433.7649,-150.37814,299.87424,455.65784,82.13516,315.4375,460.6357,-278.487,418.02902,472.32693,123.74883,444.8766,483.1024,-379.12253,513.9243,459.9247,14.168778,554.22504,468.94714,-347.1083,532.3599,444.7581,15.586545,580.5225,454.7523,-401.5441,531.0884,439.87155,-22.97719,575.9744,443.11865,-365.37292,526.18665,448.51157,-7.1167746,564.5135,448.91583,-335.1618,168.65005,630.9461,126.932236,164.2877,642.7848,-126.68907,342.55185,673.6123,168.30354,337.48184,703.2049,-167.1208,297.85263,837.3942,299.31702,295.28696,869.05115,-23.888683,271.74698,860.82465,313.6097,266.23654,887.7002,-5.8145185,350.2804,880.1122,326.54352,355.03867,915.3544,-8.274315
IMG_004.JPG,366.1806,159.92189,-104.25208,367.52255,144.46687,-100.49248,367.09012,143.43423,-100.43385,366.79062,142.54224,-100.59371,364.83493,145.13953,-125.220795,362.3456,143.89093,-125.1811,359.89053,142.82243,-125.171135,351.61618,137.32062,-47.862194,342.41278,137.7549,-159.53987,355.06766,167.10953,-81.05473,351.572,166.93561,-113.12099,300.24536,179.90854,59.66506,303.19614,179.62326,-196.68054,397.74228,207.69487,110.83679,415.87698,222.80132,-249.45619,481.94003,204.17328,55.66036,517.698,220.33913,-213.93422,498.2373,189.81154,59.31618,543.4963,210.97707,-250.86902,500.68835,188.76332,32.046616,541.54346,199.97939,-224.47931,495.91208,196.34032,42.159115,531.7132,204.24774,-204.97545,174.56264,333.8611,90.78126,167.16995,337.5677,-90.46602,319.7079,382.56497,154.06194,318.05957,389.40692,-102.09396,286.2511,525.645,276.12756,277.9052,554.3336,-36.31681,257.9683,547.02466,288.03064,247.54495,574.3716,-28.207975,344.83218,568.0231,307.00168,336.75836,604.4677,-30.473211
IMG_005.JPG,381.76572,624.3915,-68.12068,380.80676,607.0344,-59.850834,378.74097,605.17236,-59.733494,376.82394,603.48346,-59.87546,381.98563,609.83185,-96.94349,380.62753,609.24445,-96.90896,379.27258,608.88196,-96.89584,360.38544,599.5841,10.34353,363.7894,606.0767,-160.69427,369.66187,631.9894,-38.025024,370.54214,634.2443,-86.92687,307.07617,641.23315,144.35518,337.52884,657.4445,-240.34538,419.71866,679.27655,188.74101,461.5022,691.8363,-344.80936,523.9168,679.3811,64.70761,567.741,684.97064,-314.71292,547.3324,666.3039,68.531555,595.22266,674.40155,-367.6568,548.3555,662.9505,30.431124,591.6589,662.4978,-331.6827,542.5744,670.9967,43.382343,579.40894,666.44183,-302.5119,173.9051,805.17847,138.25497,180.26997,823.3966,-137.99135,341.51343,841.5778,246.53957,360.93253,875.42377,-185.12158,298.2254,993.369,418.61017,297.01996,1019.0054,-21.740438,272.82248,1014.2958,437.77432,267.08545,1031.7491,0.36970887,346.34857,1037.011,465.31085,342.89352,1065.8431,22.646688
IMG_009.JPG,1369.1229,802.8849,-71.908966,1363.9309,777.50464,-60.841335,1361.0485,775.862,-60.78522,1358.3923,774.3767,-60.920822,1364.1355,780.95447,-115.1167,1361.0051,780.62103,-114.99915,1357.9236,780.5843,-115.03205,1332.0356,776.2354,37.070843,1330.3514,783.82947,-208.05661,1352.751,820.17175,-30.65669,1351.9641,822.6498,-100.92461,1273.118,870.1097,223.93463,1287.1277,874.322,-353.36685,1448.6226,897.196,278.9253,1464.4556,921.92957,-515.44904,1600.2749,886.75793,100.953835,1625.3337,902.6926,-463.15732,1632.7158,863.07916,103.22598,1666.4478,884.22296,-539.03186,1634.6213,859.4866,44.193745,1653.7347,864.6328,-493.28357,1624.9832,872.5323,67.601036,1638.3188,873.5297,-446.72043,1118.4653,1138.4198,188.9827,1112.9089,1151.678,-188.44727,1314.8622,1182.6001,265.8642,1358.4841,1206.7479,-258.8362,1228.5842,1384.2557,444.9843,1222.5815,1398.0961,-38.622555,1190.22,1411.677,463.47653,1177.9269,1411.0096,-10.432501,1283.1298,1451.2554,500.89694,1249.5597,1474.1404,50.381107
IMG_010.JPG,1372.7046,777.8049,-86.54715,1365.0317,752.8834,-75.82826,1362.7196,751.643,-75.72597,1360.6633,750.5498,-75.84016,1363.2314,755.8435,-129.2293,1359.133,755.5905,-129.10733,1355.089,755.601,-129.09888,1333.5264,753.428,28.474194,1324.6632,759.9101,-211.96283,1357.4695,795.97217,-42.6213,1354.5215,798.2291,-112.01808,1288.7644,855.5757,198.01141,1282.8953,845.89136,-339.44556,1466.461,883.39844,231.52728,1468.3818,883.87177,-489.99298,1613.0339,870.25757,66.11535,1632.4312,871.541,-448.8291,1644.7715,847.3545,65.745544,1670.9094,853.2344,-525.312,1645.0482,841.51355,11.540167,1659.9146,835.85815,-476.27124,1635.7318,853.9961,34.732445,1645.8539,844.8337,-431.38248,1145.6561,1122.5204,171.32715,1128.1035,1127.1587,-170.89156,1324.0747,1188.4204,188.32014,1362.6768,1201.0336,-250.09155,1242.284,1392.2847,324.20395,1236.1593,1393.265,-79.70132,1205.13,1420.4674,336.15472,1189.8414,1405.6565,-58.225204,1289.9579,1457.3582,337.7451,1265.9706,1473.5051,-33.421967
IMG_011.JPG,1349.4823,861.8169,-158.60336,1344.8156,838.3682,-143.01463,1343.4102,836.90894,-142.95915,1342.2339,835.5688,-143.12242,1342.0762,841.638,-193.51746,1338.0977,841.5234,-193.44179,1334.201,841.679,-193.53365,1319.6367,838.21643,-28.498394,1307.7432,846.2701,-255.74858,1337.4226,878.44135,-112.82674,1332.6592,881.0171,-177.66599,1278.8794,926.6273,147.45775,1266.4855,928.9366,-390.13715,1442.4977,953.8776,180.91475,1441.1018,976.47534,-542.30145,1589.9878,937.5212,17.741512,1597.8578,957.3334,-503.31772,1625.3413,920.06805,19.981726,1635.7965,947.3738,-568.6401,1622.7703,914.80273,-34.270042,1625.3705,928.04663,-529.12805,1610.6885,925.87354,-14.073004,1610.5077,933.6636,-488.2095,1154.32,1180.5454,173.54477,1131.4019,1194.0045,-173.26154,1335.1024,1177.1718,224.52179,1335.3123,1213.8525,-253.96574,1262.6173,1374.3978,358.0017,1237.9153,1391.491,-30.200766,1230.8668,1402.0541,373.31497,1202.6407,1406.7711,-3.128406,1311.3727,1438.5493,407.94043,1268.8212,1455.1006,33.767822
IMG_012.JPG,1304.9164,793.3656,-264.779,1297.388,773.0577,-252.96898,1295.7216,771.944,-252.70119,1294.2051,770.9856,-252.92809,1295.7827,776.2296,-302.92944,1292.3025,776.51965,-302.89337,1288.8994,777.12915,-303.11896,1267.9344,775.2256,-142.69095,1263.6681,783.39667,-367.6112,1293.0885,809.4903,-213.37558,1289.5408,811.6696,-277.0415,1170.8757,845.7567,69.558174,1257.8651,873.4767,-452.10233,1154.2891,916.5289,390.94357,1390.1598,876.74664,-548.7162,1187.2345,917.83264,691.0674,1493.3165,789.9879,-517.64294,1187.5089,916.2235,760.9807,1520.5011,773.95105,-581.90607,1190.6293,917.0429,729.34045,1509.1128,761.1288,-562.18976,1193.4178,920.4482,683.5407,1496.164,768.92505,-509.74472,1068.885,1091.663,168.64302,1105.4591,1131.217,-168.10068,1204.7058,1129.3699,554.5322,1286.6095,1174.841,-61.242516,1160.1918,1261.6941,865.03015,1202.3077,1314.0613,253.15234,1132.4279,1285.0192,898.13837,1163.1406,1331.8716,292.51553,1217.9856,1282.2108,973.68964,1265.6825,1350.1968,380.73605
IMG_013.JPG,1293.7719,815.1183,-472.50995,1279.5647,795.13806,-463.53955,1277.8807,794.008,-463.47003,1276.439,792.9151,-463.62988,1277.3252,799.7768,-517.8142,1272.909,801.4048,-517.74756,1268.6718,803.26556,-517.75665,1246.6421,800.69495,-333.43265,1236.8948,812.98254,-586.38934,1281.9321,832.1287,-416.2204,1278.3033,835.6913,-487.62943,1223.2234,857.8551,-111.20291,1208.8302,916.7057,-663.48334,1345.1172,824.1247,9.920775,1380.6372,899.506,-777.16846,1454.2458,782.35846,-97.61658,1515.849,826.8901,-812.67993,1472.8009,757.96405,-122.90646,1547.8893,811.0335,-912.0289,1471.1578,756.9002,-187.50838,1539.5135,791.10596,-889.34564,1462.2244,771.02234,-130.11272,1527.468,798.39813,-808.47107,1195.6129,1117.256,175.32755,1180.4182,1152.968,-175.05566,1291.675,1149.58,475.68164,1290.6073,1150.2351,-321.85065,1172.4844,1253.6346,857.8866,1187.5642,1299.4858,71.65598,1136.8647,1264.8132,900.4546,1145.5348,1318.3044,114.724976,1207.6031,1280.854,957.9042,1253.5702,1341.6273,124.92259
IMG_014.JPG,1302.7148,781.0066,-237.02512,1296.7968,760.065,-228.59377,1296.107,758.92346,-228.43332,1295.5557,757.99445,-228.43375,1291.8582,763.7036,-270.82724,1287.2708,764.31744,-270.77707,1282.707,765.22485,-270.8094,1272.6589,763.74445,-127.814545,1256.81,773.4508,-324.66843,1293.598,799.6552,-191.74828,1287.5756,802.3483,-247.63704,1212.3829,828.713,81.876335,1238.0105,871.3826,-410.3726,1352.1787,784.45245,224.57841,1410.4335,880.42285,-532.45746,1463.0784,752.82886,105.90924,1552.5784,827.1952,-500.6687,1474.1562,728.22943,100.09263,1586.3405,803.66876,-572.64435,1477.8516,728.8054,39.68152,1568.4979,780.983,-535.163,1475.9419,744.1481,76.78924,1556.7988,788.86115,-486.615,1079.4346,1101.5625,164.356,1090.8856,1131.657,-163.89671,1254.5149,1101.7964,420.71753,1293.3967,1141.3945,-87.96253,1211.4945,1246.254,737.1421,1204.3804,1273.7596,242.41455,1181.8877,1276.2723,771.6369,1170.3896,1290.6818,280.32416,1280.6288,1271.5471,851.1069,1240.5154,1311.5388,350.77313
IMG_015.JPG,1390.2455,790.32385,-200.18628,1377.227,772.59973,-184.15823,1375.6438,772.72906,-184.19272,1374.3019,772.98364,-184.29749,1375.0824,774.2908,-243.38287,1370.8613,774.7832,-243.27492,1366.7285,775.5307,-243.3683,1353.013,784.4113,-42.666527,1342.9371,787.0009,-314.934,1383.828,811.341,-142.63583,1380.397,812.67377,-220.16112,1326.6335,881.2281,181.58714,1325.0886,868.75256,-445.5682,1468.62,873.8593,227.18457,1481.2876,878.30334,-589.6051,1612.0795,840.76575,33.611317,1615.5403,837.7757,-578.5981,1644.4359,818.33093,40.33104,1645.8055,819.5784,-654.602,1642.0459,813.0993,-15.092642,1637.411,805.688,-611.66956,1631.4744,822.24207,1.1248678,1626.1589,815.40393,-562.45593,1199.9604,1123.008,198.49998,1184.5907,1125.8779,-197.87294,1326.0989,1178.976,309.30188,1317.2206,1205.3364,-330.16904,1289.7859,1346.39,455.63266,1252.7496,1374.2845,-204.74565,1259.8264,1381.6947,469.68317,1216.8152,1398.6509,-194.91983,1378.4927,1376.3486,474.3927,1326.1677,1419.4241,-246.67886
IMG_016.JPG,1367.6283,765.01715,-155.86557,1353.7549,746.94147,-143.68405,1351.2388,746.8694,-143.69466,1348.983,746.8865,-143.80801,1353.3247,749.235,-197.69312,1349.7987,749.931,-197.59276,1346.3506,750.8507,-197.6929,1325.3655,757.65985,-27.602617,1321.1943,762.4181,-272.60056,1358.54,785.74115,-108.11017,1357.4147,787.5446,-178.22665,1297.6003,864.52124,165.22723,1301.5408,847.42346,-393.8113,1453.5948,856.5294,198.4044,1457.9681,850.737,-510.2559,1596.9863,825.079,43.720318,1598.8982,819.0148,-476.85077,1625.6866,795.4092,42.09776,1630.8168,795.00397,-546.9443,1625.2416,791.8888,-9.803602,1619.489,782.22675,-508.0976,1617.1912,803.48206,12.430453,1608.6927,793.7888,-463.55383,1168.7727,1123.9594,177.90497,1158.7908,1127.038,-177.2738,1321.1807,1176.1882,253.64236,1322.7577,1202.1266,-217.65793,1293.1067,1348.3662,359.2527,1250.5045,1380.1926,-91.79353,1265.6288,1385.9609,367.70642,1213.3002,1407.6703,-81.45473,1373.165,1371.7952,385.4408,1315.8613,1416.7931,-99.17787
IMG_017.JPG,1373.717,780.3256,-96.87378,1361.1719,760.60516,-90.09871,1358.0889,759.8188,-90.059296,1355.2588,759.1432,-90.178925,1362.2285,763.6322,-145.21501,1359.3898,764.24835,-145.0776,1356.6082,765.0711,-145.19731,1332.0442,766.7585,8.681868,1333.1423,774.05597,-244.34563,1363.4935,798.9943,-53.711227,1364.4028,801.80225,-126.024864,1288.9637,866.2743,214.17871,1313.3889,854.86926,-374.93762,1429.7925,862.2832,257.0095,1463.8159,861.3824,-487.84265,1563.0261,834.081,93.22872,1592.1686,823.01227,-450.3739,1590.5011,803.9871,99.061195,1623.5764,795.69653,-517.42914,1590.8485,801.8307,51.923935,1612.306,783.4983,-472.45612,1584.1135,812.3905,63.76698,1600.8396,795.9923,-433.36096,1160.5076,1121.795,187.55084,1161.6062,1125.9641,-187.05893,1303.2512,1190.7312,291.16644,1304.887,1212.3479,-200.2635,1273.7632,1360.556,421.36075,1240.5796,1384.5007,-46.286064,1245.2333,1396.9369,432.23236,1206.0686,1410.6276,-35.561806,1367.6832,1389.997,445.5502,1314.1926,1425.789,-66.68374
IMG_018.JPG,1279.0302,802.49365,-505.3041,1303.2954,791.395,-532.4074,1308.6718,794.5794,-532.189,1314.0668,797.69415,-532.18384,1296.9089,784.9028,-480.30096,1296.7291,783.09314,-480.17096,1296.6182,781.7054,-480.1789,1343.8466,816.7078,-560.801,1322.3806,794.1416,-329.3008,1294.1498,830.5579,-510.3691,1283.4963,823.12604,-443.0118,1370.0142,938.2879,-622.58167,1334.9094,871.3372,-139.84721,1167.7727,941.8215,-691.10974,1182.3052,865.5752,-31.785599,982.5882,902.8788,-667.27997,1045.8711,837.6402,-115.22238,934.2981,899.42285,-758.652,1020.5475,816.0287,-124.54807,940.8489,872.3168,-745.126,1014.953,818.6479,-191.49457,960.54004,877.1098,-667.78955,1024.8656,836.1927,-145.59595,1456.7491,1200.9839,-164.25417,1425.2704,1142.9033,165.03816,1244.4277,1235.748,-241.7178,1247.975,1108.9105,255.76624,1374.6565,1397.9877,92.994194,1338.3093,1292.5552,509.30566,1425.757,1419.5868,127.14855,1376.3726,1320.5781,531.00214,1297.2056,1440.719,134.1136,1270.1328,1335.8921,587.57275
IMG_021.JPG,406.14978,496.40762,-61.867306,420.83572,479.30206,-93.73831,424.692,479.97626,-93.499855,428.721,480.5155,-93.5612,419.2178,476.70386,-43.976315,420.97458,475.4701,-44.030205,422.88553,474.51837,-43.859203,456.87897,491.85406,-164.28453,448.18442,483.2209,60.377247,420.7497,519.7027,-82.954544,416.27515,516.3371,-17.443855,470.63507,584.55414,-283.08087,509.10306,579.0873,247.19057,296.11456,606.188,-412.03824,397.27496,606.69135,361.2523,123.8365,574.03925,-341.63864,286.41046,581.9672,262.9943,82.99835,560.5755,-399.31497,265.09476,563.4,275.51483,84.24399,550.2611,-366.79544,256.36023,560.9008,226.67375,102.50617,558.3728,-331.9485,261.8507,574.10724,239.20544,624.70264,874.50165,-174.29837,630.4034,855.23535,174.81778,429.12723,987.70276,-185.79172,484.84634,961.3015,230.06636,498.8517,1197.0933,-13.524087,523.2079,1170.7427,383.87305,539.91815,1227.9324,-0.336006,561.8365,1201.451,393.7632,410.79517,1251.991,-58.504627,426.90518,1246.0463,357.12415
IMG_022.JPG,453.1425,256.00433,-99.27649,469.65375,240.73509,-132.7713,473.59305,241.68254,-132.62302,477.73715,242.50389,-132.64758,467.5731,238.78435,-86.16703,468.94943,238.24844,-86.25013,470.58014,238.04292,-86.28903,506.318,255.18178,-205.7647,495.479,248.46548,3.9355261,467.62387,278.87476,-122.71661,462.98267,276.43494,-61.463352,537.3057,350.5287,-292.2201,535.9993,342.71432,122.96572,355.98334,354.1597,-391.5457,381.5931,349.07773,174.77147,183.39775,307.18753,-352.926,237.1344,315.05304,103.7603,137.72723,292.24423,-408.58118,208.35143,286.48032,103.46739,145.30861,274.77707,-381.5253,202.5414,286.36414,52.23906,163.83168,282.93558,-346.58868,213.51709,302.25745,75.73558,692.86237,648.5587,-136.28404,682.98645,630.3669,136.88951,500.4603,658.53174,-140.40657,521.05707,664.8965,161.11813,528.2746,875.15607,20.840427,551.6579,867.1923,273.168,562.6644,910.43805,33.846516,591.3612,896.8059,280.43085,436.01407,917.10736,3.2947743,448.549,934.59644,258.3567
IMG_023.JPG,361.77185,219.1523,-65.819176,374.9613,199.30818,-94.73898,379.26703,198.78648,-94.52209,383.82858,198.12985,-94.47957,371.4374,199.36389,-52.16716,372.1567,198.63617,-52.197018,373.06174,198.28183,-52.286415,413.57156,204.96906,-142.52345,398.1465,204.00102,49.086353,380.6063,239.2434,-80.144554,374.2737,238.80019,-24.274044,454.833,287.57373,-245.58148,442.61905,305.79782,174.02098,269.92062,294.03235,-353.16562,291.56387,315.0944,217.69258,94.25664,268.6767,-302.6033,144.01407,277.23566,138.1838,51.50373,262.49023,-349.2748,112.96896,253.66046,138.90016,52.372562,249.59343,-327.65817,109.804436,249.52156,94.04757,71.03126,256.61047,-296.3416,123.02053,263.166,113.51562,604.0063,596.50085,-134.3859,582.10345,592.2031,134.81032,410.03653,583.23914,-253.8586,406.25815,598.46014,96.37331,453.8486,830.65045,-134.7089,454.1351,811.85864,192.2596,493.80447,870.6271,-124.19887,496.68658,843.98096,197.14098,362.48526,883.96796,-177.01866,359.24084,879.1996,161.52496
IMG_024.JPG,1213.4008,627.09796,-394.01303,1228.3818,605.8043,-426.47693,1233.7416,605.61926,-426.20697,1239.2368,605.434,-426.17236,1223.5745,604.83234,-343.37952,1224.921,603.843,-343.29218,1226.5342,603.29254,-343.35052,1271.0254,613.62744,-481.49173,1255.2073,611.03766,-100.97385,1234.8223,649.61206,-414.4071,1226.2742,649.33527,-303.38965,1315.1189,716.1375,-681.14655,1285.1476,712.4912,156.65851,1117.7628,703.45917,-931.1471,1120.4658,723.04785,205.84155,947.9076,681.05914,-912.50476,984.18567,692.7708,-86.811554,907.316,669.98395,-1038.3052,954.8007,671.8365,-102.1807,908.5939,662.73956,-994.0018,953.0457,671.39075,-193.17842,925.8536,672.31366,-902.7805,962.6648,683.32684,-134.87846,1438.1162,1006.8655,-286.83923,1395.9819,984.81055,287.20767,1200.6239,1047.4354,-626.3258,1198.2067,1016.0029,304.2204,1286.1594,1239.752,-251.76257,1284.2219,1218.8138,728.51373,1329.3737,1276.9559,-228.50528,1326.922,1253.7224,763.5156,1180.2391,1280.7051,-395.27917,1180.8889,1286.1678,694.1376
IMG_025.JPG,383.8588,224.01295,112.17363,385.7267,203.9758,54.308292,383.74203,205.03534,53.991035,382.08817,206.00395,53.59909,396.4334,199.6969,89.644684,402.10437,197.08237,89.86786,408.0713,194.89796,89.58887,397.16696,219.08646,-121.75983,435.84753,200.76343,46.984455,389.75702,247.61823,63.50413,401.28757,241.80252,112.189606,387.61862,326.61835,-191.62239,524.65204,305.3211,180.09113,218.36415,355.08643,-137.73703,384.4297,360.3421,414.03662,84.19277,326.79364,-27.319374,246.53137,334.6539,463.34167,43.895264,315.97107,-57.87451,227.87518,310.19092,485.5006,68.75552,300.94238,-27.168303,208.89284,312.32257,437.95203,90.38395,306.1877,-16.403217,211.2098,327.35788,445.9417,519.5525,691.1817,-119.292725,601.5093,668.9203,119.392525,410.94495,848.7956,140.0818,537.385,780.51624,455.99402,491.73398,1029.7539,194.11098,558.3492,950.5173,629.11383,532.0495,1063.8301,202.79268,591.6042,991.5123,649.6874,420.33954,1052.791,237.03355,475.9581,970.45233,722.7367
IMG_029.JPG,1427.2278,813.5519,-59.721886,1423.1403,791.9923,-51.94067,1418.936,788.1017,-51.79846,1414.7899,784.3791,-51.881805,1428.616,799.90704,-117.79105,1428.3612,801.12897,-117.59926,1428.0713,802.41583,-117.95915,1391.092,782.4607,29.639513,1409.8262,805.12573,-269.67126,1411.4031,822.6995,-25.055534,1416.5907,829.98926,-109.299614,1282.8828,838.9806,194.09088,1355.1146,866.17163,-466.5601,1168.3217,905.4426,361.8775,1314.0492,935.45325,-976.4833,1108.4508,970.23584,500.20602,1335.7196,915.45667,-1308.4833,1086.1699,982.29,536.6294,1341.8749,904.8744,-1402.7032,1090.4335,981.6991,506.49173,1332.7522,897.77,-1358.6371,1103.9395,977.01385,490.32455,1330.7399,904.0071,-1301.642,1098.5824,1023.10345,242.63582,1128.5642,1047.7686,-242.26428,1266.0773,1057.9135,681.5417,1317.1644,1089.643,-303.60596,1225.0553,1231.8165,1003.76337,1264.2572,1274.8749,-96.91005,1196.4352,1263.4812,1033.9211,1226.7946,1305.9655,-73.687775,1287.7947,1267.443,1031.5924,1342.5234,1314.9259,-120.752266
IMG_030.JPG,1350.7393,940.4109,-347.67328,1347.9272,919.92816,-325.925,1346.8845,918.36597,-325.88788,1346.0305,916.9461,-326.0764,1345.1611,922.73254,-377.9925,1341.8871,922.5194,-377.9311,1338.601,922.5687,-378.05762,1326.0474,914.9478,-183.48747,1317.5995,922.34937,-417.81635,1339.636,951.3021,-288.53235,1335.9644,954.0718,-354.26965,1275.333,977.0525,32.890926,1277.9186,988.2698,-518.56824,1312.8474,1038.2747,257.8597,1411.9823,1025.7675,-683.45184,1351.6675,1062.826,309.08652,1526.6027,994.4434,-670.8352,1359.0759,1065.4025,341.36316,1554.6643,990.85596,-747.3927,1354.7386,1066.5188,295.294,1550.0734,976.5145,-720.19464,1351.0752,1068.0278,288.0472,1537.5067,979.8561,-663.12775,1158.4042,1164.3196,164.56679,1138.6086,1191.0444,-164.1574,1316.5566,1175.6852,399.46252,1277.1595,1280.689,-232.02527,1247.7988,1297.2723,678.0917,1181.8247,1407.8689,11.400202,1218.0358,1317.0873,706.29956,1148.053,1418.6422,36.84576,1295.4498,1326.8307,717.2077,1230.357,1460.5939,11.821304
IMG_031.JPG,1336.3341,941.411,-337.0453,1331.7426,923.1554,-314.26538,1330.5463,921.93835,-314.37543,1329.5298,920.8896,-314.4498,1329.4115,926.3604,-372.23303,1326.0881,926.4,-372.09335,1322.801,926.7744,-372.18018,1309.592,923.742,-163.88568,1301.5889,931.12946,-432.85577,1324.6116,954.7596,-279.2238,1322.049,958.4252,-354.19067,1289.1486,988.2897,39.04385,1256.4877,992.98413,-562.32556,1415.7976,1006.7615,89.772194,1382.9756,1022.73425,-765.2471,1514.8413,995.01715,-90.89237,1497.5906,985.0627,-828.8858,1540.4243,991.4513,-106.755066,1525.9198,980.99786,-917.33716,1529.6802,980.79443,-157.7793,1521.1326,965.93665,-897.79346,1520.3535,985.4896,-122.10621,1508.5156,969.329,-825.23376,1168.781,1175.0118,189.23044,1125.5331,1193.6792,-188.751,1310.4666,1184.3477,400.9632,1263.4602,1288.6816,-497.2287,1220.7894,1297.645,606.0705,1187.18,1434.3273,-426.60535,1186.0419,1312.7871,629.4764,1158.3458,1451.9446,-421.39035,1271.2759,1341.676,627.9248,1244.7767,1488.5074,-525.6983
IMG_032.JPG,1353.76,702.27155,-126.225235,1337.7745,683.2414,-90.24931,1333.2302,683.86005,-90.24721,1328.9344,684.5417,-90.186005,1340.0847,683.1232,-176.97531,1336.7054,682.88794,-177.0426,1333.2688,682.84515,-177.42413,1295.7018,695.98926,87.96558,1300.5293,692.76904,-300.54926,1337.4462,726.6378,-55.929924,1339.8468,725.7584,-166.63719,1241.5264,815.3271,351.79712,1257.3073,799.9279,-503.32758,1411.4513,830.3784,408.37997,1437.8137,828.9854,-691.54724,1562.5653,834.4767,126.84173,1576.4215,803.20667,-588.3726,1596.7906,814.48755,118.48912,1606.6711,778.90393,-687.9789,1587.6886,808.12665,31.942083,1599.1051,765.61115,-622.8798,1575.6752,817.4215,79.722565,1588.6917,778.19006,-566.13354,1107.2764,1097.3052,268.80286,1107.7542,1108.7621,-267.99982,1290.0721,1182.2316,517.24384,1342.3757,1193.4551,-261.65332,1215.0127,1356.4849,851.11017,1268.0908,1373.8002,142.33945,1182.4749,1382.2346,880.36676,1235.9154,1399.6183,187.66461,1264.2524,1386.2982,914.65283,1314.4707,1393.0654,234.3356
IMG_033.JPG,1351.9188,698.7255,-227.28578,1337.2949,681.6416,-195.95032,1334.1216,682.337,-195.94193,1331.1611,683.2494,-196.01463,1337.5256,681.57184,-269.82928,1333.9692,681.40686,-269.6034,1330.4799,681.5546,-269.60968,1300.7738,696.7471,-21.198843,1300.3384,693.5749,-360.29175,1338.3413,724.0377,-158.56479,1338.1757,723.20087,-254.33539,1251.9261,808.923,256.62668,1276.772,801.3372,-521.4552,1414.9896,821.21124,333.17004,1456.8568,826.6834,-683.1635,1559.8643,816.274,119.235794,1587.439,795.92615,-670.43036,1590.0134,798.2418,109.533966,1617.0624,779.82367,-777.14105,1585.4314,794.4903,33.746193,1608.8657,765.89777,-731.59973,1575.7811,802.7031,78.10724,1597.9575,775.1584,-658.27075,1126.9197,1092.6436,248.21074,1132.5951,1103.7278,-247.24127,1281.6566,1151.005,560.8078,1361.9489,1148.8376,-207.31538,1192.1241,1313.625,914.62585,1243.2603,1322.1287,184.59125,1154.4668,1338.4037,949.75336,1200.3395,1344.5999,229.611,1246.15,1353.7612,1001.0685,1280.9617,1368.0712,285.03702
IMG_034.JPG,1370.1146,703.715,-211.68774,1356.176,683.32764,-181.20999,1351.9904,683.2686,-181.20226,1348.0408,683.3777,-181.13379,1358.625,684.13074,-260.26852,1355.443,683.81506,-260.20236,1352.2739,683.8209,-260.40546,1314.2072,693.09296,-17.05427,1319.2104,693.3818,-375.67456,1352.411,727.10266,-148.02913,1353.8807,726.7446,-249.12823,1264.523,806.08215,256.8359,1265.6719,797.96356,-571.3853,1420.8286,802.9621,364.3242,1442.0608,816.5376,-773.79504,1561.8171,787.328,156.24777,1581.0684,772.23676,-750.0805,1591.6982,768.7976,151.73633,1612.9099,755.9415,-853.5967,1586.2905,764.9463,73.45587,1604.5925,740.6977,-803.861,1575.4512,773.7994,113.72868,1593.8292,748.7918,-734.16595,1131.2349,1079.1799,254.74289,1124.0383,1087.0676,-254.05333,1272.2869,1139.8881,594.80707,1356.88,1140.8501,-267.70502,1176.1093,1291.3059,962.6037,1241.447,1306.172,136.2656,1142.3818,1312.3209,997.9245,1200.7903,1326.4194,184.03825,1211.8739,1326.8998,1065.5304,1269.887,1349.4213,261.04395
IMG_035.JPG,1355.2052,755.3996,-230.941,1348.1896,738.3815,-203.15057,1346.0752,738.1236,-203.08229,1344.2925,738.0629,-203.1312,1345.604,739.4231,-265.96625,1341.8231,738.92883,-265.68317,1338.0426,738.67676,-265.93768,1323.0958,748.70636,-35.133205,1315.0897,748.22375,-318.275,1344.342,777.44696,-166.95944,1341.317,778.26825,-246.34674,1271.6942,847.85205,220.87419,1283.8406,840.51025,-496.534,1425.3624,877.39185,224.68146,1455.044,875.9918,-664.2035,1552.8325,873.4648,20.992504,1588.8413,858.89246,-660.9125,1586.709,847.4469,8.705865,1623.7751,836.3287,-762.8028,1574.0173,840.29877,-59.17078,1614.8016,821.40656,-719.43085,1564.5615,850.8638,-19.92506,1600.8641,832.9619,-650.3321,1078.9757,1082.009,227.43272,1072.8838,1088.1036,-226.56369,1242.6932,1161.2527,321.33063,1295.0488,1177.0052,-315.70953,1169.6364,1369.7712,512.07086,1211.8479,1388.2135,-126.20387,1131.6775,1407.6661,528.4754,1178.9578,1429.7466,-113.224106,1256.0139,1416.321,474.26758,1293.4961,1416.8568,-172.9148
IMG_036.JPG,1365.0061,746.3585,-176.40143,1351.7874,731.00867,-141.15074,1349.4542,730.24194,-141.14755,1347.4402,729.61066,-141.0637,1349.4073,734.3148,-204.86105,1345.7766,735.2061,-204.60364,1342.0677,736.3322,-204.8252,1324.4221,739.925,24.117079,1317.228,748.1389,-258.76627,1355.0177,767.37366,-113.986824,1352.5046,771.31085,-192.52164,1277.5874,839.24615,251.39314,1282.0295,831.69434,-467.87878,1336.6702,878.8769,403.2407,1408.5663,883.8403,-651.73096,1392.7617,857.60364,351.8692,1530.7274,847.4141,-575.2664,1400.1495,844.0792,340.23596,1558.6543,836.7725,-655.3042,1393.246,829.5023,293.6191,1552.8586,820.7469,-643.3998,1395.8152,837.41266,324.48846,1539.459,826.5786,-571.73315,1101.7168,1053.7213,233.2981,1083.9021,1059.2859,-232.79663,1280.0402,1118.9913,305.38876,1296.9819,1118.9045,-411.10266,1206.2368,1331.065,502.68134,1204.4155,1338.1097,-303.73636,1161.0916,1367.2234,516.2412,1158.1744,1379.2538,-298.63083,1292.7712,1382.2385,450.16614,1299.3589,1385.9108,-387.56314
IMG_037.JPG,1371.1359,743.475,-313.3914,1361.4766,730.3904,-282.71536,1358.9229,729.50757,-282.5726,1356.7262,728.824,-282.37775,1358.7136,732.267,-347.6627,1354.787,732.18353,-347.39566,1350.9216,732.35236,-347.6265,1333.808,737.4561,-94.25047,1326.9175,741.77997,-389.6422,1359.6058,762.8881,-242.81879,1357.5498,765.84485,-326.02167,1292.9348,830.47314,150.8776,1288.5979,831.66406,-568.54474,1404.2812,851.7333,235.22804,1445.9369,863.12695,-766.36865,1500.2524,848.32355,90.655396,1575.3083,854.05853,-798.0325,1520.3822,813.9203,69.748375,1604.4277,825.1436,-920.915,1510.0251,808.3164,1.3390534,1594.49,810.5757,-877.6645,1508.2582,823.301,50.837845,1583.6931,820.6646,-789.4332,1110.5264,1056.9042,223.13083,1099.3436,1060.4851,-221.88036,1268.2537,1156.5211,343.59387,1290.8865,1147.7108,-381.5472,1182.4001,1346.5092,551.53754,1217.1836,1350.7676,-151.49326,1140.6471,1373.2742,572.7591,1184.6069,1386.0988,-130.05965,1251.1307,1389.7725,495.1265,1288.5852,1379.24,-175.61418
IMG_038.JPG,1432.0073,872.44586,-54.290558,1420.617,851.46027,-40.586315,1416.9419,850.3855,-40.168644,1413.4072,849.30457,-40.2053,1422.619,853.92505,-91.83829,1420.2104,853.64197,-92.213684,1417.7451,853.67224,-92.92075,1385.9392,856.04285,35.912346,1393.8821,861.152,-194.75665,1420.2654,892.1682,-19.404436,1421.3489,893.27594,-85.77048,1330.1721,965.7539,242.98874,1382.737,953.61176,-351.2535,1426.6697,999.5412,507.3769,1559.019,983.5884,-425.6863,1514.3805,1023.3368,673.1847,1712.5598,971.9982,-323.14072,1522.7373,1021.57056,724.00726,1744.76,958.06445,-375.31488,1528.572,1022.72546,672.27264,1740.2297,945.3842,-334.33597,1531.4375,1027.1426,656.1814,1726.4135,956.30176,-302.2636,1262.1788,1272.2095,177.06108,1286.5964,1277.8187,-176.73698,1387.9382,1241.2795,488.78088,1464.0905,1222.6344,-114.941414,1326.3127,1410.5402,689.77356,1383.142,1413.5194,194.61601,1299.6296,1438.0549,715.3781,1342.9768,1439.1272,238.87091,1369.5669,1449.0739,781.19604,1433.2593,1467.6135,334.9524
IMG_040.JPG,1376.6254,775.9655,-353.15158,1373.961,757.4442,-333.5571,1372.3582,756.04486,-333.53253,1370.9332,754.8277,-333.43335,1372.0397,761.6481,-390.83746,1368.7268,762.0363,-390.6554,1365.3966,762.85675,-390.65244,1352.8723,760.8837,-191.30562,1345.3826,769.65674,-456.69354,1366.5709,792.62054,-296.10928,1363.9949,795.5229,-371.26154,1307.4548,816.0636,57.503647,1319.6471,857.29285,-570.4443,1451.8646,810.73706,175.3109,1483.4117,853.75806,-776.36163,1568.7346,786.8486,-6.253518,1615.2695,821.5581,-774.6393,1591.662,761.42175,-4.765286,1645.9467,802.2264,-860.82794,1591.5796,756.6656,-74.70536,1635.748,783.6894,-813.32104,1585.3322,771.4895,-42.793003,1624.3947,789.65436,-758.22925,1178.4587,1052.0544,213.26149,1175.0905,1084.5035,-212.82838,1340.7197,1064.5126,429.0453,1379.413,1148.1085,-322.81702,1240.808,1230.8098,731.7605,1242.4224,1287.0009,-64.04133,1205.9988,1262.8113,765.7929,1199.0487,1304.6301,-36.937862,1299.3,1259.2897,840.4236,1300.4805,1328.5815,-9.4204445
IMG_041.JPG,1335.7562,612.05005,-136.33731,1324.0159,589.62286,-112.98125,1322.4977,589.2409,-112.672165,1321.2075,588.9525,-112.80147,1319.355,591.52936,-172.35269,1314.2312,591.6884,-172.40784,1309.1632,592.1477,-172.98952,1295.0771,598.8542,39.406647,1280.4558,603.0563,-226.21545,1327.4309,637.9079,-74.4172,1322.0088,639.66705,-150.09549,1226.7947,736.5946,296.86075,1269.6779,719.7488,-398.72205,1322.5739,776.59595,476.9728,1473.7336,754.6333,-508.31213,1415.0206,775.5732,503.86276,1640.9153,727.4745,-397.39124,1425.0757,761.91833,552.54706,1681.2462,710.6554,-466.62613,1431.7792,764.705,495.70938,1671.2051,695.6245,-420.49683,1432.2704,773.8537,481.32614,1653.9287,706.79114,-379.10278,1104.4229,1083.054,221.28868,1107.986,1102.4392,-220.40312,1396.7662,1059.7098,504.02164,1399.1477,1114.343,-229.90308,1293.5151,1259.1575,658.5504,1228.9755,1313.1737,81.54797,1247.252,1289.7506,673.52594,1169.6227,1334.4025,125.079666,1367.6257,1292.3835,766.8779,1292.6753,1356.3662,245.23285
IMG_042.JPG,1343.6364,721.1479,-166.63803,1333.3845,704.659,-132.49391,1331.6018,705.0695,-132.4758,1330.1134,705.65063,-132.72495,1329.5107,704.71985,-190.33647,1324.785,704.1465,-190.26462,1320.0275,703.9344,-190.46608,1306.4851,718.3259,20.011848,1291.7432,715.10065,-236.46513,1332.9458,745.71655,-109.108055,1327.4365,744.54584,-182.68279,1261.5695,842.06775,218.3707,1242.6198,807.9256,-381.25363,1346.0961,844.5238,503.7857,1414.7228,789.2185,-583.51184,1433.8934,834.8182,546.46027,1568.0618,743.50354,-586.8555,1442.6722,816.34064,585.86194,1598.3706,717.9789,-670.251,1446.7678,813.278,525.3404,1588.7946,707.0221,-625.1099,1445.1207,822.1605,518.1594,1580.9158,717.8231,-573.8993,1112.363,1079.1799,185.06268,1083.0546,1069.8405,-184.58127,1260.9932,1171.067,195.53278,1257.5934,1182.8,-331.38687,1193.8018,1338.623,401.48746,1195.0201,1346.474,-57.89943,1164.3354,1361.5842,421.2067,1167.2397,1360.5083,-26.863157,1239.38,1385.6143,388.0109,1232.5527,1403.6697,-53.435463
IMG_043.JPG,1342.9772,702.3586,-204.37392,1331.0598,684.9089,-180.68831,1328.5692,684.67596,-180.65457,1326.3496,684.6564,-180.7354,1328.6094,687.12616,-239.33563,1324.346,687.3832,-239.20383,1320.0901,687.9422,-239.39827,1304.3086,697.58215,-38.203655,1294.4448,700.30963,-303.493,1333.5513,725.5574,-148.2156,1330.6544,727.3636,-224.0885,1276.127,806.1625,170.21553,1258.0652,787.6588,-437.01123,1421.8579,798.9613,256.20825,1416.67,771.6963,-638.4896,1546.5376,754.3609,66.16912,1566.9941,722.4122,-649.6565,1573.3839,720.0081,62.51919,1602.408,693.3232,-739.75195,1570.7094,715.3874,2.791282,1588.5508,677.3178,-698.6706,1563.3728,728.8905,28.26019,1578.1996,688.48114,-639.63403,1116.9417,1048.1604,186.14249,1089.3662,1047.7836,-185.41653,1252.1946,1163.485,240.07803,1236.8894,1198.3082,-216.85793,1215.3857,1354.1462,404.08694,1179.3507,1367.1123,13.669944,1188.3126,1388.8713,417.46436,1156.7363,1395.3417,30.421745,1289.3357,1393.2644,361.92535,1232.921,1400.1759,-45.99566
IMG_045.JPG,1223.0366,823.4404,-105.49385,1230.4413,805.89716,-143.42682,1233.9891,807.06647,-143.21298,1237.7272,808.21936,-143.44038,1228.9976,799.07794,-94.51326,1230.279,795.62213,-94.424286,1231.868,792.44727,-94.28648,1261.5626,816.2197,-239.0325,1254.8008,793.8422,-18.060158,1239.3761,845.48395,-134.15198,1234.5376,838.44434,-69.73317,1284.785,903.31476,-346.50208,1323.747,868.81256,152.08545,1116.4241,905.1912,-454.223,1206.0756,900.1592,257.00064,970.0488,863.0288,-378.21313,1098.3239,883.8648,138.18936,932.9196,854.7806,-436.06418,1077.9962,864.8566,150.36322,936.8176,839.9763,-405.69226,1068.832,866.5441,97.85012,953.8861,848.1247,-368.33344,1074.6556,880.6725,113.609406,1434.5269,1186.7482,-170.03635,1447.854,1154.97,170.69151,1227.2634,1148.3074,-127.81802,1256.71,1137.1403,322.3689,1343.1158,1322.9436,147.87395,1342.6511,1319.3058,507.71243,1387.4475,1338.7412,178.06805,1380.7538,1337.655,523.3266,1302.5928,1379.9944,261.163,1295.4011,1388.7808,585.9573
IMG_046.JPG,1217.1995,749.49695,-384.68817,1229.8326,734.6287,-426.41925,1233.8031,735.5269,-426.50058,1238.0156,736.39575,-426.45706,1229.0713,733.4916,-359.42133,1231.4692,733.4988,-359.31595,1233.8093,733.72906,-359.12714,1267.4962,747.90955,-533.0268,1260.9949,745.116,-225.74358,1233.2676,771.7948,-422.0367,1230.7693,771.26086,-332.45972,1320.4425,864.2398,-643.7164,1280.877,816.2316,-26.997421,1211.9133,919.5482,-733.9786,1178.1139,872.5203,53.42427,1058.377,882.18604,-765.53796,1069.5402,873.53735,-118.991974,1017.9058,873.3646,-871.39453,1044.925,860.17035,-140.68005,1019.619,846.0146,-839.1172,1044.2894,854.5311,-220.36974,1036.4412,856.9724,-756.8126,1051.9469,867.35333,-156.69948,1281.5972,1085.1528,-180.43715,1241.502,1031.4609,180.55374,1200.3501,1146.0308,-431.15497,1157.734,923.05066,78.78663,1324.1212,1246.4723,-123.477554,1103.095,1058.563,175.2346,1354.3285,1255.0286,-84.32113,1107.8931,1092.9417,187.55438,1289.7614,1277.1542,-94.88969,1033.6423,1056.3418,193.79681
IMG_047.JPG,1238.1211,648.60266,-131.06142,1248.8431,630.1275,-185.42998,1252.1572,630.3136,-185.33623,1255.7122,630.5572,-185.35162,1250.6337,627.9747,-113.13114,1254.1836,626.7073,-112.985115,1257.882,625.7858,-112.91507,1286.4696,640.6452,-334.432,1290.2676,633.7858,-8.104937,1254.7719,672.6374,-178.7334,1254.7861,670.88086,-84.038925,1331.3984,749.35333,-503.71707,1345.4492,731.99304,218.21083,1202.5892,817.5425,-574.8041,1250.4113,790.92303,438.24692,1067.1628,784.6485,-427.92496,1150.3813,776.19824,438.5265,1033.8739,775.8682,-501.70868,1130.2982,762.8335,467.98895,1034.1667,760.9389,-478.8001,1122.2097,754.24384,411.13004,1050.7727,768.5789,-418.4097,1126.9045,765.26324,413.73303,1394.0166,1033.4941,-234.1247,1396.9794,1008.2475,234.61098,1207.0867,954.83246,-320.33234,1237.618,946.9285,557.481,1337.648,1164.0609,8.399952,1333.6993,1119.7216,766.9303,1387.6019,1195.3417,48.827003,1374.9214,1146.7185,794.1845,1272.9001,1219.4006,97.18202,1274.5846,1167.4078,871.65375
IMG_048.JPG,1213.9491,670.49677,-165.56642,1221.1481,651.5975,-209.01236,1224.695,650.6317,-208.86833,1228.4141,649.70654,-208.91492,1220.2483,652.2717,-145.23355,1222.3741,651.92267,-145.06512,1224.5985,651.9167,-144.92084,1257.5369,653.9218,-318.2501,1253.3157,657.10754,-28.901802,1233.1245,688.79205,-198.9513,1230.905,690.7413,-114.77931,1317.7668,748.4498,-462.7851,1299.8033,738.56384,180.34036,1186.7931,808.5,-581.09106,1190.9917,788.78564,332.09964,1051.2245,788.91003,-502.50177,1077.0568,779.5976,211.96484,1019.22217,780.55505,-582.2365,1051.3867,766.58356,220.20322,1021.947,768.14984,-565.6079,1046.7083,759.2794,160.64803,1035.8726,775.98016,-496.63663,1056.369,770.85974,183.60985,1393.0037,1026.1808,-210.70802,1375.5474,1004.0027,211.09016,1210.7589,951.32715,-317.7555,1207.0333,969.21796,428.99326,1308.3885,1168.4045,5.860655,1286.8335,1154.5742,591.86206,1349.0415,1203.8729,39.17205,1322.8755,1182.6416,610.7977,1235.4537,1214.6996,45.720444,1221.5311,1200.8456,645.9571
IMG_049.JPG,1158.7687,672.92633,-26.854008,1175.9653,657.8011,-64.26511,1179.6276,658.8547,-64.06008,1183.44,659.71277,-64.169716,1176.0115,655.6846,-3.4855244,1178.5688,655.53424,-3.631227,1181.4369,655.64557,-3.7750845,1209.3596,672.47516,-158.21686,1205.6917,668.03235,113.54872,1168.1683,695.259,-56.20933,1165.9891,693.01465,23.046803,1224.3168,763.70404,-263.52518,1250.458,763.4081,274.5064,1060.7189,779.0114,-369.47943,1089.9128,788.37384,317.21686,899.122,769.93207,-326.34915,969.7084,787.1394,162.65048,852.3583,748.97516,-403.44666,946.8445,755.8207,170.92386,863.63306,732.1661,-349.85034,939.54126,758.6951,100.783165,882.05176,741.3786,-311.10455,945.08167,774.55475,128.26674,1417.3516,1023.3017,-180.0276,1429.9282,1009.99634,180.5769,1239.9331,1130.6638,-180.55786,1273.0667,1120.388,239.02509,1284.21,1351.772,6.4734645,1302.0245,1335.7346,418.02203,1314.1522,1384.7192,18.792818,1331.0582,1365.5809,431.26556,1203.0608,1391.6613,-63.077454,1227.041,1398.3108,371.03314
IMG_050.JPG,1159.4984,701.99384,4.1258354,1170.9353,687.8552,-35.6532,1173.2822,688.91943,-35.55164,1175.7625,689.8443,-35.815826,1173.2957,685.50726,16.785326,1176.4207,685.0635,16.749733,1179.8499,684.8792,16.708265,1197.828,702.90735,-145.5736,1202.8225,696.6543,89.68767,1168.3802,723.918,-29.482029,1169.1665,721.5686,39.257477,1212.9116,790.2894,-265.13766,1257.0367,779.63086,243.42996,1057.2129,796.8446,-355.5351,1103.23,794.1041,304.53317,901.1813,764.5121,-305.68997,981.7215,790.43695,155.83554,856.8037,744.71136,-373.16956,959.3672,767.5502,162.22449,866.8474,729.0339,-327.22638,952.4917,771.5841,99.14895,884.9484,738.4588,-292.2386,956.80164,785.7252,124.649124,1409.0764,1041.3843,-184.63905,1428.3154,1023.4253,185.46005,1245.9202,1157.8168,-172.5379,1268.9937,1112.6123,306.67554,1292.1332,1369.6902,-42.38354,1307.3334,1312.7756,487.44077,1322.8984,1402.9669,-35.28557,1338.2216,1341.4937,501.34668,1205.1885,1407.7139,-108.121,1225.7759,1370.2772,479.0552
IMG_051.JPG,1146.7808,1163.4209,7.7127404,1136.8179,1175.583,-13.433608,1135.2607,1175.3663,-13.153911,1133.2958,1175.099,-13.368588,1141.1287,1174.7867,9.965058,1142.5818,1174.7922,9.792514,1144.1143,1174.5748,9.541715,1137.4716,1169.7428,-57.274765,1149.635,1167.1599,65.26915,1154.2115,1151.0292,-3.712593,1159.9045,1152.0115,30.767483,1207.0962,1124.2019,-183.30536,1203.6157,1116.7678,156.35066,1298.5889,1265.198,-219.38666,1270.0713,1233.8359,188.33624,1347.2491,1347.0648,-156.83366,1320.3278,1315.745,80.78339,1368.1176,1368.5841,-198.15607,1330.9808,1336.2529,69.14712,1354.7097,1362.366,-189.3702,1327.2352,1330.7395,38.300575,1346.3958,1355.0208,-154.54362,1325.2473,1323.8525,62.332417,1390.7428,859.2741,-92.07689,1384.1467,855.3891,91.76841,1260.8867,643.46216,-199.65071,1242.7231,671.07355,124.675995,1069.3256,650.803,-8.217334,1104.3113,626.1942,260.51276,1045.128,659.5222,13.109631,1093.2592,628.28357,271.36115,994.6675,638.5442,-20.611122,1044.63,609.0063,196.45605
IMG_052.JPG,1175.2646,632.6685,97.26185,1175.1201,613.3295,63.450195,1178.5391,611.6262,63.531242,1182.2454,609.73376,63.33599,1173.5502,612.30945,112.90404,1175.6683,610.06573,112.9951,1178.0157,608.1602,112.81683,1208.4269,602.286,-35.480515,1200.5638,601.6206,191.65611,1195.2003,642.2056,67.58455,1192.9113,641.7611,133.9263,1256.6816,652.39594,-184.93915,1285.9153,672.0866,351.75693,1065.5039,640.554,-285.39426,1104.486,694.57874,426.14258,881.9127,642.54095,-189.65372,978.02,704.2168,310.74658,836.58325,603.96686,-243.46375,963.6848,662.304,329.2049,853.4956,594.543,-177.4671,953.0055,664.23615,258.8782,870.0115,610.6348,-164.15086,954.80237,681.8071,280.01883,1419.0901,975.4489,-168.04071,1432.0137,977.54364,167.82986,1211.2649,1105.8462,-188.40378,1260.2249,1119.6788,215.04568,1332.046,1333.0364,-5.8515215,1320.232,1346.3336,366.28128,1381.4695,1352.7123,16.338022,1363.9744,1374.3179,375.22852,1292.6744,1402.112,34.53622,1252.1781,1430.1683,336.0602
IMG_054.JPG,1403.6512,697.80566,-170.19095,1399.9767,672.0462,-151.88162,1397.3137,671.1055,-151.82117,1394.8802,670.39233,-152.02788,1397.9127,673.7705,-212.35933,1393.4857,672.73865,-212.33244,1389.0675,672.07715,-212.44926,1364.1864,674.86536,-19.341988,1355.5695,675.8455,-292.41083,1383.0962,719.44684,-116.02958,1379.7125,719.6959,-194.29884,1279.2172,783.5039,211.85828,1285.1677,767.30725,-444.99832,1469.7289,809.05817,276.87793,1474.676,812.6431,-626.67065,1627.013,793.4569,56.126686,1657.8937,801.2816,-585.0725,1662.0669,762.4932,59.433514,1704.177,778.4365,-677.9841,1661.853,760.3984,-11.850524,1693.1252,758.85315,-619.6395,1651.5771,776.38794,13.869233,1675.5525,769.4932,-566.48706,1040.7747,1032.5597,211.88719,1029.0099,1034.0251,-211.24998,1240.1047,1105.8278,322.06946,1247.0599,1151.7181,-281.26523,1153.004,1338.8605,556.5737,1135.7462,1393.3569,-66.7166,1113.8899,1373.9089,579.4076,1092.5076,1419.3047,-44.701675,1218.1952,1398.1047,587.54926,1192.4795,1458.3678,-68.54979
IMG_055.JPG,1355.2427,711.85724,-222.34415,1356.7762,681.1995,-211.8139,1354.8071,678.83844,-211.67902,1353.0862,676.71027,-211.8875,1354.0961,685.31744,-270.83356,1349.6595,684.35803,-270.7969,1345.2478,683.7762,-270.8576,1322.4183,672.5768,-97.752686,1311.4106,681.23615,-364.02277,1332.8499,727.8327,-174.15335,1328.6484,729.87054,-250.60617,1222.1616,755.6415,126.22006,1237.5674,764.8698,-512.1083,1418.7538,777.75287,184.89388,1456.183,802.5608,-679.4891,1602.2417,756.71466,-11.07334,1660.3042,780.936,-623.14197,1644.7566,724.28357,-3.2301574,1711.9636,759.4717,-716.0194,1647.8973,723.1077,-70.7897,1703.539,736.6172,-655.6977,1634.2628,738.9118,-50.828125,1683.4169,746.0121,-602.5095,978.5828,1033.5055,204.50839,970.33215,1053.6139,-204.2002,1186.2603,1128.9857,321.1696,1222.787,1193.6445,-248.09348,1114.8335,1360.6224,520.7024,1096.2626,1395.3342,17.690607,1078.5125,1396.1735,542.79755,1047.9166,1410.4355,51.000866,1178.9269,1419.3303,588.27386,1138.2515,1459.7928,108.673935
IMG_056.JPG,216.43166,645.98895,226.01857,209.01898,662.0589,219.55746,204.33844,664.0159,219.56305,199.6225,666.1266,219.35275,216.59512,656.76965,251.80478,218.52611,655.1716,251.55618,220.48657,653.37726,251.22992,177.07632,658.58813,193.09334,205.26085,642.0951,345.10083,197.96312,630.59296,214.16682,209.02092,624.4578,257.37262,131.77747,570.89,96.10795,189.409,565.9851,297.64395,249.42982,466.02875,72.43005,257.12918,483.7901,182.30016,308.78204,532.44135,110.18165,229.22786,551.5507,11.133972,325.4772,549.78125,98.25029,220.45119,567.052,-16.507896,309.8947,561.93024,93.7905,216.42932,580.719,3.6999893,305.5646,554.7763,107.45643,213.75995,572.7921,14.148005,141.60004,326.12256,-74.84221,182.31955,333.94897,75.366486,261.71976,329.24075,-191.52333,337.8258,309.11868,64.06783,375.40552,249.99274,-249.60844,497.89584,261.88397,15.110671,383.1107,223.29356,-247.47932,510.1503,235.67403,9.436347,438.41022,249.03111,-293.3595,582.68994,269.68054,-40.18218
IMG_057.JPG,338.05627,173.29294,-270.8554,327.6023,143.06076,-274.64722,327.59607,140.96382,-274.45624,327.81784,138.95508,-274.5389,321.70047,148.28761,-316.3569,315.8152,149.04993,-316.52435,310.10092,150.07748,-317.00015,297.4815,141.96085,-188.11649,274.0696,157.3777,-374.43784,327.3161,191.63055,-230.25247,317.05417,196.00739,-283.25412,259.33984,229.1381,-15.559073,230.19843,265.64148,-428.09616,380.05325,245.23856,66.45127,420.44843,326.3007,-489.73404,503.5169,219.13434,49.040794,606.58527,277.38007,-456.11136,532.879,207.59482,56.52577,654.59314,274.18112,-506.77655,535.0682,207.75584,22.354128,651.79565,246.00545,-491.7557,522.3637,218.45514,30.304333,633.858,249.1093,-449.24695,174.76262,533.2911,128.7722,149.99553,568.0048,-128.34532,319.155,514.1332,281.0031,381.97534,556.65076,-217.17291,190.74454,672.99884,473.73877,227.97284,696.4683,30.591454,147.33882,694.7955,498.04587,175.78119,707.26776,63.200455,239.75513,727.4786,589.2611,277.99738,759.2542,154.8385
IMG_058.JPG,373.04944,163.9247,-350.39127,356.49637,138.63338,-341.68234,356.45703,137.08002,-341.42,356.8304,135.67729,-341.7398,349.89832,143.937,-388.23526,343.90665,145.40247,-388.29373,338.07098,147.09157,-388.32132,333.30798,143.97632,-218.10223,310.7728,159.27364,-425.5245,370.97162,185.75987,-294.93192,361.35458,191.60878,-354.30246,307.96982,258.74982,13.3414135,316.3961,262.46603,-491.84396,445.6041,339.9502,142.13287,525.75836,297.43228,-567.75134,575.0361,365.11417,92.08899,707.6685,223.52592,-530.86597,600.8542,361.02106,108.81868,756.19904,201.48347,-602.8941,601.64075,361.48773,51.435947,741.0678,173.71355,-579.71936,592.5847,369.29987,64.40299,722.43787,185.22133,-525.40656,185.18048,594.8244,149.85289,164.76553,628.8775,-149.00563,406.20932,570.81335,340.30045,339.46945,793.9511,-143.46591,383.54706,749.93085,609.7055,285.20688,1016.1631,101.10399,352.30917,791.9208,637.29126,246.1973,1041.6757,128.90865,474.82364,765.0215,680.6045,365.40698,1088.3286,89.478065
IMG_059.JPG,290.9866,240.11046,-33.96325,277.3021,222.09947,-29.637222,275.15594,221.33144,-29.356554,273.3339,220.5883,-29.740858,276.4361,225.48167,-74.36031,273.27084,226.51509,-74.1317,270.251,227.73982,-74.14694,253.7926,231.94795,27.360115,250.30226,240.46414,-166.82315,286.055,262.64792,-4.389978,284.19778,265.80478,-60.071884,218.08589,365.39615,174.95354,258.85318,340.62405,-281.21204,300.48666,510.46918,281.58658,414.41705,378.6452,-311.24136,406.22385,607.6784,282.5696,560.33936,304.71887,-184.1107,430.43686,621.9086,328.24664,603.36993,282.4895,-219.0209,441.9299,629.569,282.48273,595.6427,265.7358,-198.73967,430.83353,630.2827,265.97998,579.56024,278.14084,-177.27116,138.86935,662.1702,151.90605,152.61871,675.83203,-150.71884,326.82147,718.9748,370.9219,358.68396,800.16785,-191.51581,233.52739,812.125,617.3715,193.68178,997.0171,-77.568146,196.90817,823.2362,642.70074,139.86386,1013.5619,-58.83461,273.5119,838.36786,691.24896,254.60155,1081.0785,-28.963972
IMG_060.JPG,286.97522,180.95154,-286.4622,273.4813,156.9723,-279.00854,273.67822,154.99161,-278.84995,274.26868,153.05704,-279.27588,267.7337,163.35406,-318.99777,262.4993,165.30275,-318.8123,257.52075,167.46739,-318.93567,251.40831,161.91026,-184.21231,229.88458,180.77808,-355.59473,282.58185,200.66257,-243.99031,273.16528,207.30563,-292.9705,235.53674,279.96362,-10.608804,206.74458,287.6425,-400.09973,320.75372,417.92014,104.82688,372.79367,317.63715,-433.54938,424.03738,501.96252,83.387474,531.94,198.20529,-393.19952,453.684,520.221,117.13048,577.56995,174.34618,-444.4825,457.62332,527.07367,70.5197,567.94574,152.01501,-434.11343,440.40857,528.7993,63.07743,550.4466,162.95255,-392.5957,148.92247,586.15173,136.4687,121.69403,617.8868,-134.94398,331.38483,684.7063,282.50122,342.2052,717.2453,-242.1227,210.5019,819.09644,541.5746,169.96217,889.4815,-83.59542,166.13748,835.53296,569.75793,110.88732,903.39856,-60.205524,259.31802,870.6686,646.3616,234.5966,962.6756,-6.555247
IMG_061.JPG,495.35654,311.83276,-55.465363,493.82135,285.00568,-52.385715,491.62714,282.65738,-51.9759,489.67587,280.51376,-52.11361,492.52658,288.50052,-92.14748,489.61707,287.88623,-91.84114,486.72665,287.59302,-91.75222,460.8735,277.2514,11.404535,459.20477,287.4886,-163.64871,477.09738,327.0759,-21.626274,474.4017,329.3756,-71.382904,341.50366,337.80807,174.65804,438.24738,392.25357,-256.19617,451.91617,412.78256,353.22528,618.6516,421.72995,-332.77008,604.91675,480.24744,409.0686,778.436,369.0458,-194.3979,637.4755,483.42755,442.89114,825.9711,352.98416,-242.80475,648.50226,492.37363,386.32803,810.85223,329.64468,-210.70828,639.1077,500.79047,387.40118,789.9265,336.82593,-183.62007,160.2775,669.9772,135.42192,198.48807,717.56445,-134.54166,350.76514,781.4657,344.5569,445.92252,804.7417,-64.60095,246.21513,963.84235,620.8336,287.46323,998.8585,152.01628,209.23796,983.94904,648.74457,236.4371,1011.1002,184.13289,273.78812,1025.7288,710.5214,315.33188,1081.1027,283.20154
IMG_063.JPG,1453.3799,493.31396,-285.16867,1442.5209,459.19638,-284.09213,1442.5316,458.85382,-283.93463,1442.8523,458.55533,-284.2397,1433.5353,459.96967,-347.49414,1425.1262,458.7347,-347.71808,1416.7458,457.78247,-347.70575,1402.7001,466.31265,-169.05338,1367.1543,464.53046,-457.05945,1435.0767,522.73987,-229.56644,1421.7848,521.4048,-311.5803,1353.6229,581.7495,55.72002,1302.1783,612.48,-551.66016,1517.4835,670.3311,226.52823,1510.5873,738.3631,-606.4814,1680.7493,652.54877,172.77544,1718.9337,686.96,-516.2606,1723.9834,625.23145,164.6981,1778.0365,665.5229,-585.6735,1730.5468,622.3984,115.72662,1768.6008,627.8583,-568.7978,1709.751,639.2045,144.19237,1747.9028,640.1184,-513.32635,1248.7565,964.45667,205.47523,1206.4565,1004.6666,-205.15009,1424.9725,1082.9468,514.3352,1405.1158,1205.9722,-128.05498,1373.8666,1203.7532,866.8574,1245.2812,1341.8677,151.0893,1330.1814,1227.3718,907.5879,1182.5935,1348.0916,191.54616,1465.1605,1253.2771,983.8879,1315.4169,1442.2831,247.28116
IMG_064.JPG,1123.8933,597.6491,-99.78171,1131.342,579.22327,-120.43464,1135.7025,578.05426,-120.322266,1140.1566,576.7972,-120.416885,1125.7104,581.2371,-70.478386,1125.091,581.4896,-70.38774,1124.6752,581.9549,-70.363556,1166.3376,581.9932,-135.475,1145.8047,587.7039,81.13606,1146.0619,613.4448,-105.3899,1136.0834,616.4452,-42.897907,1234.6394,661.7718,-317.24374,1197.0216,683.929,251.28867,1152.3378,756.7268,-344.97128,1127.0503,782.8557,56.4642,1090.5105,752.33905,-41.14204,1075.1637,757.235,-344.12888,1072.6002,749.9079,-53.580933,1056.5542,756.98895,-392.74826,1092.8497,743.7379,-67.299034,1071.1925,735.5503,-390.71262,1103.7106,746.51276,-37.312435,1082.5867,739.0547,-357.52353,1418.8165,879.6911,-186.50581,1378.4473,881.9146,186.50049,1211.4434,991.6446,-283.67224,1212.7782,982.25726,72.580025,1303.4758,1190.7726,-226.79771,1319.4966,1175.6317,112.08766,1350.2634,1220.7433,-229.9356,1359.362,1202.3541,109.38912,1211.0088,1264.9368,-340.18024,1250.176,1258.0164,29.325073
IMG_065.JPG,1113.8234,604.44324,-97.56232,1122.3965,586.09753,-129.88435,1125.7838,585.36676,-129.82722,1129.3081,584.55255,-129.86375,1121.2024,586.73285,-70.141846,1122.7844,586.56104,-70.009254,1124.5974,586.6168,-69.86604,1158.9165,590.3476,-189.14513,1152.6147,591.9754,78.63926,1135.4858,622.47577,-118.41819,1131.1965,623.77856,-40.49587,1226.4707,675.783,-369.89276,1215.142,686.1788,289.35223,1150.1136,761.81903,-446.5227,1143.3696,763.9755,268.29865,1087.6108,745.42004,-217.37225,1083.6194,751.85406,-9.001735,1069.6486,743.01575,-244.29146,1067.556,751.80414,-37.47857,1086.9941,736.7006,-258.23816,1078.2064,735.656,-51.534126,1100.6177,740.3685,-216.4244,1087.1621,741.06256,-26.855173,1409.4056,896.0969,-224.76686,1384.2258,889.6844,224.84895,1206.4336,983.2575,-364.679,1191.2048,980.0205,340.94608,1317.5099,1186.1598,-359.85638,1306.2819,1145.4762,482.56454,1369.3276,1217.7191,-365.70712,1350.394,1168.8008,495.04163,1220.9788,1260.2584,-435.33176,1230.7838,1218.9974,490.38986
IMG_066.JPG,1134.0253,583.31415,-44.67197,1143.679,565.65076,-83.10182,1146.7892,565.0665,-83.0578,1150.0491,564.3493,-83.11944,1143.2423,566.19556,-21.543264,1145.3246,566.1158,-21.32121,1147.6721,566.2414,-21.138447,1180.1205,570.42676,-167.3193,1176.367,572.5913,109.85567,1154.3065,602.31256,-74.49252,1151.6107,603.21906,6.161948,1241.8353,660.7627,-338.53033,1238.8121,669.0012,309.71338,1153.0624,766.7613,-277.62482,1147.7671,759.51776,277.13687,1113.2467,739.1853,78.97803,1088.6571,743.0036,35.681202,1097.174,737.07947,72.970566,1068.8112,743.0454,17.678589,1122.506,731.28455,43.421978,1087.5322,725.1422,17.408947,1136.538,734.7666,79.361046,1098.5724,729.7813,24.10028,1424.9677,884.42004,-220.00613,1404.0596,874.2274,220.23254,1220.3011,975.2133,-341.73294,1206.8086,969.23254,372.2655,1333.1287,1170.5624,-333.0702,1310.0376,1124.1788,483.02426,1384.2816,1199.3468,-333.87692,1354.2056,1145.1593,495.81,1240.478,1246.1093,-373.86353,1228.8181,1202.13,511.87372
IMG_067.JPG,1192.7844,492.03397,-66.20801,1208.3239,477.7716,-118.31971,1209.879,478.78052,-118.4188,1211.6768,479.57162,-118.557556,1212.9846,476.93704,-50.111496,1217.083,477.24268,-49.83419,1221.439,477.9491,-49.870106,1235.099,494.4489,-234.19615,1247.109,492.95078,82.01171,1198.7351,517.01996,-101.28067,1202.2643,515.7283,-8.90252,1244.4916,606.2028,-413.3078,1292.3733,605.78125,341.0598,1104.608,676.289,-350.69766,1152.5957,660.04877,522.5939,1067.1031,643.679,25.28614,1053.5709,644.2628,534.3466,1048.2756,632.3825,-3.3759122,1023.42456,643.2716,561.8467,1068.5834,630.27075,-14.426309,1038.4371,633.1369,531.329,1083.4594,637.4629,26.921623,1049.8823,637.732,516.17773,1399.5508,911.19635,-248.82138,1415.4106,894.8649,249.54083,1216.1936,1019.33734,-257.6642,1233.203,993.48566,500.0971,1340.5347,1234.3395,-87.70463,1349.613,1185.9222,629.68463,1392.6198,1267.6492,-70.07864,1399.9891,1218.4707,642.75684,1239.6508,1281.4469,-68.58059,1249.8945,1236.5509,675.0959
IMG_068.JPG,1166.4486,479.98056,-82.45152,1181.2314,463.66364,-138.30621,1183.3734,464.09418,-138.38986,1185.779,464.33334,-138.48358,1184.9608,463.4696,-65.4893,1188.9242,463.79895,-65.1798,1193.1172,464.5216,-65.10425,1213.7203,476.86234,-267.21997,1222.4536,477.00815,67.249176,1177.4901,504.82907,-123.6745,1180.3296,504.44125,-25.767033,1236.5579,593.7754,-449.6365,1268.7496,594.398,315.06482,1087.4738,679.31836,-371.79562,1124.3364,653.96564,469.34717,1054.5665,633.45,24.153336,1044.2539,627.779,432.46796,1036.9598,620.27026,-4.7546463,1018.89575,622.81354,443.68237,1062.6521,618.3902,-25.8955,1037.4647,611.69714,422.17603,1077.1044,627.369,25.040314,1048.6431,617.6973,415.89563,1382.069,904.44525,-245.0578,1385.6738,889.6294,245.85553,1198.5842,1010.8079,-294.15982,1191.3545,976.9572,555.84454,1317.4257,1235.4956,-167.59438,1316.5074,1162.7491,739.57715,1367.6996,1273.2865,-155.22673,1365.8408,1196.9308,759.3908,1211.2324,1282.4352,-163.13393,1220.2048,1205.3636,798.85315
IMG_069.JPG,1163.4172,536.0185,82.12555,1161.5773,513.197,30.499619,1162.7609,510.71,30.575302,1164.2045,508.0573,30.500923,1164.4664,515.73584,89.09053,1167.657,515.1191,89.27582,1171.1208,514.8373,89.119576,1186.9784,499.01935,-102.10507,1194.5464,509.60455,168.58688,1179.4609,544.43823,41.536236,1182.4889,547.8811,121.25594,1233.7969,567.9481,-264.5033,1285.7623,570.6425,361.8308,1089.0964,657.0542,-183.8816,1173.524,626.4394,623.1875,1052.9404,616.0813,211.66562,1090.9302,589.7156,776.24744,1032.3036,605.9674,203.25743,1064.9183,585.4793,813.38745,1054.7413,598.9864,179.2646,1079.7915,572.79816,800.12384,1068.0399,605.0096,212.66739,1090.284,576.34204,770.56177,1399.4423,875.1219,-218.99738,1415.2979,863.56433,219.1571,1199.9973,1001.7352,-243.02243,1227.72,967.78394,329.05286,1317.769,1218.7173,-82.78896,1348.895,1169.2264,452.30237,1367.9441,1250.8285,-66.07875,1398.3862,1199.2887,460.65292,1220.9377,1272.3424,-94.85542,1262.1927,1234.8381,449.34717
IMG_070.JPG,1182.8984,507.01474,-7.73604,1196.9697,490.56326,-59.219498,1199.1484,490.85083,-59.332127,1201.5808,490.9334,-59.456516,1199.9257,490.84183,9.430739,1203.4009,491.36105,9.766695,1207.1553,492.27982,9.698969,1227.21,503.65048,-169.83374,1233.2892,505.97113,143.82275,1192.4418,531.11365,-42.308037,1193.9879,531.2984,49.47648,1242.6936,619.13074,-361.76163,1287.6482,619.2996,391.1096,1103.9232,703.8899,-258.23013,1149.2229,682.79504,592.0575,1087.528,640.95734,180.77478,1058.5417,647.387,682.07715,1072.0656,626.0802,167.63708,1026.4495,644.1804,711.83075,1098.4529,624.3808,134.4357,1047.2972,632.7916,699.9356,1113.673,633.76227,177.81508,1060.3269,637.66724,671.1488,1410.7672,936.09216,-243.65677,1424.8536,922.00183,244.5891,1200.5085,1012.77313,-251.28838,1214.332,1002.28204,518.2997,1347.5208,1226.2393,-147.90288,1361.0175,1182.2169,596.5612,1405.5353,1257.6335,-131.9789,1415.9314,1211.283,606.2296,1248.9133,1282.5985,-94.52516,1277.2263,1235.0958,656.2931
IMG_071.JPG,229.16397,464.52707,15.608559,240.02623,450.38605,-12.528462,243.06401,450.92917,-12.360824,246.19809,451.39914,-12.342542,237.65938,449.02005,24.950663,238.38716,448.25278,25.089788,239.28276,447.64426,25.218489,268.20837,459.91504,-70.73006,258.25894,453.49506,96.20453,243.02116,483.34314,-4.289815,238.56245,481.08002,44.573776,294.9433,545.63513,-177.93628,290.6913,543.7313,193.97754,192.7383,617.82465,-110.6884,199.07364,605.4132,117.441376,195.92567,587.16046,156.50201,197.35312,579.9389,-91.48345,192.02373,578.5783,157.84601,190.68393,577.25977,-117.06581,214.30627,580.2645,136.2012,210.5265,566.6698,-105.23853,220.82382,585.61206,154.79573,214.77252,572.6561,-95.70148,406.00244,767.0676,-131.99683,392.4093,756.29926,132.54924,271.15405,857.87915,-213.12216,274.56152,834.8674,165.40674,367.82376,1024.1818,-239.62456,377.16266,969.01764,209.62679,410.78458,1048.1476,-241.58646,413.99423,986.7447,213.35461,300.43365,1077.4897,-269.39645,328.00034,1021.1652,215.07848
IMG_072.JPG,200.18674,144.8925,31.569221,209.21631,131.04735,6.748768,211.84576,131.54463,6.958028,214.55785,131.98425,6.995869,207.3684,129.6073,36.999977,207.95508,128.83607,37.08109,208.70059,128.21909,37.1418,233.71101,139.04355,-37.778023,225.28662,132.83728,96.36398,212.9548,162.09682,16.52119,209.0611,159.87013,55.67149,256.9635,222.19232,-137.71298,259.7391,221.57454,180.86969,163.27641,301.39703,-70.1719,175.86934,296.48407,123.13457,171.63287,253.94728,157.59096,177.10884,249.20471,-27.209179,167.39046,242.51173,153.61559,171.65388,241.24698,-49.280266,191.05804,241.85631,128.18605,187.95667,229.62105,-32.19873,197.33676,248.14018,153.24234,192.4393,236.21364,-28.04343,372.3101,447.69443,-111.90234,362.4633,433.50525,112.65438,223.07689,513.387,-170.81595,221.29382,484.6834,96.023125,318.4896,681.0191,-168.3314,335.1535,620.9301,116.55057,361.75708,701.31696,-163.67555,375.88858,636.5995,118.93309,254.31937,739.13055,-155.00603,288.08716,678.3797,139.98573
IMG_073.JPG,1447.0215,804.83563,22.508423,1425.6066,788.7456,44.39581,1420.6178,788.7744,44.620266,1415.8698,788.7787,44.574627,1429.7388,789.8064,-27.545765,1427.3059,790.1597,-27.439407,1424.8536,790.70605,-27.679604,1384.5315,798.2874,162.78558,1395.5902,800.59717,-170.4321,1434.7056,824.4066,71.30494,1439.0342,824.80023,-24.078684,1356.5718,904.85956,355.62802,1392.7672,876.80865,-362.06952,1508.427,924.7804,419.1483,1562.4141,907.1932,-394.58264,1643.9178,906.12366,277.73996,1679.4319,906.89685,-134.75179,1669.5454,886.3843,300.50793,1703.3115,897.3093,-174.89081,1671.5308,882.6684,240.49995,1699.5894,887.58307,-138.03148,1665.4629,892.50867,250.72003,1690.6272,895.35065,-112.82271,1295.4735,1177.9718,227.62556,1303.2069,1176.2761,-226.87257,1446.4991,1207.668,514.5484,1486.7881,1189.0853,-286.76355,1355.5007,1360.0087,689.09247,1392.8514,1383.5137,-100.9211,1327.3529,1380.1128,704.03925,1354.1765,1407.7499,-80.258575,1385.858,1402.3004,718.7832,1441.9855,1442.615,-94.94879
IMG_074.JPG,1439.4885,793.6841,24.949291,1419.0721,775.2774,46.24765,1413.999,774.7203,46.518677,1409.1737,774.12537,46.404945,1422.8392,777.42755,-27.656326,1420.5573,777.7911,-27.523605,1418.1982,778.35114,-27.700794,1378.0188,781.0149,161.3223,1389.6187,786.21545,-178.25726,1427.3691,812.4927,73.887985,1431.7462,813.9471,-23.360523,1345.1385,885.3838,376.16757,1387.2217,864.7703,-379.23477,1497.495,911.35455,511.33374,1554.2784,895.0411,-398.74414,1639.2761,915.11926,435.1257,1668.8743,899.95966,-103.71299,1667.674,901.0763,464.88736,1693.6671,889.4022,-135.39197,1669.2078,898.4955,406.9305,1690.9669,880.2509,-97.26816,1662.9287,907.4675,409.7614,1680.2362,888.8077,-80.75391,1287.3105,1167.4282,238.05841,1295.5259,1170.9725,-237.52968,1461.9989,1196.923,489.49802,1476.8455,1193.4556,-290.03876,1375.0868,1353.4674,668.18713,1365.8813,1376.271,-105.6039,1346.142,1375.3003,686.4756,1323.7351,1397.6034,-82.30725,1414.3164,1399.3693,718.9934,1416.0222,1441.61,-77.23214
IMG_075.JPG,1429.8691,797.90015,1.7937429,1407.6611,785.1576,29.049488,1402.721,785.3244,29.144678,1398.0544,785.46344,29.059134,1410.9863,787.47437,-50.76986,1408.3206,788.72485,-50.555958,1405.6033,790.1421,-50.65635,1369.6843,798.1634,172.13336,1378.5454,803.0641,-193.72801,1419.6904,818.73114,59.859863,1424.689,820.8852,-44.734894,1353.4869,907.3836,394.90237,1374.5388,884.6652,-375.5301,1505.1267,928.6293,482.9944,1541.3486,925.7317,-400.1538,1634.3633,924.2484,340.9955,1652.0594,924.0945,-140.77449,1663.3018,906.0648,376.63486,1674.1008,912.44165,-172.16125,1660.4274,908.06696,313.51147,1670.9417,904.81165,-131.24495,1651.5588,918.81683,314.5336,1662.7766,914.5812,-116.55687,1278.8789,1168.9602,241.42496,1273.6803,1165.6013,-241.0227,1447.5928,1205.4385,462.27237,1450.0183,1182.1113,-369.85898,1374.5153,1365.8561,608.2998,1376.6748,1378.4003,-238.74997,1345.3887,1392.6833,620.2551,1343.3107,1405.9161,-223.43607,1426.7097,1405.8055,635.9519,1432.0868,1434.0442,-244.5949
IMG_076.JPG,304.0742,151.57198,-244.54453,292.66635,127.16401,-250.2877,291.15982,126.43073,-250.15973,289.82217,125.76204,-250.25995,290.84793,129.53023,-292.67654,286.49347,129.216,-292.7751,282.24518,129.11742,-292.99167,261.60202,131.39737,-187.24399,251.92732,135.41948,-372.41656,291.86206,171.48776,-212.67775,286.9581,172.36296,-265.07504,245.01767,232.13287,-28.348541,216.0767,250.13536,-413.618,358.9342,302.4785,65.10866,369.44174,350.0117,-377.76337,508.0581,314.75766,92.94454,518.3237,350.6786,-268.75424,544.2076,299.69174,105.95387,554.44,348.2321,-287.03012,557.2927,306.36813,82.0971,557.6453,328.74625,-278.2255,540.13434,318.12714,81.88517,545.15857,331.82504,-263.44705,187.32333,519.89557,121.6886,160.50143,537.0881,-120.96905,287.69608,656.5141,258.9687,326.26547,697.28516,-133.4292,173.5788,765.4807,438.7459,189.03728,800.0754,74.689,135.58244,778.85956,458.47403,148.01715,804.0655,99.81643,206.66075,821.0385,501.8519,218.34361,872.95386,166.45654
IMG_077.JPG,311.26965,178.26947,-231.73752,297.9202,156.02351,-230.86894,296.20938,155.70216,-230.63565,294.7014,155.4033,-230.7779,296.12796,158.28702,-274.8232,291.70367,158.62584,-274.97357,287.3623,159.16266,-275.16345,265.04233,165.54729,-154.37473,255.17642,169.4549,-347.89255,298.74457,200.74297,-194.9548,294.66003,201.93059,-250.2386,241.65561,266.0074,15.890712,229.57599,288.27606,-416.13358,376.1318,327.1022,106.9446,396.68784,361.57028,-446.45654,529.88153,356.33408,93.120575,556.5763,389.1388,-405.6655,562.7636,339.9828,100.90844,589.90515,389.17258,-459.0402,576.744,344.87573,52.235344,594.4958,370.92224,-444.99875,563.16626,359.51703,70.916046,581.4338,374.65918,-400.8289,197.26202,560.00397,135.67603,181.51474,588.325,-134.92365,304.56436,668.10236,351.83786,345.0451,710.83057,-119.84866,196.24008,754.65924,624.1896,217.598,839.1176,102.40805,159.2987,765.6554,653.4896,172.41467,850.00037,128.76454,232.84068,801.52344,712.2448,260.9642,905.7674,165.52759
IMG_079.JPG,290.9083,136.4909,-366.93155,280.05164,116.95531,-363.85568,280.96207,114.77264,-363.88763,282.09833,112.65141,-364.20694,272.12183,123.03985,-398.52567,266.491,124.72202,-398.45932,261.00922,126.625046,-398.3797,262.27942,117.132225,-282.77972,234.238,135.48376,-436.34695,287.48413,150.07681,-331.5321,276.4117,156.61813,-374.93594,255.92482,189.89235,-154.26936,213.9746,208.32135,-464.2353,377.29062,189.16281,-118.10092,355.085,195.30542,-503.48004,507.45087,173.22226,-150.16841,462.21216,158.37398,-502.32968,540.19244,158.15326,-154.15363,488.0765,151.3915,-548.67926,547.4066,164.32549,-188.20331,485.05963,139.77483,-541.6732,531.8863,176.43391,-167.76773,476.18317,144.21701,-501.59036,206.94061,443.11685,99.111465,180.84036,458.4563,-98.71957,263.9233,549.49255,346.97296,271.61447,569.7378,48.954456,236.06178,633.7036,601.6746,202.54866,642.25073,303.0554,213.95644,651.18475,627.807,173.79143,651.12756,330.78662,287.782,658.25323,640.62823,237.62367,676.756,349.5908
IMG_080.JPG,223.54716,149.64862,-364.95264,217.83244,127.85746,-365.99353,218.98956,125.651596,-365.9843,220.37244,123.48667,-366.30728,211.10355,132.6606,-392.57153,206.55453,133.3606,-392.40222,202.16481,134.30147,-392.37793,205.20595,124.56115,-297.397,179.85612,139.15189,-412.1893,219.94272,161.58119,-334.09097,209.56822,166.50244,-366.23172,196.82262,192.68398,-171.90245,154.14241,208.23286,-441.60806,314.49905,212.42726,-144.05467,295.001,186.97844,-512.3702,442.6733,211.08456,-167.24245,417.09827,130.26698,-524.2769,478.03265,201.828,-162.01308,450.6324,122.787025,-569.4965,485.75238,208.1346,-194.2804,445.92694,110.20925,-558.5941,469.1965,217.00667,-183.91136,433.65317,114.489426,-523.1372,151.12457,441.85245,86.30192,121.55369,458.57074,-85.97687,197.14348,579.17615,244.30783,203.68965,590.3798,2.4941378,157.57915,678.09576,447.26144,128.30272,672.72015,204.47015,133.63438,693.2982,468.35123,100.67179,678.897,226.68393,207.4662,723.205,477.59915,156.80411,725.7419,241.4167
IMG_081.JPG,286.4883,147.1293,-253.42337,270.37045,130.13727,-252.17883,269.73843,129.04002,-251.94835,269.3489,127.97112,-251.99376,265.84692,135.19281,-286.26428,260.84778,137.09163,-286.44485,255.91467,139.12016,-286.61627,243.74005,137.91603,-182.4208,226.10501,151.70204,-334.8416,280.0544,165.11127,-221.11871,273.19666,169.86673,-264.72144,231.62317,205.27019,-51.85769,203.83472,256.31894,-350.70447,334.2883,239.6872,16.88048,348.21228,330.2268,-335.63208,457.0275,260.48465,28.062016,486.29953,349.15454,-300.08865,486.13153,249.65707,32.916084,515.0593,353.7437,-347.74557,491.98636,256.81174,-3.728395,521.6846,331.1717,-340.79416,478.93164,270.50403,11.781823,510.39374,332.8073,-299.25604,182.17845,445.76788,94.73568,152.65338,483.7881,-94.35173,280.2588,478.71918,241.38551,290.983,544.53357,-117.98285,187.82594,604.76245,421.29578,167.9994,637.69635,145.4021,157.3136,620.7951,441.56726,135.893,643.661,176.64966,218.26163,656.5914,504.1765,185.7982,689.7319,239.15218
IMG_082.JPG,282.57407,176.49806,-174.23428,270.30914,157.08684,-178.8323,268.48465,156.54797,-178.57481,266.86935,155.97151,-178.606,268.95923,159.35684,-216.00938,265.16068,159.5494,-216.19862,261.38928,159.89436,-216.33856,240.7376,161.885,-127.81387,232.70203,166.20198,-294.07077,271.04807,194.50323,-145.89679,268.33096,195.3405,-193.6939,218.87813,228.20888,9.307704,202.93976,268.9598,-342.25873,327.83145,274.15842,126.50389,339.89856,348.5068,-348.6634,449.15552,305.05124,138.06181,474.38968,391.86346,-303.8307,474.26587,297.7401,139.44598,500.41013,400.09583,-350.62582,482.71497,301.52722,99.78031,507.71936,380.98807,-345.4563,472.56714,313.3419,121.25148,496.9981,381.43314,-302.7015,195.79808,482.75226,116.7001,175.00995,511.26083,-116.34227,301.47272,590.2403,244.0097,302.7893,625.78595,-95.117584,228.56154,706.9853,433.30157,187.4583,721.68823,122.49859,197.06929,725.4759,453.19672,151.2673,730.9029,146.9501,275.89276,751.06647,473.30475,218.34952,774.3328,176.76387
IMG_083.JPG,282.18295,135.21112,-249.91615,262.16208,114.324356,-256.30573,260.0135,112.636765,-256.1047,258.1273,110.98664,-256.148,260.67712,120.56545,-296.37766,256.0976,122.71343,-296.63553,251.57011,125.00927,-296.77377,227.34944,119.692245,-198.20763,219.01364,137.72205,-378.95715,272.47513,153.25995,-219.03691,269.20706,159.47647,-270.69562,214.1737,196.60432,-51.94697,194.60028,245.33066,-392.1077,325.0485,214.51248,33.23651,345.14758,319.28363,-370.02652,453.65662,218.78763,24.320301,487.92654,325.07584,-311.92764,480.12192,201.88995,26.576784,518.85077,322.37668,-360.83054,491.29678,210.67508,-13.969906,520.01874,301.07928,-352.85434,479.76575,226.88213,4.9291906,509.187,304.7351,-310.69226,170.29994,468.61313,109.57496,146.50331,500.83987,-109.1792,263.59534,546.90234,307.0943,265.17072,600.16833,-61.312046,190.64061,664.9335,528.1135,156.77744,692.28455,192.06056,158.38258,682.72015,551.81555,124.59783,699.9706,220.51628,238.81775,714.4446,605.4095,185.14171,745.0753,256.66815
IMG_084.JPG,1306.1597,370.66013,-166.50238,1292.1836,340.17038,-159.56851,1288.3453,339.14075,-159.24376,1284.6526,338.1464,-159.26505,1293.3716,344.26508,-222.2425,1289.1345,344.9976,-222.51503,1284.9462,345.98788,-223.1383,1245.351,350.7697,-58.42855,1246.8995,360.30215,-336.02933,1287.0958,400.87027,-114.74862,1286.5858,403.69086,-194.19188,1151.9568,482.72644,180.49808,1231.7198,532.84973,-489.00363,1295.3157,528.7761,421.36795,1435.6099,655.5924,-521.7206,1439.8578,527.4432,518.28235,1622.5519,667.60974,-374.5607,1460.4823,502.60764,540.0254,1667.9681,657.436,-445.0095,1473.9044,504.05154,485.3606,1658.7395,632.41833,-414.2506,1470.642,521.2822,496.11444,1638.675,640.3065,-360.4074,1103.3799,914.9718,214.33519,1136.34,955.54944,-213.61652,1250.5543,1094.9019,565.1839,1300.3077,1156.974,-16.41861,1141.0807,1265.4453,906.8778,1165.9965,1359.5658,307.92233,1092.8577,1290.967,942.3148,1105.2991,1383.8287,346.05975,1212.8761,1314.6848,990.38666,1251.2759,1426.9982,372.77228
IMG_085.JPG,1318.7175,489.06625,-272.45288,1301.6578,462.63257,-267.72626,1298.4006,461.7497,-267.42108,1295.3217,460.86545,-267.337,1301.2583,467.6385,-328.09277,1296.686,468.87833,-328.44925,1292.167,470.3861,-329.18182,1259.1897,472.5848,-156.36842,1255.5166,483.33374,-421.84515,1303.236,515.2298,-221.03293,1301.614,519.1254,-296.41522,1234.6648,599.27856,57.482758,1226.2383,641.64465,-521.9984,1398.4893,703.5691,167.17227,1418.6804,770.11725,-492.3996,1564.4517,768.78705,140.65779,1602.0674,796.2904,-316.1675,1597.095,749.35095,142.34459,1646.5457,784.2328,-378.28705,1612.713,758.7695,81.84741,1648.0593,758.4625,-353.97324,1599.065,777.0333,112.89132,1632.3147,767.3003,-306.527,1144.5548,985.7336,191.52997,1124.1528,1034.1445,-190.3639,1355.071,1078.3817,467.82016,1377.2722,1169.2688,-191.87456,1168.5703,1218.588,827.70447,1175.1051,1356.8695,104.0392,1110.8175,1232.1744,868.9652,1107.8779,1370.3671,143.3707,1202.0667,1281.1274,983.8694,1233.5463,1434.4757,212.96419
IMG_086.JPG,266.0119,512.00555,-256.4837,253.32938,488.89175,-252.62384,251.23155,487.7569,-252.45123,249.29408,486.61438,-252.53636,252.18619,493.16937,-297.36847,248.20161,493.9024,-297.36484,244.35855,494.82648,-297.55087,218.23878,491.57355,-171.97937,211.09865,500.9265,-370.86447,251.33214,529.58856,-220.50696,248.46422,532.2622,-276.90048,193.22026,567.6954,-39.7186,170.3417,615.8793,-409.77795,317.74875,627.9349,48.7903,323.96857,700.84436,-393.28232,450.25385,668.47644,44.60697,467.3553,708.7273,-294.21295,479.40305,656.40283,48.491646,501.77893,705.21094,-335.14032,487.59738,662.06,10.584665,506.92886,681.05115,-324.4769,473.74554,676.47345,27.565575,493.7982,685.04517,-289.6172,132.67638,810.4178,123.203865,106.25584,854.90674,-122.615685,272.84552,859.74695,256.79248,308.93945,930.75775,-184.8067,157.5267,986.45874,476.21957,168.45462,1065.7786,16.759895,118.464195,1002.81616,503.98724,122.35586,1076.373,44.143368,193.57547,1036.4358,592.218,215.90996,1120.6096,120.54755
IMG_087.JPG,309.79187,239.16325,-129.34093,299.31223,216.55331,-127.57732,297.1223,215.5998,-127.44458,295.1095,214.68773,-127.48094,297.81064,219.99652,-171.5562,293.9253,220.33392,-171.62883,290.15555,220.87872,-171.84555,267.6034,219.91827,-60.990837,260.67926,227.03809,-255.60786,296.29556,257.81314,-98.5365,293.8165,260.19534,-154.33763,239.07776,311.41714,69.6084,230.42831,333.38525,-314.59903,358.13934,372.11386,160.54103,371.97397,405.86096,-325.52917,485.82892,392.64975,146.34557,514.792,395.06372,-216.1166,513.61584,376.15067,152.97339,552.1327,380.4777,-251.76617,522.4036,379.14423,123.1295,548.8198,360.67905,-231.67088,511.3408,391.18176,129.97542,536.38654,367.88647,-207.90427,158.05629,563.0114,122.99672,141.09904,591.714,-122.140175,311.719,641.0839,228.60298,351.69843,689.7047,-179.54503,198.81041,764.18317,426.21002,209.79837,818.303,-32.584793,156.7009,778.1152,449.12775,163.28954,826.409,-9.802469,236.56438,818.02423,523.5743,243.95483,875.0906,63.620586
IMG_088.JPG,1252.645,676.463,-237.03764,1237.466,654.6281,-232.51419,1234.4583,653.69275,-232.324,1231.6855,652.76465,-232.38623,1238.438,658.3423,-287.37985,1234.854,659.1239,-287.43167,1231.3917,660.07764,-287.7085,1200.6005,658.8273,-142.75186,1199.813,666.9762,-385.8237,1238.2347,694.3984,-196.77782,1237.8207,696.9318,-266.26804,1180.2732,736.1246,38.81661,1163.9696,777.89374,-486.5327,1309.6075,793.4581,142.80923,1316.2848,858.79974,-524.37085,1451.4907,814.6935,112.07634,1465.3295,873.16876,-440.10724,1482.6031,796.8678,118.1678,1500.451,869.46124,-500.90326,1490.4036,798.1233,67.65258,1502.6471,845.2861,-482.6337,1477.6152,813.05597,87.584496,1489.5493,848.9047,-433.97522,1119.8925,997.13116,168.9955,1096.9551,1035.0452,-168.28207,1280.7445,1066.7156,312.6557,1328.8579,1096.929,-254.34552,1116.9442,1165.6361,577.1665,1159.2495,1233.8766,1.7838733,1074.6526,1168.4265,610.50146,1106.13,1243.0748,36.956432,1127.6654,1223.8881,735.2134,1200.165,1295.1766,136.55147
IMG_089.JPG,1272.8513,667.19934,-320.2275,1258.63,643.35614,-317.91922,1255.2388,642.0886,-317.6783,1252.0745,640.85315,-317.63098,1260.8894,648.1533,-376.04462,1257.6775,649.0756,-376.16025,1254.5994,650.2244,-376.51993,1219.1896,647.4432,-222.93983,1222.6162,657.913,-485.74673,1257.2393,684.6613,-277.34076,1257.3964,687.80585,-352.4181,1185.7236,719.69775,-15.934634,1182.3774,776.1162,-580.1051,1313.7175,760.8707,103.87996,1340.1499,859.3981,-602.1363,1457.9153,775.72626,70.745636,1497.2316,872.9982,-499.68472,1490.8239,761.8293,83.75721,1535.2925,875.354,-561.45636,1499.7195,763.5504,28.370998,1542.1642,850.1275,-544.00854,1485.7786,776.6155,45.542835,1526.1812,850.813,-491.58942,1120.169,981.63074,182.46347,1104.7329,1024.6534,-181.6957,1273.7388,1074.6005,371.63757,1325.7299,1109.7518,-249.95398,1122.1007,1171.1075,687.00867,1152.0667,1230.7783,45.776054,1079.4066,1178.7312,726.6074,1096.5686,1239.2543,83.82129,1154.5125,1223.488,854.52216,1201.188,1292.6376,180.15364
IMG_090.JPG,1115.8096,569.5257,-3.852165,1123.8038,551.1878,-41.399986,1126.8811,550.39703,-41.335846,1130.0807,549.47675,-41.343544,1123.2963,551.8322,16.625618,1125.3936,551.4939,16.819832,1127.788,551.33636,16.957724,1160.2473,553.27246,-123.104515,1156.177,555.5066,137.32169,1137.2294,586.7069,-32.838078,1134.607,587.7667,43.027588,1219.4927,641.42566,-284.52155,1229.4229,646.0588,326.36566,1119.2075,749.0133,-194.01764,1136.145,743.7046,329.2464,1086.5248,702.5337,183.14645,1089.4246,713.2918,152.0843,1072.8285,694.0481,183.6398,1073.8927,711.0033,140.20686,1101.9832,688.0359,150.81842,1093.237,692.227,145.73102,1115.6567,692.1816,182.71536,1101.3376,697.759,145.02422,1425.3743,847.5691,-208.61967,1410.3792,838.24976,208.92258,1221.5146,944.85333,-356.8425,1206.127,935.3902,315.22583,1345.8246,1135.3723,-387.8488,1310.988,1098.1554,399.62177,1398.8613,1162.2617,-392.7693,1355.0793,1119.3043,408.45148,1258.9385,1212.7513,-446.64807,1233.1566,1179.6097,409.42502
