IMG_003.JPG,623.59607,302.87335,-73.28846,636.21515,288.15527,-61.09678,636.65784,286.30225,-60.97618,637.1943,284.53436,-61.054146,634.0975,287.76886,-102.71092,633.0409,285.00586,-102.70734,631.8962,282.32925,-102.76228,628.30817,266.50986,9.555878,620.7176,263.6493,-171.71104,607.0595,299.38217,-41.84768,604.5172,298.02042,-93.79445,547.7616,268.42627,151.85472,541.57294,271.68173,-272.45374,526.37823,344.23782,255.03903,529.8058,387.75415,-342.9944,546.1536,426.99036,207.1345,544.3047,488.14923,-292.49374,558.9505,443.1154,205.29123,546.61646,508.0927,-325.28778,563.17194,447.6999,165.69812,556.6027,506.1436,-317.43005,555.2001,444.78348,187.77939,551.9761,496.5822,-287.6132,343.55377,339.40207,120.61468,333.8262,334.88354,-120.13408,213.10536,376.77518,183.69548,208.83484,379.0576,-148.94139,79.31316,398.36987,295.9788,61.858204,411.76816,-96.15368,51.86515,391.01642,301.6828,31.317768,403.16782,-99.408585,65.708435,450.54144,259.88217,49.66869,472.75342,-190.1258
IMG_004.JPG,676.7254,299.0669,-55.837326,687.15106,284.40067,-47.815304,686.8266,282.85233,-47.701576,686.6108,281.42517,-47.792248,686.2292,283.39453,-86.35752,685.2451,280.42654,-86.36124,684.21295,277.55426,-86.47869,675.6226,262.6668,17.959173,671.6804,257.8117,-152.19698,659.00726,295.26562,-25.489563,658.0891,293.4851,-74.59525,594.9595,266.36227,135.47374,594.4303,262.9725,-240.87949,571.0705,356.18057,199.95381,579.3856,381.6838,-301.72424,597.71075,444.15533,133.96588,596.76807,489.0043,-280.38828,614.5226,458.29306,133.30873,602.469,507.49573,-319.98282,620.0252,465.1855,94.21555,610.3097,505.53003,-308.41452,610.1497,462.25793,114.17268,604.991,497.21533,-275.4455,398.4931,334.0685,108.78327,390.4788,325.76773,-108.363014,264.5404,380.6973,124.143105,267.47488,372.53625,-147.23442,125.96978,400.35168,184.59676,116.02814,408.6238,-123.75277,97.00918,392.30035,185.15976,82.98923,398.56845,-130.52415,116.09355,453.98572,127.21437,109.930626,477.6726,-228.70302
IMG_005.JPG,1506.2645,926.3109,-55.49416,1517.4818,910.3824,-32.254963,1517.6802,908.59155,-32.02765,1518.0217,906.86835,-32.178635,1515.1556,909.3545,-88.09403,1513.5992,906.12915,-88.08023,1511.927,903.0029,-88.13777,1509.6284,889.26056,89.19389,1501.007,884.6093,-165.51886,1492.104,925.4703,-4.437528,1489.2317,923.4061,-77.32127,1432.957,898.0474,281.33875,1431.2672,887.6506,-339.4972,1405.8473,991.8249,455.39667,1413.8202,1004.0353,-505.83917,1433.1326,1087.4991,427.72156,1430.062,1108.628,-511.09412,1446.273,1111.2787,456.71576,1423.8904,1132.5422,-562.0984,1451.4403,1115.7766,401.11755,1437.4193,1134.3937,-556.34485,1441.8711,1110.5665,402.82202,1434.4983,1123.7424,-506.52652,1237.1248,974.07825,186.20406,1233.5963,964.8073,-185.51102,1113.105,1014.87195,276.8954,1101.1973,1007.45184,-250.92236,965.7582,1039.9651,442.52362,936.8495,1043.0806,-274.9339,932.5101,1032.7833,454.8922,900.6621,1028.3575,-284.28592,958.8939,1108.8062,399.99603,924.76746,1138.6707,-419.5658
IMG_006.JPG,1541.992,902.45447,53.175026,1557.4498,889.5589,79.641205,1558.8776,887.02783,79.8221,1560.4009,884.51575,79.57593,1553.7258,889.5131,21.895647,1552.648,886.52783,21.935001,1551.488,883.6534,21.970919,1558.3049,866.2423,178.0652,1546.8555,866.2164,-77.95359,1531.3535,898.35785,96.24402,1527.114,897.42957,22.381943,1470.747,834.2717,351.5984,1499.6467,878.4275,-264.8743,1401.6191,895.368,552.0146,1462.4011,974.6356,-372.39014,1444.4292,981.6621,598.9112,1479.748,1068.7467,-290.12485,1464.1179,999.417,646.67224,1481.6296,1085.9866,-321.16977,1471.2881,1011.06976,600.80273,1489.247,1086.7253,-299.47974,1463.3875,1008.3123,578.49866,1485.5127,1077.2231,-275.55203,1272.3457,904.135,184.10196,1279.9624,924.65155,-183.62009,1116.4884,968.0571,197.23868,1121.7499,974.21893,-201.97015,954.5314,998.21234,286.34427,955.1733,1006.14795,-167.02316,922.7698,987.91846,290.1565,923.0726,989.2993,-167.99315,944.9656,1068.2006,237.78105,938.542,1087.1307,-257.5777
IMG_007.JPG,700.0971,315.46216,50.442894,718.64777,302.60965,50.647743,720.24347,298.40384,50.711952,721.85266,294.3174,50.500942,714.60474,307.46933,10.730251,713.77344,306.31683,10.713476,712.85455,305.18158,10.635917,718.24365,272.24554,68.87441,706.77374,287.78128,-107.34526,686.87933,305.2004,67.09096,683.2435,310.28177,16.05107,630.469,219.20982,164.44827,637.0469,302.39017,-194.5742,615.2524,313.81186,279.53848,615.0499,434.28058,-195.01884,642.3039,403.0128,258.8215,680.12537,510.77838,-116.568054,662.2323,413.07364,264.45218,710.119,528.4209,-156.46608,665.2753,418.70856,220.71129,717.40857,510.77332,-134.35193,656.4063,419.54202,240.78955,702.7691,503.26404,-105.19484,364.66644,271.8063,117.31232,364.2114,317.06622,-117.34767,242.3162,342.706,277.61935,228.84189,372.2522,79.11378,107.48314,376.6523,437.5695,79.91134,404.32294,223.76242,74.60864,364.77908,453.5276,46.64174,389.94724,236.05087,113.908195,447.69724,430.9755,83.0777,470.9234,198.10939
IMG_008.JPG,1497.4774,933.4162,-42.704815,1515.7953,922.33954,-33.563553,1518.1038,918.07825,-33.490765,1520.3905,914.0249,-33.814377,1511.3055,926.55774,-90.43228,1510.8966,924.9708,-90.33536,1510.3478,923.4219,-90.39529,1521.2446,890.05505,18.300821,1508.8894,902.76044,-232.14774,1488.2712,921.1902,-13.464651,1484.0183,924.9576,-84.94447,1449.6177,830.6227,171.16953,1455.3486,906.0381,-370.79962,1427.6973,904.203,392.13467,1463.968,1026.1173,-463.67245,1451.1707,987.0965,442.09082,1528.9441,1116.9169,-435.15366,1458.0988,1003.00397,465.08948,1543.0542,1140.495,-497.66147,1463.9194,1006.5647,419.36884,1552.378,1130.4524,-467.99515,1460.8989,1004.30316,423.6001,1544.2261,1120.3804,-421.15906,1206.8293,880.5006,169.55315,1200.6571,918.9572,-169.47557,1086.1443,937.5867,511.18262,1066.9069,982.7226,182.14629,957.0614,978.71893,901.3313,918.70544,1021.795,559.4081,931.225,972.6893,937.2378,887.5243,1005.3918,595.706,953.0681,1034.6476,868.59186,911.847,1100.7478,515.36865
IMG_009.JPG,1506.1523,914.87067,56.245155,1522.9768,900.503,58.45819,1524.5776,895.3789,58.541794,1526.1294,890.42175,58.109055,1519.9302,907.6025,7.6987367,1519.7666,907.2033,7.791238,1519.4004,906.7927,7.7428713,1522.8342,866.4916,65.55764,1514.718,889.3143,-156.63771,1493.7917,903.39166,70.163445,1490.9761,910.39026,6.5416756,1438.131,807.1988,194.65334,1455.9718,900.55835,-308.87097,1397.2922,867.9939,494.35086,1456.6431,1013.62695,-357.18164,1427.2693,956.59216,691.6428,1532.9075,1097.34,-276.54532,1435.7617,975.22003,733.37537,1548.2695,1122.0953,-327.86627,1443.2021,977.9993,691.0656,1559.1455,1114.3558,-302.9703,1439.372,975.0134,678.64453,1550.1447,1102.7067,-263.0658,1182.9825,860.9144,153.16412,1184.4368,908.8709,-153.4165,1064.916,922.21735,514.4221,1052.9729,971.2779,224.7472,937.6228,971.81586,900.02026,910.7006,1006.6747,586.1703,910.5176,965.8785,939.59973,880.3189,992.5835,623.0551,934.38525,1033.7717,906.2377,903.6647,1084.0453,566.805
IMG_010.JPG,1552.9778,964.54736,87.00817,1568.1091,953.626,103.642105,1569.2101,950.64465,103.85274,1570.4124,947.72327,103.67469,1565.1738,955.2947,55.572285,1564.4762,953.1072,55.65799,1563.7408,950.9891,55.645885,1568.5632,928.5472,174.47284,1560.3181,934.7293,-39.11348,1542.525,957.8542,121.24062,1539.8768,958.78784,59.23698,1481.7603,888.5393,319.5789,1506.4504,938.5032,-189.59023,1410.9095,965.9767,445.528,1454.7344,1044.61,-269.33743,1430.314,1056.1866,399.4342,1471.7314,1146.5151,-247.66129,1448.5215,1068.4878,431.51807,1482.0997,1164.0714,-289.65643,1456.3083,1082.3799,382.1056,1490.091,1161.2585,-258.8091,1450.0446,1081.2587,377.68365,1484.2518,1153.8057,-232.38159,1282.3273,941.0572,163.34105,1289.5104,971.4023,-162.98012,1117.53,1001.6411,185.81856,1121.9672,1028.8416,-143.71794,947.10785,1027.2524,261.70773,940.25665,1065.8647,-117.2032,915.71545,1015.1394,265.19693,906.91675,1050.7975,-121.529045,936.4015,1098.8131,203.56079,927.0803,1146.4048,-221.9481
IMG_011.JPG,171.8772,589.095,-177.6327,149.9216,553.0821,-231.20544,151.961,545.82806,-231.29608,153.99844,538.17914,-231.33824,146.91795,558.8889,-159.00182,146.24153,556.06134,-158.9653,145.91606,553.6235,-158.94846,184.33762,492.2976,-335.72546,168.60565,515.8111,-2.0204878,213.92085,571.99023,-207.24725,208.77461,581.04285,-110.57415,365.517,467.9409,-485.70294,369.12952,567.5096,208.6088,350.6576,716.8324,-607.7506,419.42328,761.0317,326.46103,256.55988,957.3881,-604.40594,372.65765,940.88306,188.2591,221.4304,1012.1794,-685.7387,344.6622,968.8938,170.93132,204.00102,996.77924,-664.2584,326.99457,963.89355,97.27971,219.27306,979.9693,-600.6539,341.69995,952.9724,147.58005,864.7237,609.6561,-202.64458,841.3255,674.41345,203.40752,1187.9792,737.458,-51.113327,1132.1256,760.7819,344.62875,1518.3804,813.9585,165.05717,1404.3783,813.9355,567.392,1582.8821,799.2417,174.89369,1463.9,801.4743,583.68585,1544.6799,933.67145,-22.890736,1420.2836,924.8874,438.2099
IMG_012.JPG,403.25012,468.2778,-162.71605,379.10822,440.09583,-218.89137,379.8039,434.33133,-218.97005,380.53625,428.14877,-219.134,378.93063,443.09128,-145.63045,379.13797,439.6203,-145.72804,379.69373,436.44244,-145.80002,405.15796,388.02765,-329.16577,400.44897,399.74753,7.8537407,440.84274,453.08575,-191.63591,440.24405,457.75317,-93.82539,581.985,379.7839,-480.69604,610.26105,419.81277,262.62296,566.609,626.4692,-620.41284,662.6181,626.85645,391.10962,474.582,867.2393,-589.1474,626.3335,824.39813,245.40892,427.0648,912.1222,-674.95056,590.71783,851.05676,228.87268,415.13272,896.48975,-636.9242,572.7816,848.0358,150.19928,435.98996,880.02386,-578.8583,589.13,844.8886,202.28268,1073.2997,504.54767,-203.0557,1064.3396,532.83093,203.4014,1390.8513,617.212,-38.277645,1367.6085,635.90576,302.5426,1712.2832,691.6645,192.1444,1656.8828,696.5377,518.5866,1774.3424,676.53564,206.80261,1713.7528,685.2447,531.4173,1736.3607,787.14075,20.983461,1684.8275,781.3979,362.78058
IMG_013.JPG,1580.2786,932.5968,165.71686,1598.8777,920.96216,177.60222,1600.5764,917.1487,177.84894,1602.3561,913.37146,177.5812,1595.519,924.0989,125.7213,1595.2522,922.02246,125.76019,1594.9319,919.9761,125.746315,1604.4436,891.01965,212.49576,1595.3505,900.83484,-17.351835,1571.3104,923.5591,186.05476,1568.2434,925.59644,119.71168,1519.1216,826.1284,333.092,1546.2819,907.9234,-175.93149,1431.717,879.0853,493.28967,1498.74,1010.86676,-260.63013,1444.2273,964.05743,573.7985,1522.9198,1123.6082,-281.10068,1465.0513,973.5404,645.05444,1537.4696,1141.1667,-324.00366,1467.6263,989.8093,601.53,1545.3049,1138.4397,-286.11426,1461.4696,990.1865,557.28204,1538.8049,1131.1204,-263.96643,1321.5977,874.62396,163.74548,1330.8306,918.907,-163.64668,1149.0035,948.6599,185.33984,1163.9166,1003.37933,-155.19325,986.7638,999.8083,289.0112,988.9407,1040.6498,-107.80624,954.3738,998.0442,294.8572,953.10364,1033.7244,-112.68977,990.92285,1067.4038,216.24947,989.3302,1116.0162,-215.19576
IMG_014.JPG,163.04176,524.5117,-141.66148,173.10051,473.7815,-224.77205,181.45836,471.4561,-224.60939,189.40399,468.43405,-224.51083,168.85956,467.8123,-108.12891,173.08723,462.2054,-108.44714,177.84569,456.9741,-108.472336,255.10513,454.75787,-400.70605,236.03065,440.59354,134.03014,214.75815,555.56146,-188.73709,208.02635,550.9453,-34.659973,481.2729,643.84155,-609.02563,558.55414,569.61755,517.4743,537.33405,1034.3073,-648.9191,710.00336,854.61566,711.94727,463.46344,1407.7787,-531.76874,771.13763,1116.8698,666.0883,388.78333,1447.3647,-639.0304,740.1187,1108.8599,679.2121,368.62335,1409.7867,-550.8387,733.0266,1110.6094,568.751,399.48297,1395.5466,-498.1065,744.2233,1124.1024,614.55536,1198.1761,838.8045,-363.7257,1222.4624,778.0081,364.844,1763.2988,1015.0408,-266.513,1730.041,949.16565,519.3923,2303.673,1155.3274,-152.45723,2236.6956,1000.7889,787.9864,2397.3376,1132.5897,-147.52475,2335.154,967.4819,814.41315,2336.8606,1324.6748,-376.97586,2270.5002,1163.0737,649.0362
IMG_015.JPG,163.04176,524.5117,-141.66148,173.10051,473.7815,-224.77205,181.45836,471.4561,-224.60939,189.40399,468.43405,-224.51083,168.85956,467.8123,-108.12891,173.08723,462.2054,-108.44714,177.84569,456.9741,-108.472336,255.10513,454.75787,-400.70605,236.03065,440.59354,134.03014,214.75815,555.56146,-188.73709,208.02635,550.9453,-34.659973,481.2729,643.84155,-609.02563,558.55414,569.61755,517.4743,537.33405,1034.3073,-648.9191,710.00336,854.61566,711.94727,463.46344,1407.7787,-531.76874,771.13763,1116.8698,666.0883,388.78333,1447.3647,-639.0304,740.1187,1108.8599,679.2121,368.62335,1409.7867,-550.8387,733.0266,1110.6094,568.751,399.48297,1395.5466,-498.1065,744.2233,1124.1024,614.55536,1198.1761,838.8045,-363.7257,1222.4624,778.0081,364.844,1763.2988,1015.0408,-266.513,1730.041,949.16565,519.3923,2303.673,1155.3274,-152.45723,2236.6956,1000.7889,787.9864,2397.3376,1132.5897,-147.52475,2335.154,967.4819,814.41315,2336.8606,1324.6748,-376.97586,2270.5002,1163.0737,649.0362
IMG_016.JPG,163.04176,524.5117,-141.66148,173.10051,473.7815,-224.77205,181.45836,471.4561,-224.60939,189.40399,468.43405,-224.51083,168.85956,467.8123,-108.12891,173.08723,462.2054,-108.44714,177.84569,456.9741,-108.472336,255.10513,454.75787,-400.70605,236.03065,440.59354,134.03014,214.75815,555.56146,-188.73709,208.02635,550.9453,-34.659973,481.2729,643.84155,-609.02563,558.55414,569.61755,517.4743,537.33405,1034.3073,-648.9191,710.00336,854.61566,711.94727,463.46344,1407.7787,-531.76874,771.13763,1116.8698,666.0883,388.78333,1447.3647,-639.0304,740.1187,1108.8599,679.2121,368.62335,1409.7867,-550.8387,733.0266,1110.6094,568.751,399.48297,1395.5466,-498.1065,744.2233,1124.1024,614.55536,1198.1761,838.8045,-363.7257,1222.4624,778.0081,364.844,1763.2988,1015.0408,-266.513,1730.041,949.16565,519.3923,2303.673,1155.3274,-152.45723,2236.6956,1000.7889,787.9864,2397.3376,1132.5897,-147.52475,2335.154,967.4819,814.41315,2336.8606,1324.6748,-376.97586,2270.5002,1163.0737,649.0362
IMG_017.JPG,1680.6428,404.50583,-217.19774,1692.0458,366.59943,-195.65154,1690.1678,364.57053,-195.24542,1688.703,362.9492,-195.4091,1687.0618,362.7549,-279.84073,1681.9318,355.78073,-279.92093,1676.6417,348.9244,-280.28757,1646.2775,340.1756,-13.414162,1630.3567,318.83148,-387.5288,1633.8422,415.76123,-138.96188,1628.5925,408.0635,-246.77711,1439.5018,437.02698,274.33136,1418.9768,389.26477,-570.84186,1359.5262,706.19635,377.11346,1355.773,702.54254,-613.1404,1360.0538,963.4487,294.76282,1379.8883,1003.01544,-579.33673,1397.5781,1001.1153,293.47577,1399.3422,1050.4138,-681.8393,1403.947,1016.94543,202.33675,1432.4141,1054.6062,-659.9075,1377.2856,1007.46497,248.1584,1414.0569,1038.7617,-574.629,935.1825,572.65436,264.32175,903.1314,529.27045,-262.90738,615.70544,710.0719,378.353,540.6984,672.7466,-259.37457,264.48126,743.15594,608.73206,125.27336,753.0642,-225.4476,191.14616,720.50946,618.4919,40.20981,728.64716,-244.13565,232.14142,881.7144,485.47055,101.47621,933.5868,-496.0536
IMG_018.JPG,1680.6428,404.50583,-217.19774,1692.0458,366.59943,-195.65154,1690.1678,364.57053,-195.24542,1688.703,362.9492,-195.4091,1687.0618,362.7549,-279.84073,1681.9318,355.78073,-279.92093,1676.6417,348.9244,-280.28757,1646.2775,340.1756,-13.414162,1630.3567,318.83148,-387.5288,1633.8422,415.76123,-138.96188,1628.5925,408.0635,-246.77711,1439.5018,437.02698,274.33136,1418.9768,389.26477,-570.84186,1359.5262,706.19635,377.11346,1355.773,702.54254,-613.1404,1360.0538,963.4487,294.76282,1379.8883,1003.01544,-579.33673,1397.5781,1001.1153,293.47577,1399.3422,1050.4138,-681.8393,1403.947,1016.94543,202.33675,1432.4141,1054.6062,-659.9075,1377.2856,1007.46497,248.1584,1414.0569,1038.7617,-574.629,935.1825,572.65436,264.32175,903.1314,529.27045,-262.90738,615.70544,710.0719,378.353,540.6984,672.7466,-259.37457,264.48126,743.15594,608.73206,125.27336,753.0642,-225.4476,191.14616,720.50946,618.4919,40.20981,728.64716,-244.13565,232.14142,881.7144,485.47055,101.47621,933.5868,-496.0536
IMG_019.JPG,1680.6428,404.50583,-217.19774,1692.0458,366.59943,-195.65154,1690.1678,364.57053,-195.24542,1688.703,362.9492,-195.4091,1687.0618,362.7549,-279.84073,1681.9318,355.78073,-279.92093,1676.6417,348.9244,-280.28757,1646.2775,340.1756,-13.414162,1630.3567,318.83148,-387.5288,1633.8422,415.76123,-138.96188,1628.5925,408.0635,-246.77711,1439.5018,437.02698,274.33136,1418.9768,389.26477,-570.84186,1359.5262,706.19635,377.11346,1355.773,702.54254,-613.1404,1360.0538,963.4487,294.76282,1379.8883,1003.01544,-579.33673,1397.5781,1001.1153,293.47577,1399.3422,1050.4138,-681.8393,1403.947,1016.94543,202.33675,1432.4141,1054.6062,-659.9075,1377.2856,1007.46497,248.1584,1414.0569,1038.7617,-574.629,935.1825,572.65436,264.32175,903.1314,529.27045,-262.90738,615.70544,710.0719,378.353,540.6984,672.7466,-259.37457,264.48126,743.15594,608.73206,125.27336,753.0642,-225.4476,191.14616,720.50946,618.4919,40.20981,728.64716,-244.13565,232.14142,881.7144,485.47055,101.47621,933.5868,-496.0536
IMG_020.JPG,1916.5338,1050.9517,-22.55532,1938.631,1012.4548,9.809158,1937.2283,1007.27,9.970456,1936.0704,1002.3076,9.768374,1935.773,1011.4344,-98.40797,1932.982,1004.34296,-98.43723,1930.0991,997.43396,-98.42439,1908.5988,959.3971,199.8913,1900.5947,953.44354,-279.55417,1878.9435,1044.9003,59.74122,1876.3502,1042.1581,-78.15067,1691.7583,977.3962,507.79803,1728.8372,976.888,-510.0491,1661.0603,1189.2833,582.45984,1708.5948,1238.4949,-693.63776,1710.7266,1417.9419,299.61426,1789.3479,1483.7626,-749.85724,1766.0808,1429.2635,293.9606,1846.2573,1508.8329,-889.62305,1777.8827,1451.4126,176.19734,1853.8647,1488.0974,-824.4799,1758.3043,1452.6936,236.52946,1832.4534,1481.219,-730.8013,1226.4017,1082.0032,317.9229,1235.3389,1079.2998,-316.7309,859.8473,1229.9651,288.4165,867.6715,1221.4598,-299.17163,493.35358,1295.8695,444.25504,475.35248,1319.7493,-189.26704,423.89197,1279.5114,446.4925,397.88947,1306.1278,-212.38753,487.08643,1445.2756,241.11565,485.3872,1482.5432,-528.44495
IMG_021.JPG,1916.5338,1050.9517,-22.55532,1938.631,1012.4548,9.809158,1937.2283,1007.27,9.970456,1936.0704,1002.3076,9.768374,1935.773,1011.4344,-98.40797,1932.982,1004.34296,-98.43723,1930.0991,997.43396,-98.42439,1908.5988,959.3971,199.8913,1900.5947,953.44354,-279.55417,1878.9435,1044.9003,59.74122,1876.3502,1042.1581,-78.15067,1691.7583,977.3962,507.79803,1728.8372,976.888,-510.0491,1661.0603,1189.2833,582.45984,1708.5948,1238.4949,-693.63776,1710.7266,1417.9419,299.61426,1789.3479,1483.7626,-749.85724,1766.0808,1429.2635,293.9606,1846.2573,1508.8329,-889.62305,1777.8827,1451.4126,176.19734,1853.8647,1488.0974,-824.4799,1758.3043,1452.6936,236.52946,1832.4534,1481.219,-730.8013,1226.4017,1082.0032,317.9229,1235.3389,1079.2998,-316.7309,859.8473,1229.9651,288.4165,867.6715,1221.4598,-299.17163,493.35358,1295.8695,444.25504,475.35248,1319.7493,-189.26704,423.89197,1279.5114,446.4925,397.88947,1306.1278,-212.38753,487.08643,1445.2756,241.11565,485.3872,1482.5432,-528.44495
IMG_022.JPG,693.62866,860.5352,-68.032715,690.10596,830.26953,-130.6128,693.70496,827.4794,-130.70909,697.0924,824.1859,-130.85976,689.86865,828.00616,-19.703938,693.03625,824.5365,-19.587395,696.5907,821.1309,-19.626774,734.08923,808.3679,-285.38998,731.3402,805.579,214.84656,725.8664,871.33673,-113.39583,724.75433,870.949,31.165285,857.44885,891.01953,-536.23816,910.26794,852.13135,582.6113,826.3518,1122.8309,-628.46735,901.6556,1079.7112,659.0154,794.5749,1357.5228,-558.6685,874.83997,1263.227,337.91763,749.2294,1385.3544,-685.7418,833.58026,1257.6008,348.13666,742.6824,1365.8186,-581.7376,824.50714,1268.4833,215.02933,762.1892,1357.0594,-517.8833,838.5171,1280.3278,273.5742,1265.6891,961.467,-349.0538,1279.5474,932.3518,349.5024,1565.8804,1094.405,-265.45316,1549.4891,1070.0189,470.73547,1877.9436,1200.6735,-123.34505,1841.5193,1163.4152,693.13684,1941.863,1195.1399,-127.273285,1900.5227,1166.7843,705.6642,1858.2899,1306.9573,-409.0816,1837.0671,1246.3265,497.68405
IMG_023.JPG,693.62866,860.5352,-68.032715,690.10596,830.26953,-130.6128,693.70496,827.4794,-130.70909,697.0924,824.1859,-130.85976,689.86865,828.00616,-19.703938,693.03625,824.5365,-19.587395,696.5907,821.1309,-19.626774,734.08923,808.3679,-285.38998,731.3402,805.579,214.84656,725.8664,871.33673,-113.39583,724.75433,870.949,31.165285,857.44885,891.01953,-536.23816,910.26794,852.13135,582.6113,826.3518,1122.8309,-628.46735,901.6556,1079.7112,659.0154,794.5749,1357.5228,-558.6685,874.83997,1263.227,337.91763,749.2294,1385.3544,-685.7418,833.58026,1257.6008,348.13666,742.6824,1365.8186,-581.7376,824.50714,1268.4833,215.02933,762.1892,1357.0594,-517.8833,838.5171,1280.3278,273.5742,1265.6891,961.467,-349.0538,1279.5474,932.3518,349.5024,1565.8804,1094.405,-265.45316,1549.4891,1070.0189,470.73547,1877.9436,1200.6735,-123.34505,1841.5193,1163.4152,693.13684,1941.863,1195.1399,-127.273285,1900.5227,1166.7843,705.6642,1858.2899,1306.9573,-409.0816,1837.0671,1246.3265,497.68405
IMG_024.JPG,373.85806,379.63907,-137.84232,368.09973,357.4803,-181.66687,370.58636,354.798,-181.62848,372.95532,351.8453,-181.53447,366.0823,356.91693,-115.30833,366.73904,354.46283,-115.28183,367.63846,352.18225,-115.291016,396.07678,335.93457,-268.0154,387.22894,336.6034,32.66553,398.74283,382.7569,-161.8515,395.75613,383.16803,-74.748436,501.0215,369.7513,-416.94617,509.24026,384.0792,267.3075,500.28857,529.2733,-538.3981,521.1494,525.5286,354.57513,495.08154,677.6265,-516.2729,505.54688,647.4501,198.55574,477.8723,699.45557,-604.293,483.37686,657.581,192.24763,472.25708,691.14026,-562.0314,475.62677,660.80756,119.08895,479.92242,683.6936,-503.733,484.58066,660.4982,160.73695,788.5837,429.48798,-213.00073,787.1343,439.24942,213.31264,990.2584,515.56085,-136.64334,978.29407,515.3622,297.7273,1207.8263,566.54443,16.028877,1170.179,563.3503,468.5841,1250.826,558.95496,19.122684,1208.6064,559.2156,480.0504,1205.1797,649.851,-165.99806,1169.8413,634.57806,349.74896
IMG_025.JPG,687.2344,856.1886,-148.97675,684.6005,825.46844,-218.03119,688.53204,822.1681,-218.1299,692.20264,818.5112,-218.33054,683.4557,824.91077,-111.65122,686.2216,821.8241,-111.52098,689.2687,818.80835,-111.386345,731.761,804.7289,-358.32095,725.06726,805.7521,124.4989,721.9211,865.80304,-191.95078,719.6167,867.3018,-52.49798,860.2009,896.3787,-617.2663,897.0087,860.0852,499.149,848.62885,1129.7928,-756.1917,887.62665,1086.7277,547.01575,808.5015,1338.3171,-776.1245,845.5951,1272.7974,239.2092,776.9717,1366.434,-930.1401,812.47986,1280.3917,240.76587,763.025,1354.32,-839.2883,806.5303,1287.5388,109.18995,779.47144,1343.3169,-745.9359,819.19385,1294.5796,172.37517,1265.9453,959.1977,-345.21637,1274.5497,941.24854,345.81744,1573.81,1100.2312,-316.07578,1561.3165,1072.9603,419.64175,1903.9174,1189.261,-218.02931,1860.9539,1164.8141,631.82153,1973.6487,1185.3877,-235.83778,1921.5406,1173.009,638.10693,1881.3832,1312.4384,-600.841,1854.1199,1247.8265,387.4419
IMG_026.JPG,1651.4934,533.11633,-4.999229,1685.978,513.3924,14.825463,1686.3762,509.03137,15.072652,1686.967,504.91092,14.976048,1683.9026,513.8475,-59.588715,1683.6451,508.38577,-59.64569,1683.2709,503.09854,-59.95804,1669.73,469.81186,126.07065,1664.2682,469.2914,-192.70636,1614.8197,522.0702,50.361244,1613.3003,518.3041,-41.77555,1454.562,398.8186,374.91257,1497.8387,487.00055,-393.5495,1424.2728,606.5075,510.56512,1452.4156,712.2685,-603.662,1480.4014,806.9241,370.40912,1522.8181,908.0129,-637.1257,1530.6228,825.1546,380.69537,1574.6464,933.0322,-710.75836,1533.8705,837.14264,284.83902,1584.0964,911.819,-657.99963,1512.9681,838.66095,327.5636,1557.587,900.5861,-615.21735,954.7207,487.94028,227.73814,962.1631,538.13135,-227.11919,600.46655,612.7302,301.83624,599.2051,641.95514,-88.46735,268.52768,653.2841,501.21332,235.34053,678.7698,57.681675,204.75449,631.5007,509.74994,156.39014,657.5423,48.366695,252.64435,766.6919,366.3757,252.33806,806.4508,-144.50371
IMG_027.JPG,163.04176,524.5117,-141.66148,173.10051,473.7815,-224.77205,181.45836,471.4561,-224.60939,189.40399,468.43405,-224.51083,168.85956,467.8123,-108.12891,173.08723,462.2054,-108.44714,177.84569,456.9741,-108.472336,255.10513,454.75787,-400.70605,236.03065,440.59354,134.03014,214.75815,555.56146,-188.73709,208.02635,550.9453,-34.659973,481.2729,643.84155,-609.02563,558.55414,569.61755,517.4743,537.33405,1034.3073,-648.9191,710.00336,854.61566,711.94727,463.46344,1407.7787,-531.76874,771.13763,1116.8698,666.0883,388.78333,1447.3647,-639.0304,740.1187,1108.8599,679.2121,368.62335,1409.7867,-550.8387,733.0266,1110.6094,568.751,399.48297,1395.5466,-498.1065,744.2233,1124.1024,614.55536,1198.1761,838.8045,-363.7257,1222.4624,778.0081,364.844,1763.2988,1015.0408,-266.513,1730.041,949.16565,519.3923,2303.673,1155.3274,-152.45723,2236.6956,1000.7889,787.9864,2397.3376,1132.5897,-147.52475,2335.154,967.4819,814.41315,2336.8606,1324.6748,-376.97586,2270.5002,1163.0737,649.0362
IMG_028.JPG,1680.2761,671.0823,23.367867,1714.6526,644.3309,60.12803,1715.9174,638.12787,60.414917,1717.374,632.1993,60.146904,1710.825,646.4168,-46.99681,1710.097,640.94666,-46.76825,1709.2015,635.7085,-47.000015,1706.5576,589.1394,225.66286,1695.6261,595.4044,-249.2792,1648.3481,656.94214,100.624275,1644.8499,656.80457,-36.413567,1503.9231,526.07336,558.22504,1544.1553,617.7762,-530.5879,1466.288,751.98596,764.1745,1530.4788,876.13385,-764.6622,1512.5786,947.4377,504.67075,1603.6711,1093.7783,-712.82446,1562.384,964.0376,529.7025,1651.8414,1120.6625,-802.3371,1566.4711,983.31067,399.1092,1660.2437,1101.2306,-732.1946,1546.9692,987.45306,443.9836,1636.8597,1088.5895,-678.66876,1011.9274,659.4478,327.0224,1013.50684,715.0203,-326.5625,664.2005,784.597,491.92517,674.24207,817.1526,-184.36087,323.01926,835.6169,766.6029,307.20514,852.41376,19.119488,254.37912,816.4283,785.48083,232.7472,825.6171,18.037052,312.40015,971.2177,649.1828,300.79224,997.09186,-194.82698
IMG_029.JPG,163.04176,524.5117,-141.66148,173.10051,473.7815,-224.77205,181.45836,471.4561,-224.60939,189.40399,468.43405,-224.51083,168.85956,467.8123,-108.12891,173.08723,462.2054,-108.44714,177.84569,456.9741,-108.472336,255.10513,454.75787,-400.70605,236.03065,440.59354,134.03014,214.75815,555.56146,-188.73709,208.02635,550.9453,-34.659973,481.2729,643.84155,-609.02563,558.55414,569.61755,517.4743,537.33405,1034.3073,-648.9191,710.00336,854.61566,711.94727,463.46344,1407.7787,-531.76874,771.13763,1116.8698,666.0883,388.78333,1447.3647,-639.0304,740.1187,1108.8599,679.2121,368.62335,1409.7867,-550.8387,733.0266,1110.6094,568.751,399.48297,1395.5466,-498.1065,744.2233,1124.1024,614.55536,1198.1761,838.8045,-363.7257,1222.4624,778.0081,364.844,1763.2988,1015.0408,-266.513,1730.041,949.16565,519.3923,2303.673,1155.3274,-152.45723,2236.6956,1000.7889,787.9864,2397.3376,1132.5897,-147.52475,2335.154,967.4819,814.41315,2336.8606,1324.6748,-376.97586,2270.5002,1163.0737,649.0362
IMG_030.JPG,1693.2054,640.4442,-59.30641,1726.5404,618.0023,-22.893604,1727.2614,613.0358,-22.468357,1728.1887,608.3173,-22.66098,1723.598,618.0355,-126.092865,1723.1301,612.46545,-125.925735,1722.4319,607.0738,-126.194984,1713.0353,571.55206,153.99927,1705.3229,570.8329,-300.7332,1658.3717,630.14935,21.8815,1655.8933,627.2275,-109.35957,1505.6692,530.0382,504.44516,1541.9785,588.4242,-565.48956,1479.2434,749.5198,765.2652,1534.9453,857.873,-801.29443,1510.9838,918.3331,596.1341,1596.6987,1081.3883,-739.30054,1545.8076,934.1922,608.57043,1638.6656,1112.4674,-820.556,1548.9194,944.7517,487.42383,1645.8953,1094.2836,-763.03455,1533.9719,949.0326,541.9073,1623.6575,1079.636,-711.3305,1000.33887,652.67535,322.29446,1002.6105,684.38007,-321.8495,659.3911,768.9353,492.95322,664.5355,783.39276,-173.74298,319.18472,826.7911,782.7426,294.30444,853.5436,39.06973,248.99689,808.3937,801.83264,217.09877,830.3294,40.00181,304.75214,958.21515,673.20074,286.58157,998.6002,-167.43323
IMG_031.JPG,485.23303,558.05554,-61.84572,479.14307,530.1983,-114.74256,482.59137,528.38995,-114.69681,485.97485,526.09204,-114.95448,476.81042,527.2948,-44.26229,478.7575,522.9941,-44.309917,481.05072,518.9343,-44.02966,519.4747,510.59888,-223.24252,510.2544,503.3596,99.03545,518.19006,567.9249,-86.16721,515.5351,565.55225,6.529968,656.1184,594.6526,-384.68222,709.8334,555.77124,398.22217,642.6002,859.95026,-460.2502,712.2733,789.4184,441.8145,633.54626,1094.5488,-429.73166,678.24524,982.81256,219.30899,583.26953,1107.3253,-525.097,624.0949,965.1085,237.59431,581.01514,1083.99,-427.5654,615.9169,983.30786,127.444,601.1598,1079.9902,-395.75998,635.18567,997.8652,168.83109,1103.3014,713.7881,-250.98114,1116.4465,685.7587,250.88896,1426.1304,841.2721,-114.763466,1404.9849,818.19574,343.97888,1739.398,943.39966,30.65279,1697.8049,896.8067,552.54944,1802.3218,931.40594,32.891907,1761.074,891.88794,571.4716,1719.9486,1038.5594,-157.70119,1674.7601,1006.2645,451.61575
IMG_032.JPG,2087.202,651.23315,-119.785034,2107.0046,612.4609,-113.35221,2104.2493,604.6972,-112.918,2101.4827,597.0961,-112.866554,2104.8025,618.78516,-200.08708,2102.234,614.2738,-200.35565,2099.6453,610.10583,-200.30325,2060.7024,551.15955,12.132024,2060.3528,568.61084,-369.5733,2037.6907,639.5338,-54.38447,2038.552,645.7921,-165.5353,1794.0013,566.411,292.74872,1850.8588,667.68665,-494.36185,1662.5127,816.16565,403.9171,1767.009,974.04614,-439.4991,1693.8304,1054.2457,366.4176,1843.6398,1233.7709,-307.2706,1737.0441,1065.3235,363.80334,1891.797,1277.909,-391.01212,1769.2959,1100.5713,305.42603,1903.4885,1257.0195,-352.58432,1751.5266,1105.1008,334.1431,1878.9658,1239.3833,-287.4095,1261.5327,797.757,215.6891,1340.781,827.7092,-214.94469,813.257,969.4998,296.5713,1546.4894,942.62274,1.4484411,412.35742,1076.4966,334.61353,1262.5479,996.1465,439.76883,351.45956,1066.1146,338.9997,1200.7734,976.4724,478.63882,349.90308,1167.8765,277.48978,1273.1263,1048.333,663.4761
IMG_033.JPG,2117.5781,423.95367,-53.688572,2165.0288,407.88538,-37.944096,2166.6963,407.9571,-37.97802,2168.747,408.38577,-38.458923,2164.1367,395.66684,-129.28339,2165.7876,384.98148,-129.21236,2167.1836,374.6176,-129.5567,2165.0903,362.126,158.93251,2160.132,316.398,-234.29681,2082.9978,404.75793,40.446865,2083.5908,388.87796,-74.10037,1974.0713,288.53653,419.85287,2019.9677,280.01135,-486.88046,1895.561,547.9999,519.0686,2048.986,628.2045,-866.0262,1944.9442,792.2311,332.5355,2199.1338,910.91595,-898.11395,1982.5643,844.8427,327.59305,2238.597,974.7148,-995.5215,1995.8984,863.86334,222.05096,2259.7058,943.147,-947.9758,1975.4745,844.04144,279.06473,2234.138,915.2415,-878.21674,1288.4678,474.92447,265.53,1257.8627,473.42853,-264.5617,797.6619,675.16766,231.78185,755.6577,683.3263,-209.91368,332.56775,741.3781,391.15552,258.5376,741.7086,-154.39084,268.95718,701.7705,400.76544,180.22537,690.1337,-155.06708,211.5516,884.2033,265.85773,167.79057,919.9435,-339.01123
IMG_034.JPG,1827.0503,874.24744,-94.65358,1864.7849,856.7312,-68.08573,1864.7954,858.6885,-67.88156,1865.0535,861.0114,-68.50121,1865.2305,843.27325,-148.53578,1865.7837,833.4139,-148.44438,1866.0215,823.7605,-148.73624,1850.5015,829.60864,154.08499,1848.3862,778.4314,-213.93155,1789.612,869.7627,4.0085897,1789.9497,850.4091,-102.26924,1665.871,868.9668,370.77228,1703.6904,731.5391,-436.42456,1690.952,1107.1829,499.32825,1781.4996,1013.70154,-723.64386,1787.2549,1229.1476,294.9685,1874.3918,1227.4471,-757.06244,1816.991,1250.108,262.3705,1903.8372,1270.5667,-841.3451,1835.958,1230.6317,191.77443,1919.9811,1249.104,-820.32544,1822.602,1223.2479,255.49802,1901.5237,1239.3923,-747.95483,1138.5668,965.9993,261.0589,1099.959,873.63074,-259.38898,986.1246,1202.0743,428.31754,704.7023,1005.8431,-282.05005,734.6217,1099.1332,874.219,333.1514,1111.539,-276.8291,698.07404,1051.6255,917.2259,274.60107,1085.9003,-286.6954,644.8467,1180.0369,935.8438,236.2455,1254.4806,-521.3776
IMG_035.JPG,1811.073,865.44617,-30.852623,1845.7965,841.9242,-4.7169967,1844.249,840.1763,-4.428334,1842.984,838.8013,-4.68873,1849.4031,834.9903,-102.20847,1851.2233,826.5784,-102.39231,1852.8313,818.3957,-102.8761,1827.4592,796.15155,190.8501,1836.919,766.05927,-246.82962,1772.3566,851.1373,57.67819,1777.0173,840.2602,-69.2677,1637.5951,818.8177,403.22186,1685.4788,719.7256,-483.84677,1644.2235,1067.0973,624.0956,1741.7316,1024.0679,-746.4918,1716.2488,1229.6001,479.97705,1819.1644,1251.945,-696.8918,1747.7764,1249.8425,487.40247,1859.258,1291.9586,-767.54895,1765.2374,1244.4312,402.81918,1872.7983,1267.7281,-716.01324,1751.2402,1238.1697,437.35712,1854.079,1260.2242,-671.03784,1142.5146,923.08093,267.53268,1087.5387,845.0983,-266.24554,1078.8025,1232.729,235.43098,694.5563,990.1179,-331.93597,867.4423,1126.3467,735.43036,331.8476,1106.2526,-209.88736,846.6519,1078.243,792.3609,279.6071,1081.3169,-205.61469,775.15686,1180.9021,873.60657,245.04486,1247.0594,-429.5042
IMG_036.JPG,2089.713,566.4549,-70.5983,2117.4937,525.569,-55.635597,2116.8557,520.32874,-54.96799,2116.46,515.3198,-55.14147,2111.8757,527.6796,-148.6929,2107.4663,521.43304,-148.59134,2102.8635,515.3885,-148.99988,2073.3027,475.8417,74.26332,2055.9976,477.09113,-326.7288,2034.0929,566.268,-1.2098836,2027.5182,563.502,-117.20412,1780.3137,460.19354,371.3628,1819.9761,586.5571,-551.02,1653.8889,719.5089,632.7766,1743.7703,944.703,-610.0407,1683.8577,953.29,574.7734,1825.6301,1256.0217,-490.94937,1715.4893,967.57825,563.6083,1868.3447,1306.2677,-588.63336,1743.93,988.7951,466.41907,1898.8715,1295.8687,-532.4409,1722.0905,1000.0283,537.181,1867.279,1273.8665,-466.66934,1169.8983,707.27545,290.9149,1172.4978,766.33966,-289.611,806.456,876.73175,500.5052,757.6425,936.5364,-204.62137,381.55432,940.2007,823.255,258.60846,1000.5869,-139.44815,290.8648,910.6867,843.61365,147.8804,957.1074,-154.13164,372.72516,1089.3389,772.919,269.53018,1217.1215,-361.92245
IMG_037.JPG,1855.5881,634.96014,18.343122,1888.1615,600.7914,37.80664,1888.9905,594.9367,37.89535,1890.054,589.4615,37.506252,1883.1373,602.18677,-77.434494,1881.6211,595.16785,-77.208725,1879.8273,588.24744,-77.038025,1869.9738,538.05646,181.74979,1856.2959,536.2583,-334.554,1817.8696,617.2822,90.57767,1813.2448,616.8992,-57.93032,1686.55,510.03207,459.45178,1672.759,520.5179,-558.5499,1732.6904,770.7682,629.1922,1609.1958,835.9829,-651.51013,1813.2196,948.4719,413.76154,1753.6779,1031.521,-440.63287,1852.1144,975.81616,391.93985,1811.2883,1083.038,-502.93582,1864.2108,970.3066,321.04944,1839.2771,1047.0469,-468.56726,1847.1003,961.7808,375.41,1811.3868,1033.606,-418.50238,1082.7566,568.22705,344.15668,1073.3605,558.4499,-343.49103,740.6831,759.13715,508.40848,712.00916,781.2136,-262.83688,411.08008,876.67163,756.1443,321.70853,956.485,-186.9693,340.4812,861.3232,769.5581,241.9741,935.7456,-191.89899,368.81638,1037.2737,643.8087,267.6732,1139.7463,-381.08545
IMG_038.JPG,1805.1699,594.9246,-102.77177,1842.9193,573.2022,-67.17286,1843.6047,573.9255,-66.97981,1844.5669,574.9949,-67.31706,1840.3644,560.55164,-164.53226,1839.8708,550.0273,-164.52582,1839.1685,539.6821,-164.79633,1830.106,538.6059,159.20093,1822.3416,493.13403,-277.05933,1768.6831,590.1504,-0.8926474,1765.9564,572.78125,-126.62898,1635.8743,520.94525,511.76132,1656.687,478.46033,-531.202,1629.3005,728.193,722.34875,1582.9076,786.15094,-676.2426,1700.7094,879.00525,598.9025,1659.4695,1010.4585,-514.7483,1731.0834,904.91656,611.72156,1686.9756,1061.4935,-591.99835,1742.7618,909.55066,525.7642,1712.6082,1041.218,-558.237,1726.4268,901.66376,556.0815,1692.6975,1023.8169,-493.16464,1071.7445,558.2834,319.80722,1064.7639,520.09155,-319.2505,714.82837,744.026,359.19644,720.24915,742.56824,-304.13834,363.25372,863.10004,529.9502,320.521,929.8925,-215.68123,295.1236,847.73236,534.6408,239.00986,912.0985,-219.17738,307.31622,1009.31323,353.77637,271.32538,1110.9535,-443.52924
IMG_039.JPG,1881.8375,286.08044,-187.02876,1892.1168,249.35216,-165.6514,1888.8828,247.98149,-165.42386,1886.169,247.11023,-165.7825,1889.3425,244.09264,-244.3744,1884.6151,236.75883,-244.65106,1879.6726,229.53114,-244.97372,1835.9928,228.24149,0.7946325,1827.3165,201.6568,-342.17755,1826.6517,301.0389,-115.01043,1824.5273,291.31537,-214.8749,1610.9539,357.56522,251.84358,1578.4059,258.36,-517.8688,1559.5399,646.2097,410.62506,1554.6201,599.67773,-568.837,1577.3794,899.59894,327.09518,1611.8582,917.693,-515.9767,1619.1395,929.07825,322.29517,1641.3292,966.54596,-628.12537,1625.4723,943.7813,216.41075,1674.0586,965.74817,-595.0652,1597.2883,936.4316,277.3263,1651.1628,950.5819,-508.90765,1037.5204,530.81586,233.40686,989.0606,461.38336,-232.44331,644.229,708.9311,269.75153,587.8547,684.0743,-158.5021,249.62157,799.05383,455.5492,168.89381,819.14,-22.912771,175.03673,778.7658,461.25955,84.3399,797.7838,-26.605938,199.87881,924.96313,265.3692,143.67027,995.6612,-257.7446
IMG_040.JPG,1903.233,352.14502,-211.82507,1912.4188,314.2202,-187.4071,1909.1749,312.08344,-187.32037,1906.4066,310.4094,-187.63765,1909.2286,310.78244,-265.7375,1904.3069,304.47058,-266.1598,1899.1448,298.20792,-266.5606,1856.8441,289.8699,-19.785864,1847.7985,270.54602,-358.0885,1848.9788,365.23334,-140.22884,1846.7101,359.0368,-238.63608,1630.9093,408.59348,217.74687,1591.1196,329.7119,-517.4025,1572.5116,668.7688,382.825,1555.2365,659.10596,-573.71295,1596.4355,894.73975,287.0222,1612.6473,947.647,-523.65625,1643.4768,912.89026,262.2314,1648.3431,990.2539,-647.3059,1650.8213,925.6697,153.77141,1680.2485,981.37384,-612.7225,1622.572,923.394,233.86375,1657.5178,968.383,-517.014,1043.7351,554.18994,214.25645,996.47705,491.713,-213.24075,651.41705,724.6523,226.486,592.98724,699.8445,-147.03206,254.63315,808.6213,392.2258,188.045,813.8324,6.1738396,182.46756,791.0128,395.5725,109.14208,793.0258,5.809803,210.32713,914.74554,211.5746,166.35614,963.2666,-211.19681
IMG_041.JPG,1703.3258,643.2797,-71.84518,1738.876,614.17126,-29.661133,1739.949,613.0784,-29.638388,1741.3805,612.32477,-30.262611,1736.9081,603.5835,-142.15201,1736.4304,592.8099,-142.24423,1735.7587,582.2345,-142.39603,1729.3011,563.28754,194.59444,1717.5774,524.3604,-297.7588,1665.5432,629.5455,25.911354,1662.9973,614.3034,-116.647354,1520.285,584.6925,488.19843,1538.5779,449.45172,-512.1687,1367.6914,724.48895,870.54297,1427.261,697.02826,-741.0178,1424.8867,865.568,876.24426,1508.3832,924.0248,-758.1063,1449.5038,899.67346,902.5886,1515.6537,971.0554,-819.93835,1472.4124,912.60596,825.5777,1544.5537,957.90063,-818.76105,1461.2205,900.0227,835.2564,1538.634,940.6187,-752.5385,1021.57153,700.94855,303.81784,1010.76294,625.46295,-302.29526,653.2344,776.80475,280.48215,639.744,738.4303,-301.9936,302.85614,839.09644,413.92273,251.68259,812.3737,-257.37305,233.59634,817.48676,414.13785,172.0684,778.7183,-265.2692,258.95135,977.34174,236.68832,207.36366,985.96204,-489.3537
IMG_042.JPG,1635.3876,335.8523,-64.51604,1663.0299,305.58517,-45.610546,1663.4977,303.51746,-45.7569,1664.1902,301.89365,-46.19588,1659.5963,299.55667,-124.627335,1657.8961,291.44824,-124.907524,1656.0469,283.56985,-124.94746,1643.9326,258.65662,96.064,1631.5376,235.56715,-245.59422,1598.0374,324.20486,0.34764263,1594.8284,315.5662,-99.82704,1464.0391,270.9307,272.2289,1445.8533,198.47049,-333.96713,1509.9589,406.08423,368.94693,1375.0775,436.68533,-424.3793,1644.0197,473.27722,224.76553,1432.1183,660.5953,-435.8634,1692.6807,476.37823,192.96776,1449.1678,704.6629,-500.24008,1700.9453,476.19653,142.12247,1467.1165,688.42316,-488.76843,1682.9181,475.62903,190.77188,1457.89,671.8651,-429.59613,946.3856,363.6917,171.23314,924.9327,301.68124,-170.91254,586.75055,496.8161,106.07923,557.931,457.25818,-146.58109,228.96602,568.4961,115.510056,183.72424,565.28406,-126.84837,166.44945,551.21234,105.89429,115.591805,551.4136,-137.45685,175.0747,681.3977,-41.714226,129.28049,681.5738,-326.4394
IMG_043.JPG,1644.9385,479.9332,-118.965096,1674.4027,448.33737,-92.95196,1674.5156,444.88254,-92.87305,1674.9122,441.75232,-93.265724,1670.8419,442.66412,-195.00072,1668.9354,433.84607,-195.12181,1666.874,425.1632,-195.11755,1652.024,390.00995,80.28582,1640.2565,368.20908,-366.377,1602.8673,462.88074,-40.888626,1599.8096,455.2667,-170.5639,1448.1259,374.88654,313.63254,1444.6053,328.44388,-512.0328,1369.7029,549.67456,486.2362,1380.2401,577.70496,-677.0736,1399.0393,728.3333,298.82062,1433.6312,794.361,-693.7936,1431.0532,755.6619,273.4311,1460.9656,828.5334,-790.53687,1442.519,766.6545,177.11693,1478.8485,811.1207,-759.17316,1424.5912,759.5225,249.86523,1463.4318,797.8148,-681.1386,935.3889,451.7762,243.40103,915.2763,417.93115,-242.44382,562.7008,571.1256,234.93388,549.0615,563.6645,-216.29909,211.265,653.3887,303.90613,178.30653,659.87067,-117.71876,142.46455,635.7043,298.16846,102.76271,641.9666,-130.22119,174.02649,775.97626,118.28165,150.92088,791.7224,-362.24112
IMG_044.JPG,2074.3582,470.20712,-137.46193,2098.803,431.79626,-123.19995,2098.0276,426.82715,-122.52492,2097.58,422.15854,-122.75779,2092.031,434.0784,-203.40714,2086.9626,428.52054,-203.33174,2081.702,423.17114,-203.71193,2050.993,391.5626,2.241032,2031.3625,393.01932,-345.72058,2017.2809,475.85077,-71.42453,2010.0962,473.46307,-172.0546,1760.4917,407.35043,306.70496,1783.3014,519.8392,-549.49225,1650.7854,698.34265,543.2929,1712.7114,902.72644,-554.0652,1677.9746,931.987,466.02448,1796.0435,1234.0256,-401.1862,1713.1248,938.1536,447.1001,1842.3,1289.2045,-497.5865,1740.5752,963.0483,344.19104,1875.7664,1275.4554,-450.27423,1717.1658,977.7155,425.27258,1843.5747,1255.5424,-381.4061,1155.303,672.50336,280.29175,1147.8749,724.5839,-279.27872,780.70325,836.616,504.8668,733.45386,890.41565,-125.2723,362.4212,908.17786,794.51624,236.88255,957.2827,-10.700428,272.48102,878.24994,813.6481,129.68605,918.9273,-14.788929,345.08612,1052.8279,734.51227,237.82654,1150.645,-196.46854
IMG_045.JPG,1964.6628,689.1292,-119.3125,1989.0624,649.63806,-92.031105,1988.1366,647.4547,-91.92361,1987.5999,645.63873,-92.42744,1985.5935,642.24713,-195.18471,1982.1471,632.75024,-195.21216,1978.5952,623.3783,-195.20392,1952.2549,602.39685,116.32317,1938.8025,573.56024,-336.87558,1916.4175,686.2223,-25.868567,1912.2642,674.7839,-157.0147,1716.8501,645.4526,409.5609,1719.8928,586.0912,-509.99182,1564.7605,860.36835,563.42834,1606.5065,868.98425,-639.7977,1558.8368,1077.549,357.78415,1656.0835,1119.2344,-645.26135,1582.2634,1110.9238,330.07715,1684.6328,1161.7933,-754.39264,1600.3906,1124.9192,227.93066,1704.8179,1146.8898,-727.53687,1584.6644,1114.3934,302.73706,1686.7952,1129.8721,-640.0214,1185.4075,794.4381,294.1882,1170.9913,756.54254,-292.71405,762.1128,933.2043,277.86157,744.5337,881.40814,-254.30037,349.5842,994.63385,378.1456,287.5918,939.5642,-227.57692,272.62238,965.83655,375.89282,195.98198,907.47565,-247.93335,304.3457,1149.8041,185.7771,261.93457,1125.7083,-520.1776
IMG_046.JPG,1972.8367,691.40045,-131.98636,1993.0276,652.4293,-100.97841,1991.731,651.1018,-100.91318,1990.8629,650.1813,-101.486465,1989.7186,643.4123,-203.62245,1985.836,633.6915,-203.68607,1981.8651,624.09595,-203.67975,1952.3505,609.5542,113.42673,1939.073,575.43304,-339.09512,1922.8137,690.91785,-37.648357,1918.7671,678.1384,-168.89166,1723.6506,667.5597,380.9045,1716.1667,581.9327,-502.0766,1580.105,878.6373,537.45874,1605.4194,866.46204,-635.1232,1572.9589,1075.774,331.03125,1663.7402,1111.3461,-646.796,1591.5989,1110.4603,302.28107,1688.482,1157.4657,-762.417,1608.571,1117.6029,203.12073,1711.0974,1142.7214,-737.61584,1594.4119,1106.1212,277.64246,1694.1858,1125.0614,-642.84064,1194.0876,803.606,284.64453,1170.4148,749.20416,-283.2626,772.69543,930.4699,241.38513,739.83154,876.4011,-250.87524,356.0843,991.28796,305.0951,287.96677,939.05457,-226.80658,279.1955,960.1878,299.08075,200.16617,904.01154,-242.5776,302.9682,1140.6168,108.3961,248.92265,1121.6221,-497.414
IMG_047.JPG,1510.9231,349.34503,-25.418913,1539.1218,324.2527,-12.117632,1539.2114,319.25613,-11.893551,1539.5995,314.45093,-12.098329,1536.4381,325.52386,-87.778404,1535.1841,319.74365,-87.823364,1533.8672,314.0929,-88.10681,1522.6383,273.82083,100.5381,1514.4281,272.3873,-233.81288,1474.9484,334.78467,31.975803,1474.0731,334.06158,-64.78284,1332.6249,242.60793,329.7077,1340.8466,282.2984,-395.08344,1246.0431,470.88016,478.9221,1253.5918,550.7367,-434.69324,1279.593,670.7041,349.73486,1296.5581,796.38696,-326.42554,1318.6604,680.94727,339.06146,1329.9008,829.64905,-401.19418,1337.7865,704.31305,251.56331,1351.3478,815.8076,-359.622,1317.2894,707.2905,307.68533,1334.543,804.5712,-309.894,880.1591,444.8626,233.0277,867.4339,456.42264,-231.80803,568.7231,604.886,292.13385,544.82117,585.7934,-154.54628,230.78354,659.746,495.67432,183.51907,649.0185,-41.502277,168.24614,637.986,504.2907,105.24456,626.23755,-51.16942,204.35216,764.20044,374.16837,200.59561,790.8431,-249.96002
IMG_048.JPG,1592.7169,360.2352,-98.48417,1617.8556,331.33936,-80.917854,1616.7695,326.87714,-80.7006,1615.9856,322.5918,-80.82556,1616.5835,331.45294,-161.72205,1614.9174,325.4415,-161.76123,1613.1871,319.50803,-162.10207,1590.8293,284.6102,59.58115,1586.4263,279.67627,-300.42242,1552.377,351.41858,-31.343433,1552.1604,348.75723,-135.37155,1383.1168,268.09232,310.2736,1400.7322,317.2804,-458.40414,1296.6451,481.16577,444.84094,1325.0714,585.83246,-510.18594,1339.315,675.0489,284.5431,1364.9174,826.24756,-415.327,1380.3789,677.9014,270.8917,1401.1752,855.44525,-505.79865,1405.3245,698.6762,176.49664,1420.4202,839.4005,-462.15256,1385.6677,704.8268,239.12735,1401.6206,828.9251,-398.1161,933.3494,490.31085,238.56891,926.5452,512.15576,-237.56802,612.47034,654.6875,332.4533,597.44073,649.1086,-129.03067,265.44815,719.28,549.29333,244.03616,715.03876,4.502385,201.87552,702.5939,560.46173,167.2526,698.7204,-4.8516326,239.1311,819.75146,421.85577,265.29776,847.41907,-222.30104
IMG_050.JPG,1570.9907,744.18036,-168.60202,1602.9791,727.48706,-150.74234,1604.3589,722.8425,-150.77551,1606.0881,718.4902,-151.04155,1599.478,726.0246,-248.06659,1599.6978,719.43463,-247.81052,1599.6538,712.9701,-247.75125,1603.4435,671.00555,8.341184,1593.3864,662.30927,-427.31174,1546.0133,719.3001,-95.28879,1545.0836,716.5868,-220.19073,1479.8801,620.5956,286.7649,1450.9209,587.3123,-617.57007,1442.1904,821.28906,471.11526,1408.8411,829.9761,-791.7606,1486.1365,1009.72736,291.5411,1487.3953,1029.0295,-811.91235,1522.7294,1043.6726,283.90204,1513.6282,1065.3309,-901.72375,1528.8575,1057.6991,183.34546,1534.7764,1051.0487,-888.85895,1509.0442,1044.4034,241.7901,1522.9551,1036.8247,-806.3495,1030.5063,721.7207,295.00784,995.1401,703.0837,-294.06137,691.60596,850.92316,371.09192,636.44666,838.2433,-269.20047,383.62823,933.57983,570.5324,279.7577,928.487,-277.48746,322.14258,914.90735,577.2321,211.63063,906.8695,-299.92798,342.0784,1086.6283,379.7714,238.88008,1091.6908,-576.7073
IMG_051.JPG,1815.2057,465.81708,-162.43704,1840.3026,432.63873,-127.74247,1840.0372,430.33823,-127.591125,1840.0348,428.36584,-127.88662,1836.5852,427.58942,-242.32648,1833.6521,419.49243,-242.23059,1830.3877,411.46246,-242.42448,1805.2053,392.29926,76.66123,1790.3794,370.76334,-431.16885,1769.248,465.95248,-74.5035,1763.4894,455.54105,-219.8166,1577.4865,429.74997,436.69205,1592.8392,396.99365,-725.6581,1528.5151,653.94574,702.0966,1596.1444,667.9431,-941.3934,1577.7212,855.5008,592.333,1682.4897,868.21155,-717.26685,1605.5928,896.5447,597.6201,1711.6576,910.4986,-769.52606,1616.5209,896.60626,503.20065,1723.1831,897.95465,-737.0315,1597.8672,882.65436,544.87494,1704.574,882.58093,-698.29456,1044.6189,574.9885,370.25067,1025.3235,551.47327,-369.86966,763.7686,701.98804,610.7022,668.8025,742.04926,-381.45352,501.54517,674.5948,1017.59753,340.2857,715.7276,-115.74289,454.42093,645.0516,1048.7238,297.65335,671.5798,-93.41229,426.30927,775.5403,982.853,214.58,842.0123,-253.29587
IMG_052.JPG,1807.3102,422.56158,-218.94537,1833.0425,389.34695,-194.85924,1832.3489,386.17578,-194.69392,1831.8182,383.31488,-195.03015,1829.9448,386.72403,-301.02966,1827.3069,379.1176,-300.89526,1824.2974,371.70358,-301.03473,1795.1638,346.91302,-24.162128,1784.2234,332.70367,-487.83383,1760.7642,421.51538,-141.74754,1756.2307,412.41254,-274.1993,1570.1785,391.57883,315.66675,1584.2983,368.24966,-726.9382,1556.222,621.23834,577.6113,1611.1602,645.86896,-896.9061,1600.7771,824.9875,511.79904,1696.5717,861.52856,-709.5504,1629.0332,858.0759,507.01382,1730.3119,903.53406,-760.4577,1637.9834,863.9072,418.54254,1740.7412,888.8319,-733.65283,1619.3176,854.687,470.85544,1720.8923,875.0912,-693.2212,1039.2673,549.4865,327.23264,1019.12836,535.79047,-326.77463,805.04913,662.84076,708.07794,674.22546,718.7608,-166.23091,556.2511,634.91394,1217.5192,326.75858,729.1466,122.58574,507.699,603.7331,1264.0823,274.3727,690.29236,145.26411,489.12146,739.35266,1248.805,220.80856,870.6914,-3.1898584
IMG_053.JPG,1798.3945,429.76294,-294.87018,1821.3856,393.80792,-263.64954,1820.2302,390.80026,-263.40994,1819.3762,388.05112,-263.6603,1818.8635,389.98846,-374.01703,1816.1842,382.28473,-373.80096,1813.2131,374.80728,-374.02716,1784.027,350.01572,-49.497177,1774.6504,332.66138,-542.49335,1752.3035,428.68222,-201.34677,1748.7024,420.41022,-342.91122,1569.6462,398.52524,312.91907,1579.6279,364.54102,-762.897,1517.8796,643.6923,554.1492,1596.8167,639.09283,-912.2832,1554.5269,870.13904,438.44672,1666.0845,866.11194,-837.97296,1582.5026,908.8667,433.8554,1691.4135,910.69543,-940.37787,1594.5261,921.0863,328.15213,1709.3568,899.4312,-923.3501,1575.1721,909.72186,389.40668,1691.0594,885.00555,-829.88,1069.6356,576.97974,337.4619,1026.9396,555.38947,-336.28607,876.78503,738.70593,724.2581,664.9118,701.0921,-243.99228,610.0996,790.3571,1244.7074,310.87,760.6176,-71.44153,545.1471,771.31824,1286.9928,244.37622,735.5008,-68.46446,574.1588,929.29333,1266.5088,243.90236,900.89014,-276.35562
IMG_054.JPG,1664.9443,646.5328,12.984226,1696.7283,624.4905,21.417583,1695.61,622.10114,21.525429,1694.788,620.0677,21.376837,1697.3174,619.59644,-57.372242,1697.6886,612.4123,-57.33611,1697.9115,605.37714,-57.61382,1676.1393,582.3796,147.66512,1679.1034,560.088,-193.1952,1626.9924,634.0842,76.78542,1628.9359,625.8174,-22.878773,1466.6014,571.28424,362.56387,1508.7278,536.4076,-336.96756,1375.8652,772.0612,467.84668,1427.2611,771.5369,-434.93655,1401.3955,940.04504,395.18515,1443.6672,978.71985,-476.5549,1441.6384,957.2895,389.03052,1474.2362,1007.6215,-560.4019,1460.252,968.6285,306.5841,1487.5842,992.77716,-541.45276,1443.3019,964.87213,354.64807,1470.7251,980.1359,-469.48398,1010.2848,602.15393,224.32707,1003.82056,587.4748,-223.35654,658.149,758.2867,266.2279,637.0085,768.40625,-219.61157,347.08228,856.1504,380.62634,236.37529,866.1612,-294.2301,284.0922,841.0212,381.11862,157.95529,848.1378,-322.83734,326.72913,1008.38196,231.86162,219.3173,1038.9591,-554.92896
IMG_055.JPG,1784.802,669.8419,-119.64223,1804.3467,635.6984,-82.836845,1803.7117,633.29474,-82.69884,1803.3667,631.2741,-82.87754,1799.5825,630.3699,-186.07333,1796.0303,622.64404,-185.92911,1792.2427,614.99567,-186.30493,1774.472,598.41833,135.60632,1759.1882,577.11914,-325.93204,1745.6929,672.032,-25.636517,1740.329,664.37476,-157.62677,1579.776,622.9183,444.61014,1574.5457,601.6369,-526.5133,1520.783,789.8689,739.8163,1462.5856,837.263,-684.8062,1607.5963,937.3496,757.37195,1543.2726,1031.0139,-660.2038,1647.5226,961.3047,795.1804,1567.1938,1065.8663,-743.46985,1661.1725,962.0904,707.3236,1591.6431,1053.0615,-734.37836,1639.6826,958.6309,721.78827,1576.1677,1038.0771,-651.96783,1079.9833,706.2989,311.11832,1068.5297,693.2622,-310.53326,748.3318,822.93256,579.24,697.4533,825.9369,-431.33636,423.80707,894.547,976.26184,289.40588,896.11035,-582.884,360.3592,882.88745,1007.4677,210.52711,875.89264,-615.88367,390.23453,1027.5035,881.18774,241.72287,1056.686,-877.90234
IMG_056.JPG,202.95184,459.5971,14.585927,171.20514,430.20248,-73.73419,170.96478,426.91037,-73.662735,170.68573,423.20328,-73.82636,174.57697,425.009,7.937124,176.28143,418.72208,7.8483896,178.32782,412.47504,7.395751,189.2898,395.78564,-289.6734,198.17218,379.05646,88.531815,235.0954,458.83957,-37.11053,237.4851,456.2055,72.91842,312.7527,491.7851,-488.23965,437.76593,327.06467,425.50296,340.69623,856.3164,-517.3937,479.51706,590.6524,674.32837,315.53937,1097.8342,-342.81717,443.4697,802.67334,608.594,269.54285,1134.0903,-412.71356,399.91016,808.8147,632.05585,270.76453,1095.9006,-347.75864,392.54645,827.93945,536.96826,300.22864,1076.0048,-313.14612,410.17377,836.38293,566.1256,915.00195,621.00507,-306.53323,969.9613,515.6866,305.61792,1319.5917,759.3673,-59.145752,1325.4133,660.6778,461.23007,1738.5369,830.1798,163.76633,1685.5634,769.26215,742.63245,1823.7529,793.23376,171.1754,1768.2234,756.73584,760.755,1729.933,970.36804,-39.705788,1657.5347,917.109,651.8578
IMG_057.JPG,214.10614,438.1444,-53.741802,185.19696,404.41788,-127.57915,185.84644,398.81055,-127.41701,186.44843,392.78098,-127.5629,187.04187,406.4755,-49.299496,188.41089,403.11365,-49.28889,190.06488,399.79376,-49.498634,210.46423,364.4628,-272.78043,213.4892,369.95465,91.367744,249.55237,433.44135,-81.4915,249.3581,439.93875,24.439043,331.22156,468.79453,-455.67273,455.10995,330.8568,440.67953,341.61176,815.96875,-522.3421,493.73297,586.6043,628.30084,306.4229,1073.0394,-391.90936,455.3398,804.2025,476.318,268.56427,1112.5417,-470.00995,418.68045,818.62164,486.62122,261.83917,1088.5718,-399.43588,408.8449,831.3558,394.5518,287.21417,1065.5544,-360.9603,424.1478,836.619,433.9537,901.6431,606.33685,-289.8343,950.1667,518.62823,289.12546,1319.8086,749.02594,-114.87373,1321.991,661.5109,365.90848,1743.9536,804.70306,40.619175,1696.1016,766.57294,577.39343,1826.2434,766.1335,44.04276,1774.658,751.76074,588.23145,1758.9465,940.2002,-175.81233,1698.618,908.84674,454.71997
IMG_058.JPG,1537.4359,436.19293,-99.85944,1554.4563,405.05347,-84.31245,1552.5193,399.91705,-83.89455,1550.7877,394.98682,-83.85066,1552.354,408.75955,-156.09407,1549.7509,404.88535,-156.18292,1547.0889,401.16965,-156.3885,1516.2091,363.5222,41.314945,1512.2692,372.33514,-272.5751,1496.736,431.35886,-36.82178,1495.508,433.14368,-128.29868,1306.5967,344.9765,269.9145,1338.5059,443.4057,-388.41666,1218.2789,533.38556,376.02097,1247.762,681.2315,-370.77948,1251.5452,707.8223,271.3374,1271.3785,904.8881,-250.58588,1298.2085,701.1997,252.08784,1316.6912,935.2696,-318.06082,1317.1158,727.2248,175.9318,1332.1355,917.35675,-269.61887,1297.7719,739.36383,234.80717,1308.2904,904.9643,-230.09174,897.66705,491.21027,195.54964,895.6325,546.06976,-194.98071,620.3243,637.70465,331.64084,571.9287,668.68207,-45.796257,329.11258,686.70386,538.9996,249.36768,729.1351,81.14811,274.7936,668.1775,556.78595,184.69637,715.1883,83.009,306.72333,776.55206,493.41266,259.27072,845.83734,-54.56347
IMG_059.JPG,1576.4355,445.16986,-86.90082,1595.3682,415.58096,-65.27459,1594.0046,411.11212,-64.76467,1592.8292,406.82388,-64.64478,1592.3138,417.74973,-142.35616,1589.4539,413.59534,-142.49763,1586.5137,409.60632,-142.96239,1560.952,378.8511,70.202095,1554.0486,384.50717,-269.7904,1537.9265,444.37317,-20.487894,1535.013,444.2071,-119.50241,1348.1462,357.0617,343.23856,1384.3267,456.88034,-436.9037,1271.3932,545.3168,510.11243,1299.1731,703.5372,-447.28265,1309.6768,723.1248,449.75052,1303.931,925.5857,-310.48648,1355.6661,722.9275,455.4259,1340.5708,954.6174,-380.41315,1368.0317,742.74817,365.10278,1357.2554,943.4638,-318.81125,1348.9176,753.18835,410.37762,1334.4169,930.34625,-281.68008,918.7059,484.6984,219.62111,924.4862,537.4965,-219.11818,641.9911,630.712,387.54443,601.99927,654.4223,-45.776424,344.985,690.99963,623.82446,281.87134,720.1544,108.37055,284.56506,679.05066,642.5791,213.935,707.1931,110.81551,336.61,781.6802,577.2081,296.04175,842.1217,-25.55262
IMG_060.JPG,1873.5347,587.5637,40.601124,1919.5378,554.1747,59.847427,1922.1605,544.6861,59.7961,1925.0101,535.6385,59.268547,1912.829,561.1859,-39.645824,1912.1013,555.6521,-39.752262,1911.208,550.30505,-39.75543,1917.6797,472.80872,171.3981,1899.1821,492.61545,-255.5621,1837.1282,557.31195,100.20269,1832.5978,565.2513,-24.246769,1679.5771,374.31323,400.48932,1698.4113,470.6127,-466.27866,1646.3845,636.9212,518.55396,1680.4105,842.8537,-602.8212,1743.5688,844.0927,286.26196,1878.6698,1064.7029,-613.182,1807.7822,868.92883,268.55072,1954.8413,1115.5509,-777.62726,1816.2471,886.50824,167.46596,1970.884,1064.9261,-743.0456,1793.5295,884.04,231.97365,1938.3622,1044.212,-604.0485,1037.5576,481.1225,259.26306,1018.4784,522.69745,-258.71988,623.63965,640.8316,353.19766,603.04156,699.1385,-76.65725,241.85472,744.0046,625.7506,167.10172,812.12195,157.32996,171.54025,725.1223,641.97516,79.97113,785.90686,160.6058,218.25189,886.2437,468.59506,163.94183,960.07526,-41.789814
IMG_061.JPG,199.96776,273.7865,-103.06369,195.46596,240.55893,-151.0704,198.86047,236.75342,-150.9541,202.13843,232.57956,-151.01155,194.65984,242.68886,-88.09739,197.21483,240.64233,-88.315636,200.06699,238.71645,-88.336525,239.46509,212.35469,-252.03282,233.9452,221.10101,41.011192,234.00592,278.82742,-126.999146,232.79015,283.23865,-42.248997,389.2544,309.139,-324.60904,426.84708,271.33612,245.44734,448.37427,539.60754,-333.47037,480.65158,473.77963,348.4063,423.0324,747.1847,-256.99228,446.11096,639.28723,274.48257,381.57788,766.4489,-322.90454,401.86612,631.3246,276.46057,370.60782,746.2559,-265.6566,394.14987,643.7052,210.82147,389.51068,737.7218,-237.12607,413.47983,653.54175,241.95004,819.9022,454.28616,-179.01546,835.65753,419.13443,178.88867,1134.3014,517.8244,-31.299175,1130.8231,501.79105,291.71646,1428.0441,567.9964,128.05927,1404.6968,537.6306,521.9465,1482.4198,550.11554,137.82664,1462.773,521.2398,542.4744,1435.0778,638.41504,6.0937934,1403.533,616.75964,459.01895
IMG_062.JPG,2104.7036,632.90515,42.25054,2150.9644,592.7104,59.309803,2151.7441,582.22,59.40672,2152.811,572.08093,58.90427,2146.6775,601.6215,-45.018158,2146.0225,595.456,-45.316376,2145.2058,589.4061,-45.468403,2129.923,506.79645,165.28256,2120.3577,528.1133,-280.77252,2052.5068,604.55164,104.93603,2051.1934,611.4081,-26.35768,1803.9143,445.8747,433.53918,1876.6864,545.0294,-483.90326,1669.9143,794.8048,608.2108,1801.0972,979.23834,-479.3747,1698.5272,1004.89685,465.38058,1918.6104,1279.6122,-338.20685,1749.5139,1002.1928,448.4015,2001.4795,1329.5002,-473.52908,1777.3646,1026.4226,350.4239,2012.4116,1289.2677,-410.69946,1759.8657,1038.3856,421.16162,1971.3201,1273.432,-312.96405,1135.5013,605.6775,270.5816,1146.0841,646.4898,-269.99017,690.63995,824.2074,406.54755,703.91785,865.1089,-39.537773,246.20163,932.3408,691.8251,232.43416,981.5774,232.78587,168.37006,909.92053,710.0242,137.50214,957.1467,244.00989,200.07378,1055.1467,548.5769,233.5167,1118.6075,54.680374
IMG_063.JPG,2117.7957,649.4351,6.8417597,2166.8823,606.59393,27.13778,2168.8423,596.15265,27.287144,2171.0747,586.0745,26.754326,2160.6973,614.301,-82.962456,2159.8203,607.37006,-83.27725,2158.7935,600.58466,-83.48619,2153.0784,516.8626,141.95544,2137.296,534.5242,-331.53073,2067.9927,619.51807,72.4555,2064.0913,625.7591,-66.70982,1842.4705,451.32703,400.61063,1897.917,555.8689,-533.5477,1709.8561,808.1956,586.7837,1813.5635,993.2666,-530.32837,1728.3901,1009.00867,449.17828,1912.9718,1286.3003,-372.543,1775.2859,1012.0799,428.78906,1988.6394,1338.6991,-505.70468,1799.2687,1028.7615,333.64578,2001.0916,1302.1583,-449.58347,1781.6821,1038.7885,407.32788,1960.8679,1284.4601,-348.83603,1158.8562,610.46497,278.91302,1156.7078,654.0862,-278.2566,726.28326,823.25916,463.47156,721.28723,874.545,-27.426289,296.8048,933.35706,769.6687,254.3338,1001.5452,231.24925,217.76505,908.5437,789.3597,159.32732,969.899,243.93814,255.62332,1064.6327,642.4891,252.11052,1162.2207,67.777176
IMG_064.JPG,1955.867,582.61755,-141.1339,1980.0609,545.29456,-124.21876,1978.4705,541.00256,-123.845634,1977.144,536.934,-124.00401,1977.218,546.12885,-204.87541,1973.9219,540.539,-204.8191,1970.4653,535.009,-204.80118,1935.5857,512.3802,35.810467,1928.3986,510.07642,-312.65265,1905.5499,594.4668,-64.099014,1901.9751,590.1968,-165.05432,1637.0612,540.3174,383.92712,1725.8007,655.4377,-517.2535,1569.627,825.9135,550.3595,1727.4901,1033.2468,-563.6358,1635.2614,1001.5278,459.338,1830.4761,1248.1443,-471.0526,1676.238,1016.3684,450.69577,1884.0125,1292.5862,-594.3595,1692.1018,1029.4434,381.11752,1888.1825,1267.6642,-579.86835,1672.8794,1034.1278,426.12476,1853.2266,1249.1338,-471.13196,1057.5793,770.69147,279.29938,1095.991,832.8974,-278.52176,614.55756,911.6465,425.31317,631.2344,969.0547,-121.520584,180.93239,987.47046,640.5216,153.02132,1013.1358,76.347824,102.79938,959.7856,656.95386,73.02757,985.3558,79.44142,135.335,1128.7574,538.65894,114.17313,1173.8767,-127.41001
IMG_065.JPG,2006.2563,358.50885,-129.42188,2017.5612,320.39014,-112.27493,2013.6681,315.27267,-111.9526,2010.1025,310.50327,-111.99106,2015.8053,324.4333,-192.10565,2011.8453,320.70532,-192.32542,2007.7351,317.07693,-192.57564,1960.3137,294.99823,42.011955,1959.3413,302.55377,-305.22626,1954.379,375.2423,-59.333866,1953.6221,376.0045,-159.52888,1675.5498,386.82623,385.23383,1739.2888,441.88907,-500.65796,1643.0641,699.1747,476.32626,1730.8711,818.39307,-518.03595,1750.1521,928.22375,360.81696,1874.4117,1095.8143,-523.6495,1825.3911,929.07117,361.1594,1956.5905,1131.7242,-673.1717,1836.3905,951.9345,260.99814,1969.7312,1105.9249,-622.7481,1809.0026,961.2385,311.9008,1931.4635,1096.7605,-515.05927,1096.7515,551.13196,283.2529,1118.952,574.4404,-282.32538,649.3742,747.8281,333.0368,644.24335,757.74384,-159.79086,197.46164,832.0609,567.562,151.3983,876.78046,3.3815315,112.51242,810.8723,580.2722,55.253273,864.76715,-5.4879966,175.43645,975.23956,409.63367,158.16408,1038.9606,-266.2226
IMG_066.JPG,2068.9907,671.42206,-24.335201,2119.3955,623.6899,6.2638884,2122.8452,610.4811,6.4839144,2126.4197,597.5085,6.2971525,2109.5747,636.2198,-134.18552,2107.5671,629.94714,-134.46176,2105.2734,623.74896,-134.86725,2110.1636,514.59283,159.65051,2082.418,551.06976,-445.00146,2023.783,633.1915,57.678967,2015.5878,644.96246,-118.519745,1813.4302,401.49698,441.27557,1861.6826,564.70074,-748.2201,1801.1755,742.7237,578.41785,1873.0652,1017.8697,-836.65857,1855.733,991.4237,289.5518,2008.6476,1320.7452,-647.6964,1909.0607,1010.2577,248.86731,2085.2014,1382.5087,-801.93475,1918.4265,1025.6798,113.49342,2095.1445,1345.8219,-720.29047,1899.6409,1031.0688,226.5368,2053.486,1321.246,-609.74493,1039.0181,608.71985,317.0876,1039.7163,693.0961,-316.2599,622.5309,799.29083,731.89685,629.6098,856.9332,233.07272,201.89407,887.99384,1263.0125,191.30959,974.7862,740.2219,120.904236,864.3965,1309.9218,89.2852,949.8471,780.34216,171.75003,1004.3169,1187.0142,203.78807,1090.3524,612.1461
IMG_067.JPG,2054.1306,643.0467,26.218966,2104.4822,598.0065,57.953255,2107.039,585.71106,58.14633,2109.7559,573.74536,57.739044,2097.1033,608.6064,-77.90366,2096.0469,601.87476,-78.159035,2094.7166,595.2003,-78.44636,2091.9487,493.66464,206.65306,2072.0906,523.0136,-376.2766,2006.9354,606.35547,106.456764,2001.4447,615.2545,-64.144714,1792.3049,388.04782,469.4986,1851.2754,525.28937,-668.6521,1782.1729,733.14526,600.59155,1863.3757,980.2822,-787.61774,1847.0193,977.18036,295.4559,2005.9645,1297.4728,-631.6002,1896.0573,994.3773,264.5765,2083.3079,1364.2662,-789.3713,1911.3064,1006.20306,130.66426,2095.6274,1325.2017,-700.0573,1894.6344,1011.3427,234.50583,2055.0894,1301.8242,-593.9242,1015.81946,562.9615,309.85583,1012.25745,627.76697,-308.756,636.457,808.3517,705.8511,604.2925,821.17444,219.35966,229.32533,924.1394,1259.4384,165.95886,967.0403,720.1166,153.47778,903.25964,1308.6389,68.20831,944.9744,760.683,189.31061,1042.4252,1178.1125,168.05176,1091.0231,582.0128
IMG_068.JPG,1457.5667,791.68396,-39.872658,1474.1416,771.1504,-22.98878,1473.0833,767.6665,-22.809748,1472.1594,764.32855,-22.89632,1473.3696,772.0735,-87.083984,1472.384,768.45776,-87.027985,1471.2925,764.9399,-87.07901,1453.2927,743.78955,81.39916,1451.6924,743.5642,-205.64517,1430.1411,790.8054,8.0189495,1429.9033,789.4872,-74.93001,1301.9495,766.0506,291.3251,1330.39,769.90607,-368.6887,1289.5046,946.5482,381.0438,1307.2054,962.1276,-469.09122,1348.7849,1076.2853,189.95837,1365.5952,1114.9802,-467.20438,1391.7302,1074.3562,185.65045,1411.1678,1132.564,-543.39984,1403.3842,1084.6754,105.33137,1417.7988,1105.9797,-499.38354,1388.1909,1090.7816,150.67867,1400.1422,1104.0833,-450.2172,977.69025,859.6027,203.55936,983.6988,862.5116,-203.0982,776.7614,975.421,324.2737,756.3105,966.2417,-133.13855,558.61743,1010.4289,571.8336,515.97174,1032.6108,27.83418,517.6154,1002.9308,591.77277,470.00464,1030.8593,29.932297,527.66754,1078.2013,531.0642,490.75952,1094.641,-109.23722
IMG_070.JPG,1692.8407,981.19104,-11.70352,1708.8239,954.0265,18.991121,1706.8088,948.8079,19.184689,1704.8989,943.88416,19.06074,1709.5435,957.72266,-75.105484,1708.8096,954.4093,-75.0258,1707.8713,951.07324,-75.00336,1683.7024,914.7865,176.45367,1688.3447,925.4066,-246.24007,1664.5117,975.8445,60.31343,1665.9963,978.67975,-61.28317,1536.3342,921.71716,461.79547,1566.267,947.30615,-481.37854,1570.1478,1101.1985,593.7221,1569.7302,1136.406,-662.88367,1603.4069,1242.9155,306.8701,1614.2056,1269.7457,-581.2144,1644.5935,1249.108,310.07104,1660.6884,1287.7775,-671.90216,1644.9498,1253.5986,192.77179,1662.9275,1258.6129,-595.0492,1630.2491,1255.8093,249.00389,1644.3525,1255.3446,-548.063,1175.4908,981.81506,272.61432,1179.4216,998.63434,-272.3657,973.8974,1128.3438,446.2694,977.29443,1140.0322,-96.22829,766.73584,1192.2316,815.89844,768.09595,1211.691,306.80545,725.4334,1190.6603,848.83923,727.23755,1209.4316,338.60077,755.91705,1261.9146,750.3716,756.9042,1276.9968,204.88132
IMG_071.JPG,1407.1183,896.49835,22.606346,1433.1102,881.8308,48.078117,1433.6637,877.06573,48.32748,1434.34,872.4923,48.229717,1431.9916,882.6352,-35.63361,1432.7456,878.03204,-35.588425,1433.4062,873.5473,-35.723763,1432.8031,836.48376,184.04314,1431.927,838.27875,-197.56102,1388.5356,878.21356,85.25957,1388.8999,878.7479,-25.042421,1308.5306,774.2927,417.09787,1337.1788,819.87537,-365.55737,1308.3838,948.94934,502.49832,1352.0793,995.7547,-547.6544,1348.0098,1068.322,210.96466,1415.6083,1148.6055,-535.57367,1397.2949,1067.8549,217.62459,1473.6592,1162.6344,-626.3725,1398.922,1072.6469,123.937706,1475.6288,1136.0745,-535.73596,1383.5457,1079.5188,163.29936,1454.8336,1134.3635,-500.40616,994.3217,823.02856,241.4295,999.82043,849.08167,-240.87657,783.76996,938.4562,326.81052,792.63654,942.8225,-188.06787,572.9741,1036.6041,503.67914,534.44385,1022.2273,-26.218475,521.9885,1044.1742,512.0943,470.461,1024.0155,-35.674076,599.06055,1116.0505,367.03296,567.7925,1100.9021,-234.7471
IMG_072.JPG,1389.5924,914.24,2.197352,1416.274,901.6636,27.12691,1416.8315,896.66656,27.341148,1417.5,891.8848,27.237173,1415.3037,902.8371,-56.01362,1416.3525,898.34143,-56.002785,1417.2861,893.96967,-56.08237,1417.0037,855.4869,160.79738,1417.143,858.0453,-216.67442,1371.7246,893.53296,64.16799,1372.5813,894.632,-45.113396,1297.7345,786.34985,387.00946,1320.0596,829.4746,-367.1845,1294.7723,957.49164,477.53622,1333.638,1010.6851,-559.65704,1329.6234,1075.0485,185.98828,1395.5796,1163.5844,-550.60236,1381.458,1075.197,189.40213,1455.5305,1179.6821,-642.6473,1382.8435,1080.3668,95.04069,1458.0151,1149.5881,-551.82324,1366.9346,1086.8209,136.34799,1437.5298,1147.4097,-515.1281,987.15314,818.841,227.92427,988.2017,844.6836,-227.59256,767.81714,930.5032,311.98276,780.8347,943.9489,-165.67096,553.89404,1018.12665,488.34073,528.32263,1023.78485,5.2374496,507.00806,1021.9763,498.25885,469.6047,1023.8287,-0.7855289,567.2999,1097.4358,357.11002,553.7273,1104.2356,-185.52628
IMG_073.JPG,1541.4849,909.3389,16.08521,1555.9429,898.74066,42.906593,1557.2766,897.59845,42.986176,1558.7194,896.5169,42.800186,1552.3062,894.919,-11.063353,1551.0203,890.58246,-10.96895,1549.6973,886.39404,-10.999521,1556.384,876.48975,165.42885,1544.5446,864.2492,-76.90336,1530.0759,904.4321,67.50467,1526.2933,899.66534,-2.6275196,1473.6313,858.7177,346.0664,1492.968,856.29846,-250.40991,1417.3547,949.09515,435.0508,1459.9921,972.72266,-359.51108,1457.8296,1037.759,315.42532,1482.6567,1085.91,-319.0054,1477.4553,1056.9382,337.24582,1483.6243,1107.6724,-363.42426,1487.3582,1066.1879,287.10355,1496.5398,1109.6124,-336.1864,1479.0869,1060.5802,288.96286,1493.5052,1100.7095,-304.26157,1278.9929,933.008,185.42905,1284.7906,929.19037,-184.87006,1122.9587,991.80725,224.35013,1135.5391,975.88165,-190.78523,962.21545,1026.2604,304.08386,957.4921,1024.9645,-151.85188,925.9807,1017.92993,306.03238,916.1821,1012.3493,-154.59175,961.8268,1099.9147,249.96066,949.8845,1105.3522,-250.58197
IMG_074.JPG,1533.7147,998.88086,-28.073843,1544.3054,982.64453,-7.7948403,1544.8091,979.7148,-7.591252,1545.4161,976.83374,-7.749142,1540.102,983.81146,-66.16782,1537.6216,981.15875,-66.15624,1535.0885,978.5515,-66.07588,1534.719,957.7538,96.3217,1521.4902,960.8732,-167.02303,1519.0581,996.5271,18.300545,1514.4395,996.9899,-57.53837,1442.3909,946.2947,274.96677,1455.7684,982.8381,-308.2038,1400.6606,1043.2654,407.15137,1434.4368,1113.8386,-403.82108,1433.4584,1139.5859,326.00256,1465.6096,1222.396,-416.06198,1449.468,1156.4421,350.3983,1470.8293,1242.8966,-477.3032,1457.9497,1163.2979,297.7715,1482.2329,1243.0438,-454.76434,1449.9615,1161.8467,301.74356,1476.7512,1234.7969,-404.8493,1251.2302,1042.7982,183.12286,1260.6526,1058.4465,-182.69264,1091.6918,1080.7035,259.2689,1100.9205,1100.1023,-207.96043,940.14685,1115.2844,362.58826,932.8209,1124.073,-190.55249,903.457,1113.5131,367.38834,896.95135,1114.9603,-196.88377,950.58716,1171.4009,287.15234,921.3695,1182.2551,-330.24725
IMG_075.JPG,1533.7053,964.81964,87.89337,1540.2874,946.7906,111.100624,1539.9009,944.1637,111.30051,1539.6454,941.5858,111.106606,1537.3639,948.50055,50.437004,1534.6827,946.51843,50.40419,1531.9583,944.5504,50.38917,1524.7797,929.2614,217.91779,1514.5032,933.0843,-53.415207,1518.2949,968.08746,135.44585,1514.718,969.18115,57.131084,1430.9595,944.0773,390.0005,1455.0076,966.737,-226.24785,1399.0667,1056.0225,465.60492,1420.6089,1102.781,-336.22803,1430.46,1150.3538,330.49146,1455.0913,1210.4088,-349.40063,1445.7216,1165.659,349.0082,1466.0975,1230.1321,-408.98462,1455.3738,1168.301,293.5775,1474.1005,1224.2495,-379.4649,1448.911,1167.0264,302.74347,1466.6443,1217.6194,-336.2298,1249.8153,1033.1112,195.00435,1265.7405,1042.5665,-194.49884,1087.7383,1069.0896,229.8837,1103.177,1092.0698,-242.78394,933.2234,1105.0465,304.41425,933.1487,1123.1335,-234.64966,896.7926,1103.8278,306.30368,896.9606,1114.8506,-240.90416,941.33374,1157.0807,211.39128,922.2491,1181.344,-387.0862
IMG_076.JPG,1308.3273,788.6375,164.31523,1323.8268,776.96277,169.67148,1324.6185,773.21735,169.91551,1325.4598,769.52075,169.7759,1321.7814,780.86993,121.384834,1321.5492,779.62335,121.435036,1321.2648,778.3472,121.40302,1322.9991,749.5019,194.08423,1318.1477,762.18604,-22.785872,1296.9481,779.6762,183.69858,1295.3414,783.56006,120.86051,1233.083,700.7197,316.59235,1262.3512,762.8447,-153.6826,1159.6926,769.43005,472.66373,1204.525,865.20984,-172.96487,1166.2844,853.3973,474.65186,1210.8328,955.7781,-87.789734,1184.8252,859.1948,506.19495,1229.3385,972.12634,-118.792076,1191.2345,871.36755,453.81726,1234.9274,963.62317,-77.20616,1184.595,874.62823,454.83514,1225.524,956.10583,-67.0759,1035.4473,737.8633,143.91357,1048.5797,774.3017,-143.86517,889.65717,803.27466,198.74503,899.5119,839.9479,-93.02771,731.0188,839.1204,271.42386,731.5851,875.63824,-50.131393,696.5432,833.72595,277.268,695.65845,866.13605,-51.671127,736.349,894.9105,245.86545,735.52716,941.04944,-109.281815
IMG_077.JPG,1595.2021,906.05707,113.79327,1608.5903,893.7878,136.53337,1609.5728,891.56903,136.76152,1610.6301,889.38763,136.58752,1605.3917,893.51227,88.42331,1604.3018,890.4272,88.58776,1603.0701,887.4646,88.65635,1605.4844,870.79,212.36098,1595.9397,871.10443,-1.7927843,1582.7947,902.03436,148.09325,1579.2822,900.05914,86.07077,1517.9467,819.6967,344.1823,1542.3696,898.6747,-167.99841,1447.125,883.6107,546.71655,1491.657,996.77106,-203.21455,1473.9734,985.1254,656.6479,1513.7183,1090.5288,-75.80106,1493.9214,1001.0452,718.6936,1524.2349,1104.6031,-94.7267,1500.4779,1013.1711,671.94385,1531.9438,1103.0621,-59.661194,1491.3132,1011.8756,640.6649,1524.8848,1095.4039,-55.053783,1319.2009,888.36365,165.52733,1327.1245,931.14636,-165.40228,1170.1771,953.94965,228.4101,1165.8314,989.94824,-174.95645,1014.4504,986.52295,351.9685,995.8904,1006.24335,-198.65373,983.33374,977.48444,363.88312,962.6663,986.3134,-205.0577,1009.9192,1060.4758,358.17825,984.0323,1093.3861,-274.2819
IMG_078.JPG,1574.4545,893.17914,16.810528,1589.0907,880.9556,39.441612,1590.4392,878.91235,39.677174,1591.8524,876.9206,39.50195,1584.8967,880.08716,-8.572615,1583.3726,876.9212,-8.509906,1581.7815,873.8614,-8.551093,1587.3999,857.11554,138.63492,1574.8346,855.94446,-75.873886,1562.7301,888.5542,61.18893,1558.1305,886.34283,-0.8216799,1498.5183,811.7801,296.3342,1520.4387,877.3321,-211.54375,1434.7003,885.598,450.11505,1470.3926,982.6923,-256.19342,1464.7076,969.75214,470.7396,1486.7231,1077.617,-171.24239,1482.1987,982.7059,510.9814,1492.981,1093.8666,-201.17729,1489.2913,994.2661,468.66714,1500.8624,1093.7817,-173.238,1482.4097,994.1615,453.493,1495.6001,1085.9728,-155.29184,1298.9766,876.48694,159.61452,1304.9944,911.60706,-159.39272,1153.1951,942.089,219.27481,1151.4216,957.7091,-144.46881,992.43195,972.46216,332.41925,984.56104,987.9365,-113.9534,959.94934,962.38965,340.19925,951.07886,972.49896,-114.91685,985.2926,1039.8245,304.21588,972.20984,1059.8173,-197.09436
IMG_079.JPG,745.0088,289.5508,41.121857,759.7551,281.0891,55.78253,761.312,278.19467,55.97399,762.9146,275.30438,55.84547,756.2032,282.69394,13.2548485,755.7303,280.50928,13.274211,755.22516,278.3879,13.241891,761.15436,254.7502,106.52877,751.7019,259.82916,-80.269875,734.0398,278.9336,67.60826,730.8883,280.11563,13.341497,675.08875,201.56052,212.77518,696.0099,257.11075,-162.59012,605.7724,279.39032,327.8531,632.1746,358.91693,-167.50407,611.36804,353.06317,315.2548,644.47345,450.72562,-83.09367,625.68146,358.95544,328.05228,660.554,468.60028,-101.61075,631.7965,373.38733,294.1838,666.96576,462.45023,-76.60897,626.2435,375.89542,302.0276,658.0413,455.391,-69.05915,475.493,241.4038,113.26928,483.98746,268.90634,-112.911446,327.6519,297.43155,168.17137,334.00662,323.30072,-47.333916,175.90097,323.55225,265.37253,172.11588,363.22452,33.645844,145.85538,313.78992,270.76355,138.04877,354.2536,37.14669,170.68361,368.68066,223.77292,171.95627,415.5209,-19.22321
IMG_081.JPG,744.3407,680.33325,-53.47878,730.25507,648.94507,-121.94076,732.7353,645.365,-121.88793,735.14374,641.2508,-122.15817,729.9978,645.4816,-29.958332,732.1707,640.45337,-30.02059,734.7141,635.6211,-29.899767,769.35364,613.93256,-289.0961,766.30676,608.2765,132.19698,782.8144,683.1393,-99.009926,781.7639,682.02374,22.135078,932.66174,684.847,-488.9416,979.5686,648.9496,458.06516,969.14197,934.5871,-578.905,994.3979,869.50665,541.02686,939.38586,1147.1747,-492.44196,966.7032,1040.3539,267.429,885.78064,1156.266,-579.8039,919.80786,1022.89087,268.97424,879.2591,1130.6642,-491.00357,906.8153,1038.5461,168.72223,899.7235,1126.9707,-458.03577,921.6107,1054.5267,214.26056,1355.4327,832.91394,-298.84546,1377.1257,794.4291,298.5024,1664.8564,937.2566,-262.29318,1651.2393,888.25635,495.54645,1972.3623,993.5249,-162.39601,1919.7563,918.7761,812.2466,2034.0549,975.2545,-163.74649,1975.6091,907.5875,841.6698,1964.3822,1095.3555,-385.5183,1915.3745,1018.0127,721.718
IMG_082.JPG,1522.4941,949.0536,179.26874,1537.706,936.24915,193.85278,1538.3396,932.88934,193.86963,1538.971,929.7885,193.58269,1536.9326,939.72046,144.90656,1537.433,938.7251,144.89027,1537.8302,937.6549,144.75154,1538.5841,913.3446,252.53755,1537.6324,923.81696,33.402534,1512.4769,942.98956,204.65192,1511.2933,946.71136,141.4559,1473.4907,897.08203,342.05103,1493.459,938.5316,-80.34352,1484.6753,971.12744,495.38568,1506.7834,1051.1682,-203.77776,1517.173,1038.3514,494.78894,1529.5251,1135.7208,-240.88159,1536.8513,1046.7936,511.06522,1550.1556,1155.1804,-300.4208,1542.2272,1053.9264,471.84277,1555.9053,1145.879,-267.82755,1535.3285,1054.9594,476.83926,1545.8254,1141.175,-229.31007,1296.1364,891.6808,139.69286,1299.3066,901.51874,-139.4977,1145.0979,969.3929,86.85574,1147.8542,988.8518,-202.72041,984.9514,1008.8215,96.902725,996.6525,1019.9573,-181.17462,955.95026,1002.4622,92.62096,970.5049,1011.5818,-181.04906,960.0248,1061.8439,1.2567378,977.11804,1065.5701,-275.4833
IMG_083.JPG,1497.8872,889.42737,27.769983,1513.4218,877.64185,44.661003,1513.1431,874.3315,44.68901,1512.8806,871.18604,44.48019,1514.9005,880.7695,-5.74212,1515.9934,879.4813,-5.5359945,1516.9423,878.2701,-5.6196446,1511.1257,850.7953,133.84723,1516.8073,861.26117,-96.56727,1486.1957,880.52264,68.17113,1487.9882,884.126,1.8034079,1448.8756,817.5235,277.6493,1461.8252,874.20435,-211.84323,1468.7637,903.634,391.07834,1481.9238,987.83093,-373.04022,1505.3362,991.30176,285.05362,1522.8478,1085.9343,-374.33893,1525.6167,1005.9519,297.22266,1542.7454,1107.2556,-432.91,1529.8508,1008.9838,245.79922,1549.093,1096.0496,-389.5003,1520.8481,1007.34235,261.05136,1539.4387,1088.517,-355.98862,1232.3027,843.2956,160.57838,1228.6631,872.97046,-160.44235,1088.4255,904.02295,246.05788,1107.6162,974.7311,-150.29085,942.6641,940.87476,356.20407,937.4197,998.0023,-86.34553,914.4219,935.3674,363.09827,906.6199,982.3619,-84.74419,931.66437,991.242,306.20175,921.4554,1061.3378,-157.29306
IMG_084.JPG,1540.8022,882.17786,86.289635,1555.5906,868.95105,102.35863,1555.935,865.70856,102.36725,1556.3064,862.5597,102.17865,1555.6964,872.8158,56.763653,1556.3043,872.23676,56.879234,1556.7915,871.7846,56.726273,1554.702,844.6888,161.70306,1555.318,858.87024,-41.21651,1530.0503,876.8745,114.74075,1529.9385,880.478,56.85647,1485.2721,811.9135,284.89966,1502.6923,892.8712,-189.03717,1461.5608,861.8088,478.6076,1505.6509,983.80927,-366.65143,1502.0001,944.0947,582.8123,1544.4691,1069.5872,-433.6494,1519.1819,953.83856,618.48285,1558.1183,1087.777,-482.38788,1526.1143,962.2126,583.07904,1562.8674,1081.2507,-456.38583,1518.6818,964.24634,570.5757,1555.9858,1073.9022,-422.32346,1278.8625,863.3718,150.33572,1272.0193,902.7974,-150.10591,1133.919,919.4167,186.41283,1130.3479,958.1884,-171.39122,980.6195,935.1034,271.81732,950.7378,973.98016,-193.40268,952.3221,926.8806,275.71527,915.85657,956.0705,-198.40349,970.287,976.55316,230.28049,940.0397,1040.671,-271.92593
IMG_085.JPG,1068.0527,978.88763,148.85861,1052.2932,978.11115,93.522415,1051.9762,979.0241,93.40996,1051.5444,979.6382,93.42391,1051.819,970.0894,139.1199,1051.0332,966.0114,139.21767,1050.5142,961.85504,139.24895,1054.448,972.052,-79.93379,1053.5068,946.55066,134.2211,1081.4219,978.606,94.68477,1080.2139,970.9707,156.90662,1103.4985,987.4625,-222.58289,1127.2426,884.7217,240.8978,1119.7365,1089.5934,-262.6687,1201.4436,875.64185,446.73578,1076.7167,1179.1053,-290.8672,1202.5461,928.6788,641.2584,1065.5739,1198.8118,-349.3684,1205.2521,937.77893,703.0709,1057.4324,1198.805,-323.76617,1197.3656,946.17053,663.64026,1063.6705,1189.0472,-283.5247,1194.2437,945.5783,630.9888,1325.7229,959.0549,-142.30725,1330.6355,911.7779,142.55794,1469.8163,1005.41675,-103.73476,1466.0875,974.32806,318.66412,1630.5878,1045.3473,-28.02089,1607.9175,1006.12756,479.5979,1664.1193,1039.2393,-24.37452,1637.4802,1001.2595,493.79022,1649.1505,1107.3484,-108.00923,1632.2356,1058.9796,439.60864
IMG_086.JPG,1068.8832,983.5661,33.21285,1053.7733,984.7829,-21.184933,1053.5875,985.514,-21.13554,1053.3313,985.9509,-21.028507,1052.7073,977.64026,27.545317,1051.6301,973.8624,27.405073,1050.7158,969.9258,27.384167,1056.2477,976.0669,-194.35568,1052.5951,952.8095,35.294033,1082.125,979.78503,-23.368166,1080.4894,972.7664,42.823444,1109.4615,986.2073,-336.82062,1129.5852,881.1432,118.57944,1125.3142,1095.3237,-431.94333,1244.2156,852.0477,170.29312,1074.7927,1192.9421,-505.94968,1340.8201,850.70856,102.63226,1062.9211,1214.5344,-583.1274,1371.2087,846.4259,113.11325,1053.4813,1212.9072,-554.3229,1364.5127,846.8847,62.401054,1059.5114,1201.7599,-499.2232,1350.3201,851.9618,82.81645,1323.0637,958.2586,-151.13756,1322.1992,915.8457,151.44206,1479.0293,1006.2276,-128.34364,1460.5579,986.94037,256.95874,1639.9518,1052.2559,-20.90927,1602.8745,1036.7395,464.61395,1672.0488,1047.4309,-17.58909,1634.6152,1035.5413,476.43005,1657.3224,1115.0574,-157.13858,1616.6768,1089.7733,359.91794
IMG_087.JPG,685.9244,269.57382,68.038345,699.2619,261.21887,70.329056,699.7665,258.05878,70.47869,700.36053,254.96155,70.41213,697.921,264.9567,38.74998,697.9329,264.01428,38.78539,697.9033,263.13788,38.663574,696.6508,238.26263,85.74623,693.6531,250.16418,-53.96361,673.8926,261.7075,81.92304,673.52374,265.0152,41.413578,623.051,187.63258,173.4506,638.2718,266.82147,-142.29607,604.9296,277.72336,292.86124,600.8481,377.85037,-168.81242,626.80865,377.88055,302.10278,639.9578,471.5851,-110.24278,643.07416,388.82346,316.50592,659.57904,487.0715,-135.16049,647.12775,397.2208,275.49414,667.301,477.67746,-113.10189,638.75806,398.9545,287.38107,656.8557,470.7659,-97.252754,409.96298,261.37643,107.728836,412.08563,304.15094,-107.4737,268.1432,335.98282,164.47858,264.954,367.37674,-35.300465,121.40969,372.92035,267.66336,98.89475,395.1638,11.862116,89.58957,362.96695,275.01767,60.811806,381.79343,10.812745,126.80304,431.17096,232.99191,110.71332,459.8629,-46.55361
IMG_088.JPG,737.23724,234.56265,61.687923,750.77606,225.30219,67.38632,751.22095,222.11403,67.486465,751.7351,218.95349,67.31035,749.69,229.36455,34.003662,749.73267,228.53166,34.010845,749.72906,227.77214,33.86215,745.9861,203.38454,78.17161,744.1128,216.33354,-65.01222,724.1755,228.57848,72.631165,723.5557,231.37137,31.34236,657.3111,157.71428,170.51653,682.0695,239.70255,-166.14839,620.3123,246.65413,329.3949,632.83057,352.17166,-162.61374,648.425,343.23752,408.20584,678.8401,440.81726,-80.09048,663.7124,357.2622,431.19653,696.5104,460.4268,-101.11912,668.24854,364.41974,402.67972,705.80316,453.91452,-85.072266,661.1914,363.11887,399.58002,696.16833,445.55655,-69.74085,431.42993,222.19946,109.85819,440.68994,265.32578,-109.56962,288.89594,300.5545,167.66103,291.4887,326.54172,-16.515268,151.83806,347.77274,276.43506,135.77087,364.05338,73.609924,123.24019,340.0172,283.71896,101.618996,352.85205,76.84282,156.57478,404.15543,245.71808,145.95042,429.0416,31.044806
IMG_089.JPG,339.7595,282.18814,-35.714653,336.859,263.46356,-65.74076,339.20566,261.59622,-65.68391,341.4491,259.4497,-65.735016,335.11154,263.3536,-20.875767,336.16476,261.17044,-20.865873,337.44476,259.1227,-20.717335,364.92743,247.58098,-130.79144,357.52103,248.40254,75.86122,362.2988,286.04196,-53.132236,360.00137,286.6446,6.3088336,461.11044,292.24686,-234.13617,482.49905,281.77792,229.60077,458.14838,445.80212,-302.8912,489.71606,427.5466,247.2097,454.362,594.698,-309.8468,471.00854,554.12506,123.25507,425.79428,608.5276,-372.0746,438.2879,552.7978,123.951706,422.64166,598.1566,-320.25113,436.1825,559.44196,58.284565,433.62988,594.2218,-293.9937,449.42743,562.64984,91.90083,750.68494,357.68814,-154.53052,750.3676,351.3246,154.70299,969.1999,453.08145,-97.06552,947.4363,441.75845,190.73463,1185.6113,504.20834,-27.071999,1143.4196,494.5459,290.08414,1228.6039,491.9096,-27.086906,1185.4501,487.3575,297.46356,1177.1023,574.9919,-146.82295,1138.3679,573.8579,215.66136
IMG_090.JPG,759.77716,131.88547,-59.100826,773.04596,118.43268,-47.030853,773.8558,116.69515,-46.879444,774.73816,115.04649,-46.99789,769.02423,117.25423,-86.98913,767.18024,113.97016,-87.0073,765.2688,110.763145,-87.09567,763.355,95.965836,19.077139,751.43243,91.58779,-155.78645,742.1653,128.13351,-27.965685,737.9239,125.74881,-78.42763,666.47253,63.506405,137.97359,671.7991,113.4805,-228.5654,635.76654,138.3649,258.94968,657.00574,245.94008,-248.40767,670.57697,218.83804,253.9233,714.2971,337.18478,-195.00078,690.86597,227.88873,261.84937,735.732,356.33072,-233.08138,696.13324,237.53856,223.9577,744.7877,344.76028,-216.61383,686.0016,238.31476,237.75623,732.49023,335.8365,-186.83556,441.93784,116.8322,110.04826,438.09924,140.36478,-109.91213,293.81052,178.96652,176.51706,292.28973,205.70444,-33.922863,154.81622,219.62273,279.62408,144.00005,244.62088,57.643505,123.61841,211.58563,286.23495,109.601875,235.92146,61.01246,152.33289,280.8353,240.3961,145.29851,300.80695,-1.5999132
IMG_091.JPG,1629.8318,948.19604,-26.742012,1645.979,933.9344,-4.578639,1647.7577,931.30817,-4.408373,1649.6267,928.734,-4.6205354,1641.1609,934.0281,-61.686653,1639.6436,930.8453,-61.682465,1638.0471,927.76404,-61.715145,1646.0256,909.6339,87.82586,1630.8527,909.18665,-163.49802,1617.2753,944.5499,13.890211,1611.6819,943.5091,-58.32814,1552.686,897.4348,267.80545,1567.041,920.66296,-316.3441,1492.6523,977.4946,461.31808,1553.3972,1048.1243,-437.88806,1532.3147,1071.0884,483.97595,1581.7627,1158.3743,-410.82065,1551.4036,1090.8584,522.04834,1586.1041,1179.5679,-449.27563,1558.408,1100.7034,477.20718,1594.4236,1178.7771,-428.96286,1550.509,1096.7251,464.84723,1590.3114,1168.6505,-398.94275,1346.0042,975.245,172.15675,1347.4404,984.5796,-171.77124,1173.1847,1012.3211,210.0926,1182.4082,1026.7738,-159.1222,1014.2047,1043.1125,319.64865,1008.733,1064.4261,-65.63208,981.41815,1035.3679,324.10297,974.8928,1053.8284,-64.83199,1005.0807,1112.3494,247.98734,989.45795,1134.0969,-167.67267
IMG_092.JPG,797.32904,265.88293,-67.04267,809.861,249.68369,-62.28629,810.28766,247.95311,-62.05665,810.829,246.32791,-62.157192,805.8915,249.63718,-95.02555,803.5244,246.914,-95.06682,801.0592,244.29411,-95.14666,795.93176,234.7596,-12.237281,783.06647,231.88867,-153.2657,777.25354,269.48953,-40.590714,772.7673,267.5366,-81.452805,686.6245,242.68031,107.92072,694.6565,283.23267,-235.76245,657.7596,348.86633,214.7048,683.6867,436.7952,-250.0681,689.8322,435.7292,206.25322,737.74713,557.5998,-219.7958,707.4184,440.6324,205.10117,755.2127,580.25867,-266.44528,718.35016,448.98215,160.4088,770.4066,571.0513,-252.52,708.1872,452.7585,187.76889,757.97003,563.09186,-214.20409,437.15884,366.20712,106.55664,440.01767,385.42868,-106.12466,268.54938,415.31287,193.29373,270.31326,440.2956,-2.9516535,105.54555,445.99704,323.20142,89.35665,458.17776,105.69613,69.71708,436.69016,333.111,46.758465,448.21606,111.23475,99.736496,492.66275,286.11856,92.98482,507.88388,35.677666
IMG_093.JPG,658.7552,386.78696,25.872107,640.6063,362.60825,-25.710873,640.22235,357.76596,-25.518642,639.7214,352.5726,-25.447765,644.3539,364.87146,37.955635,646.64246,361.91504,37.887917,649.0941,359.10974,37.959297,657.20593,320.8378,-145.77373,667.2758,330.36108,148.03612,682.07153,376.879,-6.059715,685.97687,380.96045,78.920944,754.2723,343.4742,-267.7537,829.646,325.9092,332.4842,786.53674,561.4116,-301.9734,899.9469,507.0059,413.93854,795.9533,776.017,-262.79492,897.7913,676.87054,363.54523,775.8135,804.2124,-316.20642,870.9734,689.4661,402.09204,766.8929,800.98737,-265.51523,859.2785,701.99036,345.56693,777.50806,788.87994,-243.50398,867.9991,702.1345,340.56104,1107.6345,449.1151,-199.83582,1121.4574,434.0726,199.55518,1406.2094,556.0707,-171.16182,1386.2109,525.18286,190.6371,1693.666,607.1546,-153.86285,1654.57,574.8506,282.94434,1746.1759,584.3531,-161.12009,1708.4337,560.1522,287.0193,1707.191,709.0014,-308.32565,1665.5219,680.93445,206.7025
IMG_094.JPG,625.89276,375.5465,-118.23196,608.22424,348.18024,-158.78076,608.68756,341.61847,-158.63013,609.04395,334.7123,-158.62462,610.13464,355.7923,-104.384,611.6365,355.55365,-104.37804,613.30273,355.50778,-104.30876,629.8224,305.40317,-213.47673,633.3262,331.40665,40.32706,653.03516,364.6906,-124.27141,654.0532,376.54913,-50.94469,733.61957,350.73187,-308.34293,805.6304,329.59726,258.44382,767.08374,582.7496,-332.10455,872.77124,510.43677,324.51486,796.1607,805.90424,-286.25497,865.2873,677.1603,267.69348,781.655,836.1592,-340.0613,839.0474,685.7523,293.21283,772.5516,833.8086,-292.68414,827.52057,699.21893,238.85617,783.21375,821.328,-267.29977,838.4537,699.8331,245.1,1098.1858,465.69174,-189.85307,1110.2218,445.79895,189.52986,1386.8818,554.2442,-111.38055,1361.612,525.2049,249.99194,1659.935,594.8228,-42.153088,1605.6238,569.6479,387.2928,1712.5438,569.7821,-41.953995,1657.0936,553.9996,397.73962,1677.3969,691.9524,-170.6408,1618.5634,676.9987,331.9432
IMG_095.JPG,207.53519,300.39813,-45.82403,192.73544,285.78528,-87.80331,193.05267,283.22116,-87.84368,193.37117,280.34003,-87.98487,192.4772,284.22137,-37.87118,192.78886,280.49194,-37.94164,193.34209,276.87732,-37.927654,204.82903,255.21114,-183.57944,203.33273,252.27351,48.747807,227.80678,293.00952,-71.77826,228.3696,291.13824,-4.730262,316.32883,249.44281,-275.45276,330.95984,252.50743,227.47615,360.3217,380.25983,-344.54892,370.05692,375.51004,288.71402,358.3262,516.7015,-302.79688,372.95956,481.10696,143.86082,326.61584,526.5048,-355.6131,345.5061,478.7911,139.29295,320.13516,515.0124,-309.35196,337.57632,482.85767,83.38838,332.52982,511.75943,-285.53174,347.25818,487.95374,114.061554,583.1497,320.13934,-152.47165,584.4044,318.30157,152.38135,771.13635,388.20676,-48.197506,758.3379,385.10806,252.00452,958.34033,433.22986,76.87066,931.3639,416.81717,403.99286,996.7697,423.7604,82.70341,969.88745,409.04327,415.85654,952.8081,493.6316,-31.963953,926.7861,477.77902,329.40137
IMG_096.JPG,214.36412,299.40723,-37.42738,199.28595,285.325,-80.29704,199.65068,282.9594,-80.3707,200.01694,280.27524,-80.53581,198.75552,283.35907,-30.851133,198.9012,279.65396,-30.915619,199.29605,276.04205,-30.913332,210.90315,256.68802,-179.86674,208.59384,252.6892,50.708138,234.04225,292.8959,-64.15232,234.21066,290.7571,2.3874834,319.58105,253.34227,-276.43466,333.12943,251.07619,232.05325,361.1249,386.95886,-338.05148,366.71988,377.42514,294.51974,362.33032,519.9798,-283.38846,370.1476,485.4863,146.36266,329.8278,529.91516,-334.67078,342.08334,483.3181,143.65881,323.7641,516.04175,-286.5018,334.03653,487.46515,85.36627,336.27432,512.81146,-264.82596,344.06052,492.79022,115.93967,589.48395,316.92056,-154.74855,590.9108,312.21536,154.62648,774.59357,389.99646,-35.6961,762.90027,382.4651,260.82874,957.543,434.77017,97.857994,931.6624,418.2075,417.38998,995.928,424.48035,104.572845,969.6887,411.37473,429.65363,949.59875,494.53192,-7.2925415,925.96875,478.83914,344.96707
IMG_097.JPG,941.9741,767.0964,93.812675,924.32715,750.22034,46.60651,924.38,746.9076,46.701553,924.37213,743.1851,46.509464,925.16846,748.9383,115.92085,926.2575,744.6551,115.979774,927.57776,740.39856,116.2499,935.87897,715.94904,-82.2034,939.4025,713.3318,237.71953,962.51965,759.19855,57.214745,963.9206,757.8485,149.20761,1033.3096,721.05273,-245.62836,1083.3057,694.9926,449.49182,1073.0885,873.34106,-289.7172,1118.1348,836.5521,511.8003,1085.9866,1024.8975,-253.389,1116.769,965.8698,318.8847,1044.4673,1028.7937,-313.62766,1080.9651,953.3841,338.92627,1042.9374,1007.14514,-242.9296,1072.0219,966.88275,262.4249,1055.8148,1005.864,-225.68938,1079.4692,979.44275,280.8569,1313.6816,780.53784,-223.33067,1333.0927,756.8678,223.1642,1570.1478,871.5254,-221.40884,1559.0807,848.2509,226.78416,1811.7094,934.9705,-217.81374,1793.0051,900.3251,340.74176,1855.2891,923.76544,-225.65704,1840.1925,895.5404,346.6644,1817.3776,1016.59814,-387.44308,1796.3389,983.7338,230.13983
IMG_098.JPG,936.6735,769.65173,107.80605,918.06085,753.50964,57.133835,917.7744,750.5118,57.221798,917.42865,747.08575,57.006584,919.07544,750.93463,126.4294,919.90344,746.07263,126.44562,920.9816,741.2469,126.642105,927.03436,719.2907,-81.709404,931.17285,712.59,239.0112,956.3738,761.4056,67.454605,957.833,758.5802,159.80379,1027.0638,720.9922,-248.29791,1076.3538,696.15295,452.52942,1069.6985,876.969,-301.83228,1110.6992,842.33057,512.4586,1083.6311,1027.467,-242.82666,1118.872,965.83124,319.83652,1043.0947,1033.9823,-298.68222,1086.7284,955.46204,340.45862,1040.063,1013.23706,-229.19089,1076.1992,967.7322,267.85532,1053.1521,1010.1985,-214.7812,1082.5289,979.8767,283.1455,1311.3654,781.86743,-220.15294,1331.1538,758.60004,219.94693,1570.3815,876.6212,-205.17749,1559.6464,849.9237,245.62657,1815.2299,936.6274,-187.40579,1794.2098,900.01886,358.74393,1858.1018,924.0035,-191.8694,1838.8517,894.88605,366.13242,1825.98,1015.9677,-337.3769,1807.5048,976.7559,258.16718
IMG_099.JPG,744.73706,598.9227,-311.46576,726.16785,590.7848,-365.7517,727.69354,588.2849,-365.6544,729.29346,585.3809,-365.79633,720.8142,587.1011,-305.32434,718.9275,582.82495,-305.24017,717.45074,578.59094,-305.4377,743.90186,556.5855,-511.82666,726.56995,549.26276,-226.30846,773.2109,584.9444,-350.87778,768.3495,583.73004,-267.07312,897.926,526.4747,-591.1557,825.83276,484.57495,10.529431,983.2125,694.6434,-594.3514,850.2172,614.6289,354.45422,971.92,841.6925,-515.78064,819.1995,728.44714,425.42462,948.0617,877.1433,-599.623,776.00006,734.95734,429.19724,926.699,858.98553,-569.50775,773.0232,745.2513,357.94852,935.6589,845.3841,-504.84012,796.2638,745.64557,395.2832,1181.6797,535.7669,-183.66725,1142.821,509.9942,183.66975,1329.2201,587.2327,384.2146,1287.0308,583.2379,717.8864,1467.7502,614.2546,974.4308,1412.9995,617.852,1287.0873,1493.2855,597.493,1034.7793,1441.4718,604.1348,1350.2025,1481.3179,696.1349,980.05005,1427.2164,696.7378,1317.7593
IMG_100.JPG,751.9818,591.6701,-347.11945,733.4378,582.03394,-395.50638,735.2448,578.6435,-395.3825,737.1161,574.939,-395.51797,727.46484,581.375,-335.8919,725.3473,578.5231,-335.7234,723.62164,575.7538,-335.9164,751.7279,547.11365,-519.55493,732.0269,548.9674,-237.77469,780.62787,577.47797,-379.33267,775.1744,579.86755,-296.42548,910.9017,526.18475,-597.09503,822.0296,487.31284,0.9594174,996.62695,704.40247,-631.40045,840.33386,609.93567,370.57965,984.4029,843.42206,-583.0412,831.0846,716.9942,444.29306,966.04065,877.052,-667.067,800.32043,727.16364,436.37103,946.58325,857.07935,-648.6541,798.2184,729.6322,369.43292,953.42615,843.4288,-576.4089,819.052,729.4465,415.2977,1202.9604,550.083,-181.59256,1159.4182,528.61273,181.62807,1356.1427,594.97833,354.52664,1299.083,601.5879,696.0597,1497.5137,612.89026,909.41364,1420.3123,623.1928,1250.6384,1523.4841,593.2089,965.9045,1446.5425,606.57416,1310.0991,1518.3054,696.5485,903.9963,1438.6099,703.00494,1272.4954
